"מועדון","שם","מפתח","סוג","ממצא","פירוט","עונות במאגר","עונות ויקיפדיה","עונות התאחדות","עונות worldfootball","עמדה מאגר","עמדה ויקיפדיה","עמדה wf","לידה מאגר","לידה ויקיפדיה","לידה wf","תיקון מוצע"
"ביתרdle","ארצי בן יעקב","","עונות","המאגר קצר מדי","חסרות 68/69-69/70, 71/72-74/75","70/71","68/69-74/75","-","-","FW","MF","","1946","1946","","""ארצי בן יעקב"": { ""spells"": [[1969,1975]] }"
"ביתרdle","ארצי בן יעקב","","עמדה","סתירה","מאגר: FW · ויקיפדיה: MF","70/71","68/69-74/75","-","-","FW","MF","","1946","1946","",""
"ביתרdle","דני נוימן","","עונות","המאגר ארוך מדי","ויקיפדיה לא מכירה 82/83 — ייתכן שאלה עונות השאלה","71/72-79/80, 82/83-83/84","71/72-79/80, 83/84","-","-","MF","MF","","1955","1955","",""
"ביתרdle","אורי מלמיליאן","","עונות","המאגר ארוך מדי","ויקיפדיה לא מכירה 89/90 — ייתכן שאלה עונות השאלה","73/74-89/90","73/74-88/89","-","-","MF","MF","","1957","1957","",""
"ביתרdle","שלמה כירת","","עונות","מקור יחיד","אין ויקיפדיה, אין התאחדות, אין worldfootball","77/78","-","-","-","DF","","","1954","","",""
"ביתרdle","אבי כהן","","עונות","המאגר ארוך מדי","ויקיפדיה לא מכירה 79/80-80/81 — ייתכן שאלה עונות השאלה","79/80-84/85, 86/87-88/89","81/82-84/85, 86/87-88/89","-","-","DF","DF","","1962","1962","",""
"ביתרdle","יעקב שוורץ","","עונות","המאגר קצר מדי","חסרות 82/83","83/84-93/94","82/83-93/94","-","-","MF","MF","","1964","1964","","""יעקב שוורץ"": { ""spells"": [[1983,1994]] }"
"ביתרdle","מאיר קדוש","","עמדה","סתירה","מאגר: MF · ויקיפדיה: DF","84/85-94/95","84/85-94/95","-","-","MF","DF","","1965","1965","",""
"ביתרdle","שלמה שירזי","","עונות","מקור יחיד","אין ויקיפדיה, אין התאחדות, אין worldfootball","84/85-88/89","-","-","-","DF","DF","","1960","1960","",""
"ביתרdle","אופיר שמואלי","","עונות","סתירה","ויקיפדיה מוסיפה 93/94-95/96 · המאגר מוסיף 91/92","86/87-91/92","86/87-90/91, 93/94-95/96","-","-","DF","DF","","1966","1966","",""
"ביתרdle","יעקב בוזגלו","","עמדה","סתירה","מאגר: FW · ויקיפדיה: MF","86/87","86/87","-","-","FW","MF","","1957","1957","",""
"ביתרdle","משה סלקטר","","עמדה","סתירה","מאגר: MF · ויקיפדיה: FW","87/88","87/88","-","-","MF","FW","","1961","1961","",""
"ביתרdle","איתן מזרחי","28790","עונות","המאגר ארוך מדי","ויקיפדיה לא מכירה 88/89 — ייתכן שאלה עונות השאלה","88/89-02/03","89/90-02/03","02/03","-","DF","DF","","1972","1972","",""
"ביתרdle","אטאנס פשב","","עונות","מקור יחיד","אין ויקיפדיה, אין התאחדות, אין worldfootball","89/90","-","-","-","MF","","","1963","","",""
"ביתרdle","גורם אדז'ואב","","עונות","מקור יחיד","אין ויקיפדיה, אין התאחדות, אין worldfootball","89/90","-","-","-","DF","","","1961","","",""
"ביתרdle","יורי טרסוב","","עונות","מקור יחיד","אין ויקיפדיה, אין התאחדות, אין worldfootball","90/91","-","-","-","FW","","","1960","","",""
"ביתרdle","ולדימיר גרצ'נב","","עונות","מקור יחיד","אין ויקיפדיה, אין התאחדות, אין worldfootball","92/93-93/94","-","-","-","MF","","","1964","","",""
"ביתרdle","אהוד כחילה","33040","עונות","המאגר קצר מדי","חסרות 91/92-92/93, 99/00","93/94-97/98, 02/03","91/92-97/98, 99/00, 02/03","02/03","-","DF","DF","","1968","1968","","""33040"": { ""spells"": [[1992,1998],[2000,2000],[2003,2003]] }"
"ביתרdle","אולג קושלוק","","עונות","סתירה","ויקיפדיה מוסיפה 94/95 · המאגר מוסיף 93/94","93/94","94/95","-","-","MF","MF","","1969","1969","",""
"ביתרdle","אילן אלהרר","","עונות","המאגר קצר מדי","חסרות 87/88-89/90, 92/93","93/94-95/96","87/88-89/90, 92/93-95/96","-","-","DF","DF","","1970","1970","","""אילן אלהרר"": { ""spells"": [[1988,1990],[1993,1996]] }"
"ביתרdle","יהיב כרדי","","עונות","מקור יחיד","אין ויקיפדיה, אין התאחדות, אין worldfootball","93/94-94/95","-","-","-","DF","","","","","",""
"ביתרdle","יהיב כרדי","","שנת לידה","אין בשום מקור","","93/94-94/95","-","-","-","DF","","","","","",""
"ביתרdle","יובל מימון","","עונות","מקור יחיד","אין ויקיפדיה, אין התאחדות, אין worldfootball","93/94","-","-","-","DF","","","","","",""
"ביתרdle","יובל מימון","","שנת לידה","אין בשום מקור","","93/94","-","-","-","DF","","","","","",""
"ביתרdle","מאיר סלמי","","עונות","מקור יחיד","אין ויקיפדיה, אין התאחדות, אין worldfootball","93/94-94/95","-","-","-","MF","","","","","",""
"ביתרdle","מאיר סלמי","","שנת לידה","אין בשום מקור","","93/94-94/95","-","-","-","MF","","","","","",""
"ביתרdle","ניר לוין","","עונות","מקור יחיד","אין ויקיפדיה, אין התאחדות, אין worldfootball","93/94","-","-","-","FW","","","1962","","",""
"ביתרdle","רונן שוויג","","עונות","המאגר קצר מדי","חסרות 86/87-92/93, 94/95-95/96, 97/98-99/00","93/94, 96/97","86/87-99/00","-","-","FW","MF","","1969","1969","","""רונן שוויג"": { ""spells"": [[1987,2000]] }"
"ביתרdle","רונן שוויג","","עמדה","סתירה","מאגר: FW · ויקיפדיה: MF","93/94, 96/97","86/87-99/00","-","-","FW","MF","","1969","1969","",""
"ביתרdle","רענן דרעי","28780","עונות","סתירה","ויקיפדיה מוסיפה 92/93 · המאגר מוסיף 04/05-05/06","93/94-05/06","92/93-03/04","02/03-03/04","-","DF","MF","","1976","1976","",""
"ביתרdle","רענן דרעי","28780","עמדה","סתירה","מאגר: DF · ויקיפדיה: MF","93/94-05/06","92/93-03/04","02/03-03/04","-","DF","MF","","1976","1976","",""
"ביתרdle","תומר אזולאי","","עונות","המאגר קצר מדי","חסרות 92/93","93/94-01/02","92/93-01/02","-","-","DF","DF","","1974","1974","","""תומר אזולאי"": { ""spells"": [[1993,2002]] }"
"ביתרdle","א. ואזנה","","עונות","מקור יחיד","אין ויקיפדיה, אין התאחדות, אין worldfootball","94/95","-","-","-","MF","","","","","",""
"ביתרdle","א. ואזנה","","שנת לידה","אין בשום מקור","","94/95","-","-","-","MF","","","","","",""
"ביתרdle","אייל כהן","","עונות","מקור יחיד","אין ויקיפדיה, אין התאחדות, אין worldfootball","94/95","-","-","-","DF","","","","","",""
"ביתרdle","אייל כהן","","שנת לידה","אין בשום מקור","","94/95","-","-","-","DF","","","","","",""
"ביתרdle","אריק בנדו","","זהות","שני ערכים באותו שם","בוויקיפדיה יש יותר מערך אחד בשם הזה — אין תיקון אוטומטי","94/95-95/96, 06/07-09/10","94/95-95/96, 06/07-09/10","-","-","DF","","","1973","","",""
"ביתרdle","דוד כסלסי","","עונות","מקור יחיד","אין ויקיפדיה, אין התאחדות, אין worldfootball","94/95","-","-","-","FW","","","","","",""
"ביתרdle","דוד כסלסי","","שנת לידה","אין בשום מקור","","94/95","-","-","-","FW","","","","","",""
"ביתרdle","דמיטרי גורמן","","עונות","מקור יחיד","אין ויקיפדיה, אין התאחדות, אין worldfootball","94/95","-","-","-","MF","","","","","",""
"ביתרdle","דמיטרי גורמן","","שנת לידה","אין בשום מקור","","94/95","-","-","-","MF","","","","","",""
"ביתרdle","ירון דרורי","","עונות","מקור יחיד","אין ויקיפדיה, אין התאחדות, אין worldfootball","94/95","-","-","-","MF","","","1967","","",""
"ביתרdle","מיקי דהן","","עונות","מקור יחיד","אין ויקיפדיה, אין התאחדות, אין worldfootball","94/95-95/96","-","-","-","GK","","","","","",""
"ביתרdle","מיקי דהן","","שנת לידה","אין בשום מקור","","94/95-95/96","-","-","-","GK","","","","","",""
"ביתרdle","סהר סעדו","","עונות","מקור יחיד","אין ויקיפדיה, אין התאחדות, אין worldfootball","94/95-95/96","-","-","-","MF","","","","","",""
"ביתרdle","סהר סעדו","","שנת לידה","אין בשום מקור","","94/95-95/96","-","-","-","MF","","","","","",""
"ביתרdle","עופר דגמי","","עונות","המאגר קצר מדי","חסרות 91/92-93/94, 95/96-97/98","94/95","91/92-97/98","-","-","MF","FW","","1967","1967","","""עופר דגמי"": { ""spells"": [[1992,1998]] }"
"ביתרdle","עופר דגמי","","עמדה","סתירה","מאגר: MF · ויקיפדיה: FW","94/95","91/92-97/98","-","-","MF","FW","","1967","1967","",""
"ביתרdle","איציק קורנפיין","","זהות","שני ערכים באותו שם","בוויקיפדיה יש יותר מערך אחד בשם הזה — אין תיקון אוטומטי","95/96-06/07","95/96-06/07","-","-","GK","","","1971","","",""
"ביתרdle","אישטוון פישונט","","עונות","המאגר ארוך מדי","ויקיפדיה לא מכירה 95/96 — ייתכן שאלה עונות השאלה","95/96-97/98","96/97-97/98","-","-","MF","MF","","1970","1970","",""
"ביתרdle","נועם אלבוים","","עונות","מקור יחיד","אין ויקיפדיה, אין התאחדות, אין worldfootball","95/96-96/97","-","-","-","DF","","","","","",""
"ביתרdle","נועם אלבוים","","שנת לידה","אין בשום מקור","","95/96-96/97","-","-","-","DF","","","","","",""
"ביתרdle","איציק זוהר","28782","עונות","המאגר קצר מדי","חסרות 02/03","96/97","96/97, 02/03","02/03","-","MF","MF","","1970","1970","","""28782"": { ""spells"": [[1997,1997],[2003,2003]] }"
"ביתרdle","ניר סביליה","","עונות","מקור יחיד","אין ויקיפדיה, אין התאחדות, אין worldfootball","96/97-00/01","-","-","-","FW","","","1975","","",""
"ביתרdle","שלמה ממן","","עונות","מקור יחיד","אין ויקיפדיה, אין התאחדות, אין worldfootball","96/97-97/98","-","-","-","GK","","","","","",""
"ביתרdle","שלמה ממן","","שנת לידה","אין בשום מקור","","96/97-97/98","-","-","-","GK","","","","","",""
"ביתרdle","אושרי אוחנה","","עונות","מקור יחיד","אין ויקיפדיה, אין התאחדות, אין worldfootball","97/98","-","-","-","MF","","","","","",""
"ביתרdle","אושרי אוחנה","","שנת לידה","אין בשום מקור","","97/98","-","-","-","MF","","","","","",""
"ביתרdle","אישטוון האמר","","עונות","המאגר קצר מדי","חסרות 00/01","97/98-99/00","97/98-00/01","-","-","MF","MF","","1970","1970","","""אישטוון האמר"": { ""spells"": [[1998,2001]] }"
"ביתרdle","גילי כהן","","עונות","מקור יחיד","אין ויקיפדיה, אין התאחדות, אין worldfootball","97/98","-","-","-","MF","","","1978","","",""
"ביתרdle","דוד פרץ","","עונות","מקור יחיד","אין ויקיפדיה, אין התאחדות, אין worldfootball","97/98","-","-","-","DF","","","1971","","",""
"ביתרdle","יוסף שמואלי","","עונות","מקור יחיד","אין ויקיפדיה, אין התאחדות, אין worldfootball","97/98-98/99","-","-","-","MF","","","","","",""
"ביתרdle","יוסף שמואלי","","שנת לידה","אין בשום מקור","","97/98-98/99","-","-","-","MF","","","","","",""
"ביתרdle","יעקב הלל","","עונות","סתירה","ויקיפדיה מוסיפה 92/93 · המאגר מוסיף 97/98","97/98","92/93","-","-","DF","DF","","1966","1966","",""
"ביתרdle","ראובן עטר","","עונות","המאגר קצר מדי","חסרות 00/01 · בתיבה יש שנה בודדת, בדוק ידנית","97/98","97/98, 00/01","-","-","MF","MF","","1969","1969","",""
"ביתרdle","ניר רייכמן","28801","עונות","סתירה","ויקיפדיה מוסיפה 93/94-97/98 · המאגר מוסיף 02/03, 05/06","98/99-02/03, 05/06","93/94-01/02","02/03-03/04","-","MF","MF","","1975","1975","",""
"ביתרdle","אלון כהן","","עונות","מקור יחיד","אין ויקיפדיה, אין התאחדות, אין worldfootball","99/00","-","-","-","DF","","","1979","","",""
"ביתרdle","אלון מזרחי","","עונות","המאגר ארוך מדי","ויקיפדיה לא מכירה 99/00, 05/06 — ייתכן שאלה עונות השאלה","99/00-00/01, 05/06","00/01","-","-","FW","FW","","1971","1971","",""
"ביתרdle","בני חדד","","עמדה","סתירה","מאגר: MF · ויקיפדיה: DF","99/00-00/01","99/00-00/01","-","-","MF","DF","","1977","1977","",""
"ביתרdle","אלון אופיר","","עונות","המאגר ארוך מדי","ויקיפדיה לא מכירה 00/01 — ייתכן שאלה עונות השאלה","00/01-01/02","01/02","-","-","MF","MF","","1973","1973","",""
"ביתרdle","בראנקו סאביץ'","","עונות","מקור יחיד","אין ויקיפדיה, אין התאחדות, אין worldfootball","00/01","-","-","-","DF","","","1972","","",""
"ביתרdle","דראגן איסאילוביץ'","","עונות","מקור יחיד","אין ויקיפדיה, אין התאחדות, אין worldfootball","00/01","-","-","-","FW","","","1976","","",""
"ביתרdle","ויקטור פאסו","","עונות","מקור יחיד","אין ויקיפדיה, אין התאחדות, אין worldfootball","00/01-01/02","-","-","-","FW","","","1974","","",""
"ביתרdle","ולדימיר פטרוביץ'","","עונות","מקור יחיד","אין ויקיפדיה, אין התאחדות, אין worldfootball","00/01","-","-","-","FW","","","1972","","",""
"ביתרdle","ישראל כהן","","עונות","המאגר ארוך מדי","ויקיפדיה לא מכירה 04/05-05/06 — ייתכן שאלה עונות השאלה","00/01, 04/05-05/06","00/01","-","-","DF","DF","","1971","1971","",""
"ביתרdle","מילאן סטויאנוסקי","","עונות","מקור יחיד","אין ויקיפדיה, אין התאחדות, אין worldfootball","00/01","-","-","-","DF","","","1973","","",""
"ביתרdle","פליקס חלפון","","עונות","המאגר ארוך מדי","ויקיפדיה לא מכירה 04/05-05/06 — ייתכן שאלה עונות השאלה","00/01, 04/05-05/06","00/01","-","-","DF","DF","","1972","1972","",""
"ביתרdle","גולן חרמון","13343","עונות","סתירה","ויקיפדיה מוסיפה 96/97, 03/04 · המאגר מוסיף 01/02","01/02-02/03","96/97, 02/03-03/04","02/03-03/04","-","GK","DF","","1969","1977","",""
"ביתרdle","גולן חרמון","13343","עמדה","סתירה","מאגר: GK · ויקיפדיה: DF","01/02-02/03","96/97, 02/03-03/04","02/03-03/04","-","GK","DF","","1969","1977","",""
"ביתרdle","גולן חרמון","13343","שנת לידה","סתירה","מאגר: 1969 · ויקיפדיה: 1977","01/02-02/03","96/97, 02/03-03/04","02/03-03/04","-","GK","DF","","1969","1977","",""
"ביתרdle","מנור חסן","","שנת לידה","סתירה","מאגר: 1979 · ויקיפדיה: 1976","01/02","01/02","-","-","MF","MF","","1979","1976","",""
"ביתרdle","סרגיי קונובלוב","","עונות","סתירה","ויקיפדיה מוסיפה 02/03 · המאגר מוסיף 01/02","01/02","02/03","-","-","FW","MF","","1972","1972","",""
"ביתרdle","סרגיי קונובלוב","","עמדה","סתירה","מאגר: FW · ויקיפדיה: MF","01/02","02/03","-","-","FW","MF","","1972","1972","",""
"ביתרdle","קורנליו פפורה","","עונות","מקור יחיד","אין ויקיפדיה, אין התאחדות, אין worldfootball","01/02","-","-","-","MF","","","1973","","",""
"ביתרdle","כפיר אדרי","13274","עמדה","סתירה","מאגר: MF · ויקיפדיה: DF","02/03","02/03","02/03","-","MF","DF","","1976","1976","",""
"ביתרdle","משה ביטון","1525","עונות","המאגר ארוך מדי","ויקיפדיה לא מכירה 04/05 — ייתכן שאלה עונות השאלה","02/03-04/05","02/03-03/04","02/03-04/05","-","FW","FW","","1982","1982","",""
"ביתרdle","צ'וקוודי נוורגו","","עונות","מקור יחיד","אין ויקיפדיה, אין התאחדות, אין worldfootball","02/03","-","-","-","FW","","","1981","","",""
"ביתרdle","אבירם ברוכיאן","28842","עונות","המאגר קצר מדי","חסרות 02/03, 11/12","03/04-10/11, 13/14","02/03-11/12, 13/14","04/05-10/11, 13/14","-","MF","MF","","1985","1985","","""28842"": { ""spells"": [[2003,2012],[2014,2014]] }"
"ביתרdle","אנדרה קלדיירה","","עונות","מקור יחיד","אין ויקיפדיה, אין התאחדות, אין worldfootball","03/04-04/05","-","-","-","MF","","","1980","","",""
"ביתרdle","חנן פדידה","4395","עונות","המאגר קצר מדי","חסרות 04/05","03/04","03/04-04/05","03/04","-","FW","FW","","1981","1981","","""4395"": { ""spells"": [[2004,2005]] }"
"ביתרdle","קפונה","","עונות","מקור יחיד","אין ויקיפדיה, אין התאחדות, אין worldfootball","03/04","-","-","-","DF","","","1972","","",""
"ביתרdle","אדם מורינו","","עונות","מקור יחיד","אין ויקיפדיה, אין התאחדות, אין worldfootball","04/05-05/06","-","-","-","GK","","","1981","","",""
"ביתרdle","אייל אלג","","עונות","מקור יחיד","אין ויקיפדיה, אין התאחדות, אין worldfootball","04/05-05/06","-","-","-","MF","","","1986","","",""
"ביתרdle","אלי ששון","28803","עונות","סתירה","ויקיפדיה מוסיפה 02/03-03/04, 06/07-07/08 · המאגר מוסיף 09/10","04/05-05/06, 09/10","02/03-07/08","02/03-04/05, 06/07","-","MF","MF","","1982","1982","",""
"ביתרdle","אליאב יוני","","עונות","מקור יחיד","אין ויקיפדיה, אין התאחדות, אין worldfootball","04/05-05/06","-","-","-","MF","","","1985","","",""
"ביתרdle","אלירן דנין","26787","עונות","המאגר קצר מדי","חסרות 03/04, 07/08","04/05-06/07, 08/09-09/10","03/04-09/10","03/04-05/06, 08/09-09/10","-","DF","DF","","1984","1984","","""26787"": { ""spells"": [[2004,2010]] }"
"ביתרdle","דניאל שמשיאלשווילי","","עונות","מקור יחיד","אין ויקיפדיה, אין התאחדות, אין worldfootball","04/05-05/06","-","-","-","DF","","","1986","","",""
"ביתרdle","טל בנין","1416","עונות","סתירה","ויקיפדיה מוסיפה 05/06 · המאגר מוסיף 04/05","04/05","05/06","04/05","-","MF","MF","","1971","1971","",""
"ביתרdle","מור אפרים","","עונות","מקור יחיד","אין ויקיפדיה, אין התאחדות, אין worldfootball","04/05-05/06","-","-","-","MF","","","1985","","",""
"ביתרdle","ניסים נאור","","עונות","מקור יחיד","אין ויקיפדיה, אין התאחדות, אין worldfootball","04/05-05/06","-","-","-","DF","","","1987","","",""
"ביתרdle","שחר מתן","","עונות","מקור יחיד","אין ויקיפדיה, אין התאחדות, אין worldfootball","04/05","-","-","-","DF","","","1987","","",""
"ביתרdle","שי חדד","26449","עונות","סתירה","ויקיפדיה מוסיפה 08/09-09/10 · המאגר מוסיף 04/05-06/07","04/05-07/08, 10/11-13/14","07/08-13/14","06/07-07/08, 10/11-13/14","-","MF","DF","","1987","1987","",""
"ביתרdle","שי חדד","26449","עמדה","סתירה","מאגר: MF · ויקיפדיה: DF","04/05-07/08, 10/11-13/14","07/08-13/14","06/07-07/08, 10/11-13/14","-","MF","DF","","1987","1987","",""
"ביתרdle","שמואל קוז'וקין","33805","עונות","סתירה","ויקיפדיה מוסיפה 06/07 · המאגר מוסיף 04/05-05/06","04/05-05/06, 07/08-12/13","06/07-12/13","06/07-11/12","-","DF","DF","","1987","1987","",""
"ביתרdle","אגנסו","","עונות","מקור יחיד","אין ויקיפדיה, אין התאחדות, אין worldfootball","05/06","-","-","-","FW","","","1981","","",""
"ביתרdle","איגור מיטרסקי","70745","עונות","סתירה","ויקיפדיה מוסיפה 06/07 · המאגר מוסיף 05/06","05/06","06/07","05/06","-","DF","DF","","1979","1979","",""
"ביתרdle","איתמר יחיא","","עונות","מקור יחיד","אין ויקיפדיה, אין התאחדות, אין worldfootball","05/06","-","-","-","DF","","","1986","","",""
"ביתרdle","איתן טיבי","650","עונות","סתירה","ויקיפדיה מוסיפה 07/08-08/09 · המאגר מוסיף 05/06","05/06-06/07, 09/10","06/07-09/10","06/07, 09/10","-","DF","DF","","1987","1987","",""
"ביתרdle","ז'רום לרואה","","עונות","סתירה","ויקיפדיה מוסיפה 06/07 · המאגר מוסיף 05/06","05/06","06/07","-","-","MF","MF","","1974","1974","",""
"ביתרdle","חן עזריאל","21740","עונות","סתירה","ויקיפדיה מוסיפה 08/09, 12/13 · המאגר מוסיף 05/06-06/07","05/06-07/08, 09/10-10/11","07/08-10/11, 12/13","07/08, 09/10-10/11, 12/13","-","FW","FW","","1988","1988","",""
"ביתרdle","יואב זיו","13261","עונות","המאגר קצר מדי","חסרות 08/09","05/06-07/08","05/06-08/09","05/06-07/08","-","DF","DF","","1981","1981","","""13261"": { ""spells"": [[2006,2009]] }"
"ביתרdle","לבן סילגדזה","","עונות","מקור יחיד","אין ויקיפדיה, אין התאחדות, אין worldfootball","05/06","-","-","-","DF","","","1976","","",""
"ביתרdle","פבריס פרננדס","71174","עונות","סתירה","ויקיפדיה מוסיפה 06/07 · המאגר מוסיף 05/06","05/06","06/07","05/06","-","MF","MF","","1979","1979","",""
"ביתרdle","תומר חליבה","","זהות","שני ערכים באותו שם","בוויקיפדיה יש יותר מערך אחד בשם הזה — אין תיקון אוטומטי","05/06","05/06","-","-","DF","","","1979","","",""
"ביתרdle","דרק בואטנג","72010","עונות","המאגר קצר מדי","חסרות 08/09","06/07-07/08","06/07-08/09","06/07-07/08","-","MF","MF","","1983","1983","","""72010"": { ""spells"": [[2007,2009]] }"
"ביתרdle","טוטו","","עונות","מקור יחיד","אין ויקיפדיה, אין התאחדות, אין worldfootball","06/07","-","-","-","MF","","","1978","","",""
"ביתרdle","מילובאן מירושביץ'","","עונות","המאגר קצר מדי","חסרות 07/08","06/07","06/07-07/08","-","-","MF","","","1980","","","""מילובאן מירושביץ'"": { ""spells"": [[2007,2008]] }"
"ביתרdle","מילובאן מירושביץ'","","זהות","שני ערכים באותו שם","בוויקיפדיה יש יותר מערך אחד בשם הזה — אין תיקון אוטומטי","06/07","06/07-07/08","-","-","MF","","","1980","","",""
"ביתרdle","עמרי אפק","13400","עונות","המאגר קצר מדי","חסרות 05/06","06/07","05/06-06/07","05/06-06/07","-","MF","MF","","1979","1979","","""13400"": { ""spells"": [[2006,2007]] }"
"ביתרdle","קובי מויאל","13822","עונות","סתירה","ויקיפדיה מוסיפה 05/06, 07/08-08/09 · המאגר מוסיף 15/16","06/07, 09/10-12/13, 15/16-16/17","05/06-12/13, 16/17","06/07, 09/10-12/13, 16/17","-","MF","MF","","1987","1987","",""
"ביתרdle","רמאליו","","עונות","מקור יחיד","אין ויקיפדיה, אין התאחדות, אין worldfootball","06/07","-","-","-","MF","","","1980","","",""
"ביתרdle","שוונק","","עונות","מקור יחיד","אין ויקיפדיה, אין התאחדות, אין worldfootball","06/07","-","-","-","FW","","","1979","","",""
"ביתרdle","שמעון גרשון","13404","עונות","המאגר ארוך מדי","ויקיפדיה לא מכירה 10/11 — ייתכן שאלה עונות השאלה","06/07-10/11","06/07-09/10","06/07-10/11","-","DF","DF","","1977","1977","",""
"ביתרdle","אריאל הרוש","21721","עונות","המאגר ארוך מדי","ויקיפדיה לא מכירה 07/08 — ייתכן שאלה עונות השאלה","07/08-13/14","08/09-13/14","07/08-13/14","-","GK","GK","","1988","1988","",""
"ביתרdle","ג'וניור ויסה","","עונות","סתירה","ויקיפדיה מוסיפה 08/09 · המאגר מוסיף 07/08","07/08, 09/10","08/09-09/10","-","-","MF","MF","","1985","1985","",""
"ביתרdle","דן אביאנדר","","עונות","מקור יחיד","אין ויקיפדיה, אין התאחדות, אין worldfootball","07/08","-","-","-","MF","","","","","",""
"ביתרdle","דן אביאנדר","","שנת לידה","אין בשום מקור","","07/08","-","-","-","MF","","","","","",""
"ביתרdle","טברטקו קאלה","","זהות","שני ערכים באותו שם","בוויקיפדיה יש יותר מערך אחד בשם הזה — אין תיקון אוטומטי","07/08-08/09","07/08-08/09","-","-","GK","","","1974","","",""
"ביתרdle","יהונתן זדה","29558","שנת לידה","אין בשום מקור","","07/08","-","07/08, 10/11","-","FW","","","","","",""
"ביתרdle","יוסי זאנה","","עונות","סתירה","ויקיפדיה מוסיפה 78/79 · המאגר מוסיף 07/08","07/08","78/79","-","-","FW","DF","","1957","1957","",""
"ביתרdle","יוסי זאנה","","עמדה","סתירה","מאגר: FW · ויקיפדיה: DF","07/08","78/79","-","-","FW","DF","","1957","1957","",""
"ביתרdle","מתן בראשי","29552","עונות","סתירה","ויקיפדיה מוסיפה 13/14-14/15 · המאגר מוסיף 07/08","07/08-12/13","08/09-14/15","07/08-08/09, 10/11-12/13","-","DF","DF","","1988","1988","",""
"ביתרdle","רומולו","","עונות","מקור יחיד","אין ויקיפדיה, אין התאחדות, אין worldfootball","07/08","-","-","-","FW","","","1982","","",""
"ביתרdle","גל בראל","","עונות","מקור יחיד","אין ויקיפדיה, אין התאחדות, אין worldfootball","08/09","-","-","-","MF","","","1990","","",""
"ביתרdle","דריו פרננדס","","עונות","סתירה","ויקיפדיה מוסיפה 09/10-10/11 · המאגר מוסיף 11/12","08/09, 11/12-12/13","08/09-10/11, 12/13","-","-","MF","","","1978","","",""
"ביתרdle","דריו פרננדס","","זהות","שני ערכים באותו שם","בוויקיפדיה יש יותר מערך אחד בשם הזה — אין תיקון אוטומטי","08/09, 11/12-12/13","08/09-10/11, 12/13","-","-","MF","","","1978","","",""
"ביתרdle","עידן ורד","709","עונות","המאגר קצר מדי","חסרות 07/08","08/09-09/10, 16/17-20/21","07/08-09/10, 16/17-20/21","08/09-09/10, 16/17-20/21","-","MF","MF","","1989","1989","","""709"": { ""spells"": [[2008,2010],[2017,2021]] }"
"ביתרdle","אבי ריקן","","עונות","המאגר קצר מדי","חסרות 07/08-08/09","09/10-12/13","07/08-12/13","-","-","MF","MF","","1988","1988","","""אבי ריקן"": { ""spells"": [[2008,2013]] }"
"ביתרdle","ברק משה","","עונות","מקור יחיד","אין ויקיפדיה, אין התאחדות, אין worldfootball","09/10-12/13","-","-","-","MF","","","1991","","",""
"ביתרdle","סבסטיאן ואסקס","","עונות","מקור יחיד","אין ויקיפדיה, אין התאחדות, אין worldfootball","09/10","-","-","-","DF","","","1980","","",""
"ביתרdle","פאולו האסה","104991","עמדה","סתירה","מאגר: DF · ויקיפדיה: MF","09/10","09/10","09/10","-","DF","MF","","1983","1983","",""
"ביתרdle","אופיר קריאף","27403","עונות","המאגר ארוך מדי","ויקיפדיה לא מכירה 10/11, 17/18 — ייתכן שאלה עונות השאלה","10/11-14/15, 17/18-23/24","11/12-14/15, 18/19-23/24","10/11-14/15, 17/18-23/24","-","MF","DF","","1991","1991","",""
"ביתרdle","אופיר קריאף","27403","עמדה","סתירה","מאגר: MF · ויקיפדיה: DF","10/11-14/15, 17/18-23/24","11/12-14/15, 18/19-23/24","10/11-14/15, 17/18-23/24","-","MF","DF","","1991","1991","",""
"ביתרdle","משה מישאלוף","","עמדה","סתירה","מאגר: MF · ויקיפדיה: DF","10/11","10/11","-","-","MF","DF","","1983","1983","",""
"ביתרdle","צחי אליחן","45180","עמדה","סתירה","מאגר: MF · ויקיפדיה: FW","10/11-13/14","10/11-13/14","10/11-13/14","-","MF","FW","","1991","1991","",""
"ביתרdle","אריאל עוז","","עונות","מקור יחיד","אין ויקיפדיה, אין התאחדות, אין worldfootball","11/12","-","-","-","MF","","","1992","","",""
"ביתרdle","הרמוני איקנדה","","עונות","סתירה","ויקיפדיה מוסיפה 12/13 · המאגר מוסיף 11/12","11/12","12/13","-","-","MF","MF","","1990","1990","",""
"ביתרdle","חיים מגרלשוילי","13265","עונות","המאגר ארוך מדי","ויקיפדיה לא מכירה 11/12 — ייתכן שאלה עונות השאלה","11/12-12/13","12/13","11/12-12/13","-","DF","DF","","1982","1982","",""
"ביתרdle","טל כחילה","72438","עונות","המאגר ארוך מדי","ויקיפדיה לא מכירה 11/12 — ייתכן שאלה עונות השאלה","11/12-18/19","12/13-18/19","11/12-15/16, 17/18-18/19","-","DF","DF","","1992","1992","",""
"ביתרdle","לירון דיאמנט","23273","עונות","המאגר ארוך מדי","ויקיפדיה לא מכירה 12/13 — ייתכן שאלה עונות השאלה","11/12-12/13","11/12","11/12","-","FW","FW","","1990","1990","",""
"ביתרdle","מותי שי","","עונות","מקור יחיד","אין ויקיפדיה, אין התאחדות, אין worldfootball","11/12","-","-","-","MF","","","1991","","",""
"ביתרdle","מיגל פורטיו","","עונות","מקור יחיד","אין ויקיפדיה, אין התאחדות, אין worldfootball","11/12","-","-","-","DF","","","1982","","",""
"ביתרdle","ערן לוי","571","עונות","סתירה","ויקיפדיה מוסיפה 18/19 · המאגר מוסיף 11/12","11/12-12/13","12/13, 18/19","11/12-12/13","-","FW","MF","","1985","1985","",""
"ביתרdle","ערן לוי","571","עמדה","סתירה","מאגר: FW · ויקיפדיה: MF","11/12-12/13","12/13, 18/19","11/12-12/13","-","FW","MF","","1985","1985","",""
"ביתרdle","ג'בראיל קדייב","","עונות","מקור יחיד","אין ויקיפדיה, אין התאחדות, אין worldfootball","12/13","-","-","-","DF","","","1994","","",""
"ביתרdle","דומיניק גלאבינה","136075","עמדה","סתירה","מאגר: FW · ויקיפדיה: MF","12/13","12/13","12/13","-","FW","MF","","1992","1992","",""
"ביתרdle","דינו שקוורץ","","זהות","שני ערכים באותו שם","בוויקיפדיה יש יותר מערך אחד בשם הזה — אין תיקון אוטומטי","12/13","12/13","-","-","DF","","","1990","","",""
"ביתרdle","זאור סדאייב","","עונות","סתירה","ויקיפדיה מוסיפה 13/14 · המאגר מוסיף 12/13","12/13","13/14","-","-","FW","","","1989","","",""
"ביתרdle","זאור סדאייב","","זהות","שני ערכים באותו שם","בוויקיפדיה יש יותר מערך אחד בשם הזה — אין תיקון אוטומטי","12/13","13/14","-","-","FW","","","1989","","",""
"ביתרdle","אבישי כהן","119009","עונות","סתירה","ויקיפדיה מוסיפה 17/18 · המאגר מוסיף 13/14","13/14-16/17, 22/23","14/15-17/18, 22/23","14/15-16/17, 22/23","-","DF","DF","","1995","1995","",""
"ביתרdle","בריאן","","עונות","מקור יחיד","אין ויקיפדיה, אין התאחדות, אין worldfootball","13/14","-","-","-","FW","","","1990","","",""
"ביתרdle","דושאן מאטוביץ'","","עונות","המאגר ארוך מדי","ויקיפדיה לא מכירה 13/14 — ייתכן שאלה עונות השאלה","13/14-15/16","14/15-15/16","-","-","DF","","","1983","","",""
"ביתרdle","דושאן מאטוביץ'","","זהות","שני ערכים באותו שם","בוויקיפדיה יש יותר מערך אחד בשם הזה — אין תיקון אוטומטי","13/14-15/16","14/15-15/16","-","-","DF","","","1983","","",""
"ביתרdle","דני פרדה","4901","עונות","המאגר ארוך מדי","ויקיפדיה לא מכירה 13/14 — ייתכן שאלה עונות השאלה","13/14-16/17","14/15-16/17","13/14-14/15, 16/17","-","MF","MF","","1987","1987","",""
"ביתרdle","משה לוגסי","39644","עונות","סתירה","ויקיפדיה מוסיפה 14/15 · המאגר מוסיף 13/14","13/14","14/15","13/14","-","DF","MF","","1991","1991","",""
"ביתרdle","משה לוגסי","39644","עמדה","סתירה","מאגר: DF · ויקיפדיה: MF","13/14","14/15","13/14","-","DF","MF","","1991","1991","",""
"ביתרdle","סינטאיהו סלליך","54337","עמדה","סתירה","מאגר: FW · ויקיפדיה: MF","13/14","13/14","13/14","-","FW","MF","","1991","1991","",""
"ביתרdle","עומר אצילי","34253","עונות","המאגר ארוך מדי","ויקיפדיה לא מכירה 24/25 — ייתכן שאלה עונות השאלה","13/14-15/16, 24/25-25/26","13/14-15/16, 25/26","13/14-15/16, 24/25-25/26","-","MF","MF","","1993","1993","",""
"ביתרdle","פבלו ברנדאן","","עונות","סתירה","ויקיפדיה מוסיפה 14/15 · המאגר מוסיף 13/14","13/14","14/15","-","-","MF","DF","","1983","1983","",""
"ביתרdle","פבלו ברנדאן","","עמדה","סתירה","מאגר: MF · ויקיפדיה: DF","13/14","14/15","-","-","MF","DF","","1983","1983","",""
"ביתרdle","שלומי אזולאי","15560","זהות","שני ערכים באותו שם","בוויקיפדיה יש יותר מערך אחד בשם הזה — אין תיקון אוטומטי","13/14, 19/20","-","14/15","-","FW","","","1989","","",""
"ביתרdle","דוד קלטינס","58550","עונות","המאגר ארוך מדי","ויקיפדיה לא מכירה 14/15 — ייתכן שאלה עונות השאלה","14/15-18/19","15/16-18/19","14/15-18/19","-","DF","DF","","1995","1995","",""
"ביתרdle","חנן ממן","2187","עונות","סתירה","ויקיפדיה מוסיפה 20/21 · המאגר מוסיף 19/20","14/15, 19/20","14/15, 20/21","14/15, 19/20","-","MF","MF","","1989","1989","",""
"ביתרdle","ליביו אנטל","164952","עונות","סתירה","ויקיפדיה מוסיפה 15/16 · המאגר מוסיף 14/15","14/15","15/16","14/15","-","MF","MF","","1989","1989","",""
"ביתרdle","לידור כהן","2832","עונות","המאגר קצר מדי","חסרות 16/17","14/15-15/16","14/15-16/17","14/15-15/16","-","MF","MF","","1992","1992","","""2832"": { ""spells"": [[2015,2017]] }"
"ביתרdle","קלאודמיר","","עונות","מקור יחיד","אין ויקיפדיה, אין התאחדות, אין worldfootball","14/15-17/18","-","-","-","MF","","","1984","","",""
"ביתרdle","שמואל מלול","","זהות","שני ערכים באותו שם","בוויקיפדיה יש יותר מערך אחד בשם הזה — אין תיקון אוטומטי","14/15","14/15","-","-","DF","","","1994","","",""
"ביתרdle","תומר סויסה","12556","עמדה","סתירה","מאגר: MF · ויקיפדיה: FW","14/15","14/15","14/15","-","MF","FW","","1988","1988","",""
"ביתרdle","אוגוסטין קוום","","עונות","מקור יחיד","אין ויקיפדיה, אין התאחדות, אין worldfootball","15/16","-","-","-","FW","","","1997","","",""
"ביתרdle","אופק מרום","","עונות","מקור יחיד","אין ויקיפדיה, אין התאחדות, אין worldfootball","15/16","-","-","-","FW","","","1997","","",""
"ביתרdle","אורי מגבו","35276","עונות","המאגר קצר מדי","חסרות 16/17","15/16, 19/20-20/21","15/16-16/17, 19/20-20/21","15/16, 19/20-20/21","-","DF","DF","","1987","1987","","""35276"": { ""spells"": [[2016,2017],[2020,2021]] }"
"ביתרdle","איתי שכטר","33841","עונות","המאגר ארוך מדי","ויקיפדיה לא מכירה 15/16 — ייתכן שאלה עונות השאלה","15/16-17/18","16/17-17/18","15/16-17/18","-","FW","FW","","1987","1987","",""
"ביתרdle","ארסניו ולפורט","","עונות","סתירה","ויקיפדיה מוסיפה 16/17 · המאגר מוסיף 15/16","15/16","16/17","-","-","FW","FW","","1992","1992","",""
"ביתרdle","דן מורי","33178","עונות","המאגר ארוך מדי","ויקיפדיה לא מכירה 15/16 — ייתכן שאלה עונות השאלה","15/16-16/17","16/17","16/17","-","DF","DF","","1988","1988","",""
"ביתרdle","יעקב בריהון","61093","עונות","המאגר ארוך מדי","ויקיפדיה לא מכירה 15/16 — ייתכן שאלה עונות השאלה","15/16-18/19","16/17-18/19","16/17-18/19","-","FW","MF","","1993","1993","",""
"ביתרdle","יעקב בריהון","61093","עמדה","סתירה","מאגר: FW · ויקיפדיה: MF","15/16-18/19","16/17-18/19","16/17-18/19","-","FW","MF","","1993","1993","",""
"ביתרdle","לירוי צעירי","1093","עונות","המאגר קצר מדי","חסרות 18/19","15/16","15/16, 18/19","15/16","-","MF","MF","","1989","1989","","""1093"": { ""spells"": [[2016,2016],[2019,2019]] }"
"ביתרdle","נאור סבג","48709","עונות","המאגר קצר מדי","חסרות 13/14-14/15, 16/17","15/16, 17/18","13/14-17/18","12/13","-","MF","MF","","1993","1993","","""48709"": { ""spells"": [[2014,2018]] }"
"ביתרdle","נס זמיר","10217","עמדה","סתירה","מאגר: FW · ויקיפדיה: MF","15/16","15/16","15/16","-","FW","MF","","1990","1990","",""
"ביתרdle","שמעון אבו חצירא","","עונות","סתירה","ויקיפדיה מוסיפה 16/17 · המאגר מוסיף 15/16","15/16","16/17","-","-","FW","FW","","1986","1986","",""
"ביתרdle","אדם פרידריך","","עונות","מקור יחיד","אין ויקיפדיה, אין התאחדות, אין worldfootball","16/17","-","-","-","DF","","","1993","","",""
"ביתרdle","אמיר עגייב","","עונות","סתירה","ויקיפדיה מוסיפה 17/18 · המאגר מוסיף 16/17","16/17","17/18","-","-","FW","MF","","1992","1992","",""
"ביתרdle","אמיר עגייב","","עמדה","סתירה","מאגר: FW · ויקיפדיה: MF","16/17","17/18","-","-","FW","MF","","1992","1992","",""
"ביתרdle","אנדרסון רוזה","","עונות","מקור יחיד","אין ויקיפדיה, אין התאחדות, אין worldfootball","16/17","-","-","-","MF","","","1993","","",""
"ביתרdle","אנטואן קונט","","עונות","סתירה","ויקיפדיה מוסיפה 20/21 · המאגר מוסיף 16/17","16/17-19/20","17/18-20/21","-","-","DF","","","1994","","",""
"ביתרdle","אנטואן קונט","","זהות","שני ערכים באותו שם","בוויקיפדיה יש יותר מערך אחד בשם הזה — אין תיקון אוטומטי","16/17-19/20","17/18-20/21","-","-","DF","","","1994","","",""
"ביתרdle","גאטאן וארן","","עונות","סתירה","ויקיפדיה מוסיפה 19/20 · המאגר מוסיף 16/17","16/17-18/19","17/18-19/20","-","-","FW","FW","","1990","1990","",""
"ביתרdle","ז'והאן אודל","","זהות","שני ערכים באותו שם","בוויקיפדיה יש יותר מערך אחד בשם הזה — אין תיקון אוטומטי","16/17","16/17","-","-","FW","","","1983","","",""
"ביתרdle","חן דילמוני","3944","עונות","המאגר ארוך מדי","ויקיפדיה לא מכירה 16/17 — ייתכן שאלה עונות השאלה","16/17-17/18","17/18","16/17-17/18","-","DF","DF","","1989","1989","",""
"ביתרdle","חן עזרא","22596","עונות","המאגר ארוך מדי","ויקיפדיה לא מכירה 16/17 — ייתכן שאלה עונות השאלה","16/17-17/18","17/18","16/17-17/18","-","FW","MF","","1989","1989","",""
"ביתרdle","חן עזרא","22596","עמדה","סתירה","מאגר: FW · ויקיפדיה: MF","16/17-17/18","17/18","16/17-17/18","-","FW","MF","","1989","1989","",""
"ביתרdle","יוסי בניון","111","עונות","סתירה","ויקיפדיה מוסיפה 17/18, 19/20 · המאגר מוסיף 16/17","16/17","17/18, 19/20","18/19","-","MF","MF","","1980","1980","",""
"ביתרdle","ישראל זגורי","1248","עונות","סתירה","ויקיפדיה מוסיפה 17/18 · המאגר מוסיף 16/17","16/17","17/18","16/17","-","MF","MF","","1990","1990","",""
"ביתרdle","עוז ראלי","31339","עמדה","סתירה","מאגר: MF · ויקיפדיה: DF","16/17, 18/19","16/17, 18/19","16/17, 18/19","-","MF","DF","","1987","1987","",""
"ביתרdle","תמיר לאלו","","עונות","מקור יחיד","אין ויקיפדיה, אין התאחדות, אין worldfootball","16/17","-","-","-","GK","","","1997","","",""
"ביתרdle","אוהד אלבז","","עונות","מקור יחיד","אין ויקיפדיה, אין התאחדות, אין worldfootball","17/18","-","-","-","MF","","","1998","","",""
"ביתרdle","בני פרץ","","עונות","מקור יחיד","אין ויקיפדיה, אין התאחדות, אין worldfootball","17/18","-","-","-","GK","","","1998","","",""
"ביתרdle","דוד בויסן","","עונות","מקור יחיד","אין ויקיפדיה, אין התאחדות, אין worldfootball","17/18","-","-","-","FW","","","1991","","",""
"ביתרdle","יום טוב עופר","","עונות","מקור יחיד","אין ויקיפדיה, אין התאחדות, אין worldfootball","17/18","-","-","-","DF","","","1990","","",""
"ביתרdle","יעקב מזרחי","","עונות","מקור יחיד","אין ויקיפדיה, אין התאחדות, אין worldfootball","17/18, 23/24","-","-","-","DF","","","1998","","",""
"ביתרdle","פול אקואוקו","","עונות","מקור יחיד","אין ויקיפדיה, אין התאחדות, אין worldfootball","17/18","-","-","-","MF","","","1997","","",""
"ביתרdle","שון גולדברג","58440","עמדה","סתירה","מאגר: MF · ויקיפדיה: DF","17/18","17/18","17/18","-","MF","DF","","1995","1995","",""
"ביתרdle","אופק עברי","","עונות","מקור יחיד","אין ויקיפדיה, אין התאחדות, אין worldfootball","18/19, 20/21","-","-","-","GK","","","1999","","",""
"ביתרdle","אנז' פרדי פלומה","","עונות","המאגר ארוך מדי","ויקיפדיה לא מכירה 18/19 — ייתכן שאלה עונות השאלה","18/19-19/20","19/20","-","-","FW","FW","","1995","1995","",""
"ביתרdle","אנתוני אנאן","","עונות","סתירה","ויקיפדיה מוסיפה 19/20 · המאגר מוסיף 18/19","18/19","19/20","-","-","MF","MF","","1986","1986","",""
"ביתרdle","גדי קינדה","48643","עונות","סתירה","ויקיפדיה מוסיפה 19/20 · המאגר מוסיף 18/19","18/19","19/20","18/19","-","MF","MF","","1994","1994","",""
"ביתרdle","מאור בוזגלו","17719","עמדה","סתירה","מאגר: FW · ויקיפדיה: MF","18/19","18/19","18/19","-","FW","MF","","1988","1988","",""
"ביתרdle","מיכאי וודוץ","","עונות","סתירה","ויקיפדיה מוסיפה 19/20 · המאגר מוסיף 18/19","18/19","19/20","-","-","FW","FW","","1994","1994","",""
"ביתרdle","נועם חפצדי","","עונות","מקור יחיד","אין ויקיפדיה, אין התאחדות, אין worldfootball","18/19","-","-","-","DF","","","1997","","",""
"ביתרdle","אביאל זרגרי","119318","עונות","המאגר קצר מדי","חסרות 22/23, 25/26","19/20-21/22","19/20-22/23, 25/26","21/22","-","MF","MF","","2002","2002","","""119318"": { ""spells"": [[2020,2023],[2026,2026]] }"
"ביתרdle","אלירן עטר","31335","עונות","המאגר ארוך מדי","ויקיפדיה לא מכירה 19/20 — ייתכן שאלה עונות השאלה","19/20-20/21","20/21","19/20-20/21","-","FW","FW","","1987","1987","",""
"ביתרdle","דוד דגו","","עונות","מקור יחיד","אין ויקיפדיה, אין התאחדות, אין worldfootball","19/20-21/22","-","-","-","MF","","","2001","","",""
"ביתרdle","דיוגו ורדשקה","","עונות","המאגר ארוך מדי","ויקיפדיה לא מכירה 20/21 — ייתכן שאלה עונות השאלה","19/20-20/21","19/20","-","-","DF","DF","","1996","1996","",""
"ביתרdle","לי און מזרחי","","עונות","המאגר ארוך מדי","ויקיפדיה לא מכירה 19/20 — ייתכן שאלה עונות השאלה","19/20, 22/23-24/25","22/23-24/25","-","-","DF","DF","","2002","2002","",""
"ביתרdle","לירן רוטמן","64761","עונות","המאגר קצר מדי","חסרות 20/21","19/20, 21/22","19/20-21/22","19/20, 21/22","-","MF","MF","","1996","1996","","""64761"": { ""spells"": [[2020,2022]] }"
"ביתרdle","מקסים גרצ'קין","59498","עונות","המאגר קצר מדי","חסרות 20/21","19/20, 21/22-22/23","19/20-22/23","19/20, 21/22-22/23","-","DF","DF","","1996","1996","","""59498"": { ""spells"": [[2020,2023]] }"
"ביתרdle","שלום אדרי","39728","עונות","המאגר קצר מדי","חסרות 20/21","19/20","19/20-20/21","19/20","-","MF","MF","","1994","1994","","""39728"": { ""spells"": [[2020,2021]] }"
"ביתרdle","תמיר עדי","","עונות","סתירה","ויקיפדיה מוסיפה 23/24 · המאגר מוסיף 22/23","19/20-22/23","19/20-21/22, 23/24","-","-","MF","DF","","1993","1993","",""
"ביתרdle","תמיר עדי","","עמדה","סתירה","מאגר: MF · ויקיפדיה: DF","19/20-22/23","19/20-21/22, 23/24","-","-","MF","DF","","1993","1993","",""
"ביתרdle","מרקו יאנקוביץ'","","עונות","סתירה","ויקיפדיה מוסיפה 21/22 · המאגר מוסיף 20/21","20/21","21/22","-","-","FW","MF","","1995","1995","",""
"ביתרdle","מרקו יאנקוביץ'","","עמדה","סתירה","מאגר: FW · ויקיפדיה: MF","20/21","21/22","-","-","FW","MF","","1995","1995","",""
"ביתרdle","מתאוזיניו","","עונות","מקור יחיד","אין ויקיפדיה, אין התאחדות, אין worldfootball","20/21","-","-","-","MF","","","1998","","",""
"ביתרdle","ניקו אולסק","","עונות","סתירה","ויקיפדיה מוסיפה 21/22 · המאגר מוסיף 20/21","20/21","21/22","-","-","MF","MF","","1991","1991","",""
"ביתרdle","סנטיאגו אוקמפוס","","עונות","מקור יחיד","אין ויקיפדיה, אין התאחדות, אין worldfootball","20/21","-","-","-","DF","","","2002","","",""
"ביתרdle","רז ברוכיאן","","עונות","מקור יחיד","אין ויקיפדיה, אין התאחדות, אין worldfootball","20/21","-","-","-","DF","","","2002","","",""
"ביתרdle","אדווין גיאסי","235236","עמדה","סתירה","מאגר: FW · ויקיפדיה: MF","21/22","21/22","21/22","-","FW","MF","","1991","1991","",""
"ביתרdle","גלאופילו וליגטר","200695","שנת לידה","אין בשום מקור","","21/22","-","20/21-21/22","-","MF","","","","","",""
"ביתרdle","דן עזריה","49913","עונות","המאגר ארוך מדי","ויקיפדיה לא מכירה 21/22 — ייתכן שאלה עונות השאלה","21/22-23/24","22/23-23/24","21/22-23/24","-","MF","MF","","1995","1995","",""
"ביתרdle","נהוראי דבוש","142991","עונות","המאגר ארוך מדי","ויקיפדיה לא מכירה 21/22-22/23 — ייתכן שאלה עונות השאלה","21/22-24/25","23/24-24/25","23/24-24/25","-","FW","FW","","2004","2004","",""
"ביתרdle","עדי יונה","148934","עונות","המאגר ארוך מדי","ויקיפדיה לא מכירה 21/22 — ייתכן שאלה עונות השאלה","21/22-25/26","22/23-25/26","23/24-25/26","-","MF","MF","","2004","2004","",""
"ביתרdle","גריגורי מורוזוב","264398","עונות","המאגר ארוך מדי","ויקיפדיה לא מכירה 22/23 — ייתכן שאלה עונות השאלה","22/23-25/26","23/24-25/26","22/23-25/26","-","DF","DF","","1994","1994","",""
"ביתרdle","טראזייה תומא","","עונות","המאגר קצר מדי","חסרות 23/24","22/23","22/23-23/24","-","-","MF","MF","","1999","1999","","""טראזייה תומא"": { ""spells"": [[2023,2024]] }"
"ביתרdle","מיגל סילבה","","עונות","המאגר ארוך מדי","ויקיפדיה לא מכירה 22/23 — ייתכן שאלה עונות השאלה","22/23-25/26","23/24-25/26","-","-","GK","GK","","1995","1995","",""
"ביתרdle","עילאי מדמון","","עונות","מקור יחיד","אין ויקיפדיה, אין התאחדות, אין worldfootball","22/23","-","-","-","MF","","","2003","","",""
"ביתרdle","פרד פריידיי","264400","עונות","המאגר ארוך מדי","ויקיפדיה לא מכירה 22/23 — ייתכן שאלה עונות השאלה","22/23-23/24","23/24","22/23-23/24","-","FW","FW","","1995","1995","",""
"ביתרdle","אופיר גודוסי","","עונות","מקור יחיד","אין ויקיפדיה, אין התאחדות, אין worldfootball","23/24","-","-","-","FW","","","2004","","",""
"ביתרdle","זוהר זסנו","165543","עונות","המאגר ארוך מדי","ויקיפדיה לא מכירה 23/24 — ייתכן שאלה עונות השאלה","23/24-24/25","24/25","23/24-24/25","-","DF","DF","","2001","2001","",""
"ביתרdle","טימוטי מוזי","111690","עמדה","סתירה","מאגר: MF · ויקיפדיה: FW","23/24-25/26","23/24-25/26","23/24-25/26","-","MF","FW","","2001","2001","",""
"ביתרdle","לירן כהן","","עונות","מקור יחיד","אין ויקיפדיה, אין התאחדות, אין worldfootball","23/24","-","-","-","DF","","","2001","","",""
"ביתרdle","ניקה חורחלי","283350","עונות","סתירה","ויקיפדיה מוסיפה 24/25 · המאגר מוסיף 23/24","23/24","24/25","23/24","-","MF","MF","","2001","2001","",""
"ביתרdle","פלמן גלבוב","","עונות","סתירה","ויקיפדיה מוסיפה 24/25 · המאגר מוסיף 23/24","23/24","24/25","-","-","DF","DF","","1995","1995","",""
"ביתרdle","רועי בן שמעון","105733","עונות","סתירה","ויקיפדיה מוסיפה 24/25 · המאגר מוסיף 23/24","23/24","24/25","23/24","-","FW","FW","","2000","2000","",""
"ביתרdle","יאקוב ג'נו","","עונות","מקור יחיד","אין ויקיפדיה, אין התאחדות, אין worldfootball","24/25","-","-","-","MF","","","2000","","",""
"ביתרdle","עילאי חדד","","עונות","מקור יחיד","אין ויקיפדיה, אין התאחדות, אין worldfootball","24/25","-","-","-","DF","","","2005","","",""
"ביתרdle","עמית קורנפיין","","עונות","מקור יחיד","אין ויקיפדיה, אין התאחדות, אין worldfootball","24/25-25/26","-","-","-","GK","","","2005","","",""
"ביתרdle","איתי יוסף שושן","","עונות","מקור יחיד","אין ויקיפדיה, אין התאחדות, אין worldfootball","25/26","-","-","-","MF","","","2007","","",""
"ביתרdle","ג'ונבוסקו קאלו","","זהות","שני ערכים באותו שם","בוויקיפדיה יש יותר מערך אחד בשם הזה — אין תיקון אוטומטי","25/26","25/26","-","-","FW","","","1997","","",""
"ביתרdle","זיו בן שמול","","עונות","מקור יחיד","אין ויקיפדיה, אין התאחדות, אין worldfootball","25/26","-","-","-","MF","","","2004","","",""
"ביתרdle","יאן שיקוט","","עונות","מקור יחיד","אין ויקיפדיה, אין התאחדות, אין worldfootball","25/26","-","-","-","FW","","","2007","","",""
"ביתרdle","נאנה אנטווי","","עונות","מקור יחיד","אין ויקיפדיה, אין התאחדות, אין worldfootball","25/26","-","-","-","DF","DF","","2000","2000","",""
"ביתרdle","עדו זברו","","עונות","מקור יחיד","אין ויקיפדיה, אין התאחדות, אין worldfootball","25/26","-","-","-","GK","","","","","",""
"ביתרdle","עדו זברו","","שנת לידה","אין בשום מקור","","25/26","-","-","-","GK","","","","","",""
"ביתרdle","עדי יששכר","","עונות","מקור יחיד","אין ויקיפדיה, אין התאחדות, אין worldfootball","25/26","-","-","-","GK","","","2006","","",""
"באר־שבעdle","שלום אביטן","","עונות","המאגר קצר מדי","חסרות 75/76-79/80, 81/82-84/85","72/73","72/73, 75/76-79/80, 81/82-84/85","-","-","FW","FW","","1951","1951","","""שלום אביטן"": { ""spells"": [[1973,1973],[1976,1980],[1982,1985]] }"
"באר־שבעdle","אלון בן דור","","עונות","המאגר קצר מדי","חסרות 69/70-74/75, 77/78-78/79","75/76-76/77","69/70-78/79","-","-","DF","DF","","1952","1952","","""אלון בן דור"": { ""spells"": [[1970,1979]] }"
"באר־שבעdle","אלי אוזן","","עונות","המאגר קצר מדי","חסרות 85/86-91/92","80/81-83/84","80/81-83/84, 85/86-91/92","-","-","DF","DF","","1963","1963","","""אלי אוזן"": { ""spells"": [[1981,1984],[1986,1992]] }"
"באר־שבעdle","סתיו אלימלך","13276","עונות","המאגר ארוך מדי","ויקיפדיה לא מכירה 05/06-06/07 — ייתכן שאלה עונות השאלה","87/88-96/97, 98/99-06/07","87/88-96/97, 98/99-04/05","02/03-06/07","87/88-96/97, 98/99-05/06","MF","MF","MF","1969","1969","1969",""
"באר־שבעdle","ניסו אביטן","","עמדה","סתירה","מאגר: MF · ויקיפדיה: FW","90/91, 94/95, 98/99","90/91, 94/95, 98/99","-","-","MF","FW","","1971","1971","",""
"באר־שבעdle","אורן סגרון","28730","עונות","המאגר ארוך מדי","ויקיפדיה לא מכירה 98/99-00/01, 05/06 — ייתכן שאלה עונות השאלה","91/92-05/06","91/92-97/98, 01/02-04/05","02/03-05/06","91/92-04/05","FW","FW","FW","1972","1972","1973",""
"באר־שבעdle","אורן סגרון","28730","שנת לידה","סתירה","מאגר: 1972 · ויקיפדיה: 1972 · worldfootball: 1973","91/92-05/06","91/92-97/98, 01/02-04/05","02/03-05/06","91/92-04/05","FW","FW","FW","1972","1972","1973",""
"באר־שבעdle","שאול סמדג'ה","13292","עונות","סתירה","ויקיפדיה מוסיפה 91/92 · המאגר מוסיף 02/03","92/93-97/98, 01/02-02/03","91/92-97/98, 01/02","02/03","92/93-97/98, 01/02","GK","GK","GK","1972","1972","1972",""
"באר־שבעdle","אמיר אביגדור","","עונות","סתירה","ויקיפדיה מוסיפה 89/90-91/92 · המאגר מוסיף 96/97","93/94-97/98","89/90-91/92, 93/94-95/96, 97/98","-","-","FW","MF","","1970","1970","",""
"באר־שבעdle","אמיר אביגדור","","עמדה","סתירה","מאגר: FW · ויקיפדיה: MF","93/94-97/98","89/90-91/92, 93/94-95/96, 97/98","-","-","FW","MF","","1970","1970","",""
"באר־שבעdle","ויקטור מורוז","","עמדה","סתירה","מאגר: MF · ויקיפדיה: FW","93/94-94/95","93/94-94/95","-","-","MF","FW","","1968","1968","",""
"באר־שבעdle","נועם שוהם","","עונות","סתירה","ויקיפדיה מוסיפה 00/01 · המאגר מוסיף 99/00","99/00","00/01","-","-","MF","MF","","1970","1970","",""
"באר־שבעdle","אופיר חיים","13286","עונות","המאגר ארוך מדי","ויקיפדיה לא מכירה 00/01 — ייתכן שאלה עונות השאלה","00/01-03/04, 07/08-08/09","01/02-03/04, 07/08-08/09","02/03-03/04, 07/08-08/09","00/01-03/04, 07/08-08/09","FW","FW","FW","1975","1975","1975",""
"באר־שבעdle","אליניב ברדה","13280","עונות","המאגר קצר מדי","חסרות 98/99-99/00, 02/03","00/01-01/02, 13/14-17/18","98/99-02/03, 13/14-17/18","13/14-17/18","00/01-01/02, 13/14-16/17","FW","FW","FW","1981","1981","1981","""13280"": { ""spells"": [[1999,2003],[2014,2018]] }"
"באר־שבעdle","כפיר אדרי","","עמדה","סתירה","מאגר: MF · ויקיפדיה: DF","01/02","01/02","-","-","MF","DF","","1976","1976","",""
"באר־שבעdle","שוקי נגר","","עונות","סתירה","ויקיפדיה מוסיפה 04/05 · המאגר מוסיף 03/04","01/02-03/04","01/02-02/03, 04/05","-","-","DF","DF","","1977","1977","",""
"באר־שבעdle","אביתר אילוז","17341","עונות","סתירה","ויקיפדיה מוסיפה 01/02 · המאגר מוסיף 15/16","02/03-04/05, 06/07-15/16","01/02-04/05, 06/07-14/15","02/03-04/05, 06/07-15/16","-","DF","DF","","1983","1983","",""
"באר־שבעdle","אייל עבד","13294","עמדה","אין בשום מקור","","02/03-03/04","-","02/03-03/04","-","","","","","","",""
"באר־שבעdle","אייל עבד","13294","שנת לידה","אין בשום מקור","","02/03-03/04","-","02/03-03/04","-","","","","","","",""
"באר־שבעdle","איציק פרץ","13295","עמדה","אין בשום מקור","","02/03","-","02/03","-","","","","","","",""
"באר־שבעdle","איציק פרץ","13295","שנת לידה","אין בשום מקור","","02/03","-","02/03","-","","","","","","",""
"באר־שבעdle","אלעד בונפלד","13279","עונות","סתירה","ויקיפדיה מוסיפה 00/01-01/02 · המאגר מוסיף 04/05, 09/10","02/03-04/05, 06/07-09/10","00/01-03/04, 06/07-08/09","02/03-04/05, 06/07-09/10","-","MF","MF","","1980","1980","",""
"באר־שבעdle","אלעד שוורץ","14388","עמדה","אין בשום מקור","","02/03","-","02/03","-","","","","","","",""
"באר־שבעdle","אלעד שוורץ","14388","שנת לידה","אין בשום מקור","","02/03","-","02/03","-","","","","","","",""
"באר־שבעdle","אלעזר לביא","14143","עמדה","אין בשום מקור","","02/03, 04/05","-","02/03, 04/05","-","","","","","","",""
"באר־שבעdle","אלעזר לביא","14143","שנת לידה","אין בשום מקור","","02/03, 04/05","-","02/03, 04/05","-","","","","","","",""
"באר־שבעdle","אמולה אייגיוני","164908","עמדה","אין בשום מקור","","02/03","-","02/03","-","","","","","","",""
"באר־שבעdle","אמולה אייגיוני","164908","שנת לידה","אין בשום מקור","","02/03","-","02/03","-","","","","","","",""
"באר־שבעdle","אמיר אבוטבול","28707","עמדה","אין בשום מקור","","02/03","-","02/03","-","","","","","","",""
"באר־שבעdle","אמיר אבוטבול","28707","שנת לידה","אין בשום מקור","","02/03","-","02/03","-","","","","","","",""
"באר־שבעdle","אסף רחמים","13299","עמדה","אין בשום מקור","","02/03-03/04, 05/06-08/09","-","02/03-03/04, 05/06-08/09","-","","","","","","",""
"באר־שבעdle","אסף רחמים","13299","שנת לידה","אין בשום מקור","","02/03-03/04, 05/06-08/09","-","02/03-03/04, 05/06-08/09","-","","","","","","",""
"באר־שבעdle","אפיק ארזואן","17344","עמדה","אין בשום מקור","","02/03","-","02/03","-","","","","","","",""
"באר־שבעdle","אפיק ארזואן","17344","שנת לידה","אין בשום מקור","","02/03","-","02/03","-","","","","","","",""
"באר־שבעdle","בונו אלכסנדר","34516","עמדה","אין בשום מקור","","02/03","-","02/03","-","","","","","","",""
"באר־שבעdle","בונו אלכסנדר","34516","שנת לידה","אין בשום מקור","","02/03","-","02/03","-","","","","","","",""
"באר־שבעdle","גבריאל חיון","13285","עמדה","אין בשום מקור","","02/03","-","02/03","-","","","","","","",""
"באר־שבעdle","גבריאל חיון","13285","שנת לידה","אין בשום מקור","","02/03","-","02/03","-","","","","","","",""
"באר־שבעdle","גלעד גרנדש","17354","עמדה","אין בשום מקור","","02/03","-","02/03","-","","","","","","",""
"באר־שבעdle","גלעד גרנדש","17354","שנת לידה","אין בשום מקור","","02/03","-","02/03","-","","","","","","",""
"באר־שבעdle","גלעד נתן","25113","עמדה","אין בשום מקור","","02/03","-","02/03","-","","","","","","",""
"באר־שבעdle","גלעד נתן","25113","שנת לידה","אין בשום מקור","","02/03","-","02/03","-","","","","","","",""
"באר־שבעdle","טרחולסקי ברטוש","34328","עמדה","אין בשום מקור","","02/03","-","02/03","-","","","","","","",""
"באר־שבעdle","טרחולסקי ברטוש","34328","שנת לידה","אין בשום מקור","","02/03","-","02/03","-","","","","","","",""
"באר־שבעdle","יוסי אביטן","272","עמדה","אין בשום מקור","","02/03","-","02/03","-","","","","","","",""
"באר־שבעdle","יוסי אביטן","272","שנת לידה","אין בשום מקור","","02/03","-","02/03","-","","","","","","",""
"באר־שבעdle","יזרסקי רמיגיוס","34327","עמדה","אין בשום מקור","","02/03-03/04","-","02/03-03/04","-","","","","","","",""
"באר־שבעdle","יזרסקי רמיגיוס","34327","שנת לידה","אין בשום מקור","","02/03-03/04","-","02/03-03/04","-","","","","","","",""
"באר־שבעdle","ינאי דרעי","13281","עמדה","אין בשום מקור","","02/03-03/04, 05/06","-","02/03-03/04, 05/06","-","","","","","","",""
"באר־שבעdle","ינאי דרעי","13281","שנת לידה","אין בשום מקור","","02/03-03/04, 05/06","-","02/03-03/04, 05/06","-","","","","","","",""
"באר־שבעdle","ינון שי","17376","עמדה","אין בשום מקור","","02/03, 04/05","-","02/03, 04/05","-","","","","","","",""
"באר־שבעdle","ינון שי","17376","שנת לידה","אין בשום מקור","","02/03, 04/05","-","02/03, 04/05","-","","","","","","",""
"באר־שבעdle","יניב אלול","13275","עונות","המאגר קצר מדי","חסרות 98/99-01/02, 05/06-06/07","02/03-04/05, 07/08-08/09","98/99-08/09","02/03-04/05, 07/08-08/09","02/03","MF","DF","MF","1978","1978","1978","""13275"": { ""spells"": [[1999,2009]] }"
"באר־שבעdle","יניב אלול","13275","עמדה","סתירה","מאגר: MF · ויקיפדיה: DF · worldfootball: MF","02/03-04/05, 07/08-08/09","98/99-08/09","02/03-04/05, 07/08-08/09","02/03","MF","DF","MF","1978","1978","1978",""
"באר־שבעdle","יעקב ועקנין","254","עמדה","אין בשום מקור","","02/03","-","02/03","-","","","","","","",""
"באר־שבעdle","יעקב ועקנין","254","שנת לידה","אין בשום מקור","","02/03","-","02/03","-","","","","","","",""
"באר־שבעdle","כפיר פרץ","17372","עמדה","אין בשום מקור","","02/03","-","02/03","-","","","","","","",""
"באר־שבעdle","כפיר פרץ","17372","שנת לידה","אין בשום מקור","","02/03","-","02/03","-","","","","","","",""
"באר־שבעdle","מאיר בל","281","עמדה","אין בשום מקור","","02/03","-","02/03","-","","","","","","",""
"באר־שבעdle","מאיר בל","281","שנת לידה","אין בשום מקור","","02/03","-","02/03","-","","","","","","",""
"באר־שבעdle","מדונוביץ דרזן","13289","עמדה","אין בשום מקור","","02/03","-","02/03","-","","","","","","",""
"באר־שבעdle","מדונוביץ דרזן","13289","שנת לידה","אין בשום מקור","","02/03","-","02/03","-","","","","","","",""
"באר־שבעdle","מורדי שוורץ","14387","עמדה","אין בשום מקור","","02/03","-","02/03","-","","","","","","",""
"באר־שבעdle","מורדי שוורץ","14387","שנת לידה","אין בשום מקור","","02/03","-","02/03","-","","","","","","",""
"באר־שבעdle","משה סטקלר","15002","עמדה","אין בשום מקור","","02/03","-","02/03","-","","","","","","",""
"באר־שבעdle","משה סטקלר","15002","שנת לידה","אין בשום מקור","","02/03","-","02/03","-","","","","","","",""
"באר־שבעdle","מתי פרץ","17373","עמדה","אין בשום מקור","","02/03","-","02/03","-","","","","","","",""
"באר־שבעdle","מתי פרץ","17373","שנת לידה","אין בשום מקור","","02/03","-","02/03","-","","","","","","",""
"באר־שבעdle","עוז יפרח","13288","עמדה","אין בשום מקור","","02/03-06/07","-","02/03-06/07","-","","","","","","",""
"באר־שבעdle","עוז יפרח","13288","שנת לידה","אין בשום מקור","","02/03-06/07","-","02/03-06/07","-","","","","","","",""
"באר־שבעdle","עידו בוכובזה","17347","עמדה","אין בשום מקור","","02/03","-","02/03","-","","","","","","",""
"באר־שבעdle","עידו בוכובזה","17347","שנת לידה","אין בשום מקור","","02/03","-","02/03","-","","","","","","",""
"באר־שבעdle","קאקו בלסינג","63590","עמדה","אין בשום מקור","","02/03","-","02/03","-","","","","","","",""
"באר־שבעdle","קאקו בלסינג","63590","שנת לידה","אין בשום מקור","","02/03","-","02/03","-","","","","","","",""
"באר־שבעdle","קורמן דיוי","13297","עמדה","אין בשום מקור","","02/03","-","02/03","-","","","","","","",""
"באר־שבעdle","קורמן דיוי","13297","שנת לידה","אין בשום מקור","","02/03","-","02/03","-","","","","","","",""
"באר־שבעdle","רותם משעלי","30523","עמדה","אין בשום מקור","","02/03","-","02/03","-","","","","","","",""
"באר־שבעdle","רותם משעלי","30523","שנת לידה","אין בשום מקור","","02/03","-","02/03","-","","","","","","",""
"באר־שבעdle","רמי אבולבן","13272","עמדה","אין בשום מקור","","02/03","-","02/03","-","","","","","","",""
"באר־שבעdle","רמי אבולבן","13272","שנת לידה","אין בשום מקור","","02/03","-","02/03","-","","","","","","",""
"באר־שבעdle","רמי אליהו","13277","עמדה","אין בשום מקור","","02/03-05/06","-","02/03-05/06","-","","","","","","",""
"באר־שבעdle","רמי אליהו","13277","שנת לידה","אין בשום מקור","","02/03-05/06","-","02/03-05/06","-","","","","","","",""
"באר־שבעdle","שרון לוי","297","עמדה","אין בשום מקור","","02/03, 04/05","-","02/03, 04/05","-","","","","","","",""
"באר־שבעdle","שרון לוי","297","שנת לידה","אין בשום מקור","","02/03, 04/05","-","02/03, 04/05","-","","","","","","",""
"באר־שבעdle","תומר חליבה","13780","עונות","סתירה","ויקיפדיה מוסיפה 98/99-00/01, 08/09 · המאגר מוסיף 07/08","02/03-04/05, 07/08","98/99-00/01, 02/03-04/05, 08/09","02/03-04/05, 07/08","-","DF","","","1979","","",""
"באר־שבעdle","תומר חליבה","13780","זהות","שני ערכים באותו שם","בוויקיפדיה יש יותר מערך אחד בשם הזה — אין תיקון אוטומטי","02/03-04/05, 07/08","98/99-00/01, 02/03-04/05, 08/09","02/03-04/05, 07/08","-","DF","","","1979","","",""
"באר־שבעdle","תומר טדסה","13301","עמדה","אין בשום מקור","","02/03","-","02/03","-","","","","","","",""
"באר־שבעdle","תומר טדסה","13301","שנת לידה","אין בשום מקור","","02/03","-","02/03","-","","","","","","",""
"באר־שבעdle","וייס מירוסלב","50356","עמדה","אין בשום מקור","","03/04","-","03/04","-","","","","","","",""
"באר־שבעdle","וייס מירוסלב","50356","שנת לידה","אין בשום מקור","","03/04","-","03/04","-","","","","","","",""
"באר־שבעdle","זוהר חוגג","17356","עמדה","אין בשום מקור","","03/04, 05/06-08/09","-","03/04, 05/06-08/09","-","","","","","","",""
"באר־שבעdle","זוהר חוגג","17356","שנת לידה","אין בשום מקור","","03/04, 05/06-08/09","-","03/04, 05/06-08/09","-","","","","","","",""
"באר־שבעdle","ינון ברדה","17351","עונות","המאגר קצר מדי","חסרות 02/03","03/04-05/06","02/03-05/06","03/04-05/06","-","FW","FW","","1984","1984","","""17351"": { ""spells"": [[2003,2006]] }"
"באר־שבעdle","ישראל עמר","59186","עמדה","אין בשום מקור","","03/04","-","03/04","-","","","","","","",""
"באר־שבעdle","ישראל עמר","59186","שנת לידה","אין בשום מקור","","03/04","-","03/04","-","","","","","","",""
"באר־שבעdle","מאור אלבז","1751","עמדה","אין בשום מקור","","03/04-04/05","-","03/04-04/05","-","","","","","","",""
"באר־שבעdle","מאור אלבז","1751","שנת לידה","אין בשום מקור","","03/04-04/05","-","03/04-04/05","-","","","","","","",""
"באר־שבעdle","נועם אבוטבול","17335","עמדה","אין בשום מקור","","03/04-04/05","-","03/04-04/05","-","","","","","","",""
"באר־שבעdle","נועם אבוטבול","17335","שנת לידה","אין בשום מקור","","03/04-04/05","-","03/04-04/05","-","","","","","","",""
"באר־שבעdle","סיסטון דיאגו","50157","עמדה","אין בשום מקור","","03/04","-","03/04","-","","","","","","",""
"באר־שבעdle","סיסטון דיאגו","50157","שנת לידה","אין בשום מקור","","03/04","-","03/04","-","","","","","","",""
"באר־שבעdle","שמעון סיבוני","17367","עמדה","אין בשום מקור","","03/04-05/06","-","03/04-05/06","-","","","","","","",""
"באר־שבעdle","שמעון סיבוני","17367","שנת לידה","אין בשום מקור","","03/04-05/06","-","03/04-05/06","-","","","","","","",""
"באר־שבעdle","אוראל אסיאג","16180","עמדה","אין בשום מקור","","04/05","-","04/05","-","","","","","","",""
"באר־שבעdle","אוראל אסיאג","16180","שנת לידה","אין בשום מקור","","04/05","-","04/05","-","","","","","","",""
"באר־שבעdle","איגור טומסיץ","49822","עמדה","אין בשום מקור","","04/05","-","04/05","-","","","","","","",""
"באר־שבעdle","איגור טומסיץ","49822","שנת לידה","אין בשום מקור","","04/05","-","04/05","-","","","","","","",""
"באר־שבעdle","אלון אברמוביץ","28775","עמדה","אין בשום מקור","","04/05-05/06","-","04/05-05/06","-","","","","","","",""
"באר־שבעdle","אלון אברמוביץ","28775","שנת לידה","אין בשום מקור","","04/05-05/06","-","04/05-05/06","-","","","","","","",""
"באר־שבעdle","אלין מינטואין","55368","עמדה","אין בשום מקור","","04/05","-","04/05","-","","","","","","",""
"באר־שבעdle","אלין מינטואין","55368","שנת לידה","אין בשום מקור","","04/05","-","04/05","-","","","","","","",""
"באר־שבעdle","גיאורגי קיפיאני","","עונות","המאגר ארוך מדי","ויקיפדיה לא מכירה 04/05 — ייתכן שאלה עונות השאלה","04/05-05/06","05/06","-","-","MF","MF","","1978","1978","",""
"באר־שבעdle","ולדימיר אנדונוב","54506","עמדה","אין בשום מקור","","04/05","-","04/05","-","","","","","","",""
"באר־שבעdle","ולדימיר אנדונוב","54506","שנת לידה","אין בשום מקור","","04/05","-","04/05","-","","","","","","",""
"באר־שבעdle","יניב אברג'יל","13273","עונות","המאגר קצר מדי","חסרות 02/03 · בתיבה יש שנה בודדת, בדוק ידנית","04/05","02/03, 04/05","04/05","-","FW","FW","","1977","1977","",""
"באר־שבעdle","מאטיץ סטיפה","62014","עמדה","אין בשום מקור","","04/05","-","04/05","-","","","","","","",""
"באר־שבעdle","מאטיץ סטיפה","62014","שנת לידה","אין בשום מקור","","04/05","-","04/05","-","","","","","","",""
"באר־שבעdle","מרטין סאריץ","85117","עמדה","אין בשום מקור","","04/05","-","04/05","-","","","","","","",""
"באר־שבעdle","מרטין סאריץ","85117","שנת לידה","אין בשום מקור","","04/05","-","04/05","-","","","","","","",""
"באר־שבעdle","ניר ברד","14358","עמדה","אין בשום מקור","","04/05","-","04/05","-","","","","","","",""
"באר־שבעdle","ניר ברד","14358","שנת לידה","אין בשום מקור","","04/05","-","04/05","-","","","","","","",""
"באר־שבעdle","רוגריו דה אוליביריה","61680","עמדה","אין בשום מקור","","04/05","-","04/05","-","","","","","","",""
"באר־שבעdle","רוגריו דה אוליביריה","61680","שנת לידה","אין בשום מקור","","04/05","-","04/05","-","","","","","","",""
"באר־שבעdle","רונן דהן","81","עמדה","אין בשום מקור","","04/05","-","04/05","-","","","","","","",""
"באר־שבעdle","רונן דהן","81","שנת לידה","אין בשום מקור","","04/05","-","04/05","-","","","","","","",""
"באר־שבעdle","אולמידה אגוי","55385","עמדה","אין בשום מקור","","05/06","-","05/06","-","","","","","","",""
"באר־שבעdle","אולמידה אגוי","55385","שנת לידה","אין בשום מקור","","05/06","-","05/06","-","","","","","","",""
"באר־שבעdle","איל שן","1431","עמדה","אין בשום מקור","","05/06, 09/10","-","05/06, 09/10","-","","","","","","",""
"באר־שבעdle","איל שן","1431","שנת לידה","אין בשום מקור","","05/06, 09/10","-","05/06, 09/10","-","","","","","","",""
"באר־שבעdle","אילן בוארון","1616","עונות","סתירה","ויקיפדיה מוסיפה 06/07 · המאגר מוסיף 05/06","05/06","06/07","05/06","-","DF","DF","","1972","1972","",""
"באר־שבעdle","גבריאל ווקין","55382","זהות","שני ערכים באותו שם","בוויקיפדיה יש יותר מערך אחד בשם הזה — אין תיקון אוטומטי","05/06","05/06","05/06","05/06","DF","","DF","1973","","1973",""
"באר־שבעdle","דודו בן שושן","17416","עמדה","אין בשום מקור","","05/06-07/08","-","05/06-07/08","-","","","","","","",""
"באר־שבעdle","דודו בן שושן","17416","שנת לידה","אין בשום מקור","","05/06-07/08","-","05/06-07/08","-","","","","","","",""
"באר־שבעdle","דרקו דוגיץ","64170","עמדה","אין בשום מקור","","05/06","-","05/06","-","","","","","","",""
"באר־שבעdle","דרקו דוגיץ","64170","שנת לידה","אין בשום מקור","","05/06","-","05/06","-","","","","","","",""
"באר־שבעdle","יחיאל הבטמו","28677","עמדה","אין בשום מקור","","05/06-06/07, 10/11","-","05/06-06/07, 10/11","-","","","","","","",""
"באר־שבעdle","יחיאל הבטמו","28677","שנת לידה","אין בשום מקור","","05/06-06/07, 10/11","-","05/06-06/07, 10/11","-","","","","","","",""
"באר־שבעdle","יניב אפרגן","12055","עמדה","אין בשום מקור","","05/06-07/08","-","05/06-07/08","-","","","","","","",""
"באר־שבעdle","יניב אפרגן","12055","שנת לידה","אין בשום מקור","","05/06-07/08","-","05/06-07/08","-","","","","","","",""
"באר־שבעdle","יניב ציציאן","15738","עמדה","אין בשום מקור","","05/06","-","05/06","-","","","","","","",""
"באר־שבעdle","יניב ציציאן","15738","שנת לידה","אין בשום מקור","","05/06","-","05/06","-","","","","","","",""
"באר־שבעdle","מיקי עטייה","264","עמדה","אין בשום מקור","","05/06-06/07","-","05/06-06/07","-","","","","","","",""
"באר־שבעdle","מיקי עטייה","264","שנת לידה","אין בשום מקור","","05/06-06/07","-","05/06-06/07","-","","","","","","",""
"באר־שבעdle","קרלוס צקנה","45906","עמדה","אין בשום מקור","","05/06","-","05/06","-","","","","","","",""
"באר־שבעdle","קרלוס צקנה","45906","שנת לידה","אין בשום מקור","","05/06","-","05/06","-","","","","","","",""
"באר־שבעdle","שלמה דהן","12064","עמדה","אין בשום מקור","","05/06-06/07","-","05/06-06/07","-","","","","","","",""
"באר־שבעdle","שלמה דהן","12064","שנת לידה","אין בשום מקור","","05/06-06/07","-","05/06-06/07","-","","","","","","",""
"באר־שבעdle","אלירן אפריאט","13532","עמדה","אין בשום מקור","","06/07-07/08","-","06/07-07/08","-","","","","","","",""
"באר־שבעdle","אלירן אפריאט","13532","שנת לידה","אין בשום מקור","","06/07-07/08","-","06/07-07/08","-","","","","","","",""
"באר־שבעdle","אלעד פרץ","20733","עמדה","אין בשום מקור","","06/07","-","06/07","-","","","","","","",""
"באר־שבעdle","אלעד פרץ","20733","שנת לידה","אין בשום מקור","","06/07","-","06/07","-","","","","","","",""
"באר־שבעdle","אקקי מקוצבזה","72186","עמדה","אין בשום מקור","","06/07","-","06/07","-","","","","","","",""
"באר־שבעdle","אקקי מקוצבזה","72186","שנת לידה","אין בשום מקור","","06/07","-","06/07","-","","","","","","",""
"באר־שבעdle","גורג דאטורו","73894","עמדה","אין בשום מקור","","06/07","-","06/07","-","","","","","","",""
"באר־שבעdle","גורג דאטורו","73894","שנת לידה","אין בשום מקור","","06/07","-","06/07","-","","","","","","",""
"באר־שבעdle","גיא זגדון","13540","עמדה","אין בשום מקור","","06/07-07/08","-","06/07-07/08","-","","","","","","",""
"באר־שבעdle","גיא זגדון","13540","שנת לידה","אין בשום מקור","","06/07-07/08","-","06/07-07/08","-","","","","","","",""
"באר־שבעdle","דוד פלס","16316","עמדה","אין בשום מקור","","06/07-07/08","-","06/07-07/08","-","","","","","","",""
"באר־שבעdle","דוד פלס","16316","שנת לידה","אין בשום מקור","","06/07-07/08","-","06/07-07/08","-","","","","","","",""
"באר־שבעdle","חיים פונטרמולי","14150","עמדה","אין בשום מקור","","06/07","-","06/07","-","","","","","","",""
"באר־שבעdle","חיים פונטרמולי","14150","שנת לידה","אין בשום מקור","","06/07","-","06/07","-","","","","","","",""
"באר־שבעdle","טל חיון","13543","עמדה","אין בשום מקור","","06/07-07/08","-","06/07-07/08","-","","","","","","",""
"באר־שבעdle","טל חיון","13543","שנת לידה","אין בשום מקור","","06/07-07/08","-","06/07-07/08","-","","","","","","",""
"באר־שבעdle","יוגב אלקבץ","4447","עמדה","אין בשום מקור","","06/07","-","06/07","-","","","","","","",""
"באר־שבעdle","יוגב אלקבץ","4447","שנת לידה","אין בשום מקור","","06/07","-","06/07","-","","","","","","",""
"באר־שבעdle","מרסיו סרייבה","79343","עמדה","אין בשום מקור","","06/07","-","06/07","-","","","","","","",""
"באר־שבעdle","מרסיו סרייבה","79343","שנת לידה","אין בשום מקור","","06/07","-","06/07","-","","","","","","",""
"באר־שבעdle","נדב מויאל","13548","עמדה","אין בשום מקור","","06/07","-","06/07","-","","","","","","",""
"באר־שבעdle","נדב מויאל","13548","שנת לידה","אין בשום מקור","","06/07","-","06/07","-","","","","","","",""
"באר־שבעdle","צפניה כדר","5252","עמדה","אין בשום מקור","","06/07-10/11","-","06/07-10/11","-","","","","","","",""
"באר־שבעdle","צפניה כדר","5252","שנת לידה","אין בשום מקור","","06/07-10/11","-","06/07-10/11","-","","","","","","",""
"באר־שבעdle","שרון עמר","4394","עונות","המאגר קצר מדי","חסרות 00/01","06/07","00/01, 06/07","06/07","-","DF","DF","","1976","1976","","""4394"": { ""spells"": [[2001,2001],[2007,2007]] }"
"באר־שבעdle","אביעד זגורי","22623","עמדה","אין בשום מקור","","07/08","-","07/08","-","","","","","","",""
"באר־שבעdle","אביעד זגורי","22623","שנת לידה","אין בשום מקור","","07/08","-","07/08","-","","","","","","",""
"באר־שבעdle","אורי מכלוף","22638","עמדה","אין בשום מקור","","07/08-08/09, 10/11","-","07/08-08/09, 10/11","-","","","","","","",""
"באר־שבעdle","אורי מכלוף","22638","שנת לידה","אין בשום מקור","","07/08-08/09, 10/11","-","07/08-08/09, 10/11","-","","","","","","",""
"באר־שבעdle","אורן נסים","13267","זהות","שני ערכים באותו שם","בוויקיפדיה יש יותר מערך אחד בשם הזה — אין תיקון אוטומטי","07/08-08/09","07/08-08/09","07/08-08/09","07/08-08/09","FW","","FW","1976","","1976",""
"באר־שבעdle","אלירן אמזלג","22608","עמדה","אין בשום מקור","","07/08-08/09","-","07/08-08/09","-","","","","","","",""
"באר־שבעdle","אלירן אמזלג","22608","שנת לידה","אין בשום מקור","","07/08-08/09","-","07/08-08/09","-","","","","","","",""
"באר־שבעdle","אנדרי גפיסלי","54502","עמדה","אין בשום מקור","","07/08","-","07/08","-","","","","","","",""
"באר־שבעdle","אנדרי גפיסלי","54502","שנת לידה","אין בשום מקור","","07/08","-","07/08","-","","","","","","",""
"באר־שבעdle","דודו פדלון","13782","עמדה","אין בשום מקור","","07/08-08/09","-","07/08-08/09","-","","","","","","",""
"באר־שבעdle","דודו פדלון","13782","שנת לידה","אין בשום מקור","","07/08-08/09","-","07/08-08/09","-","","","","","","",""
"באר־שבעdle","דור דוידי","13536","עמדה","אין בשום מקור","","07/08-10/11","-","07/08-10/11","-","","","","","","",""
"באר־שבעdle","דור דוידי","13536","שנת לידה","אין בשום מקור","","07/08-10/11","-","07/08-10/11","-","","","","","","",""
"באר־שבעdle","הלאל אלצאנע","22607","עמדה","אין בשום מקור","","07/08","-","07/08","-","","","","","","",""
"באר־שבעdle","הלאל אלצאנע","22607","שנת לידה","אין בשום מקור","","07/08","-","07/08","-","","","","","","",""
"באר־שבעdle","לאנדרו סימיוני","83998","עונות","המאגר ארוך מדי","ויקיפדיה לא מכירה 07/08 — ייתכן שאלה עונות השאלה","07/08-08/09","08/09","07/08-08/09","07/08-08/09","FW","FW","FW","1974","1974","1974",""
"באר־שבעdle","סעיד מקאסי","77865","עונות","סתירה","ויקיפדיה מוסיפה 08/09 · המאגר מוסיף 07/08","07/08","08/09","07/08","07/08","FW","FW","FW","1982","1982","1982",""
"באר־שבעdle","רועי סבג","28729","עמדה","אין בשום מקור","","07/08-08/09","-","07/08-08/09","-","","","","","","",""
"באר־שבעdle","רועי סבג","28729","שנת לידה","אין בשום מקור","","07/08-08/09","-","07/08-08/09","-","","","","","","",""
"באר־שבעdle","רפאל עמוס","22645","עמדה","אין בשום מקור","","07/08-08/09","-","07/08-08/09","-","","","","","","",""
"באר־שבעdle","רפאל עמוס","22645","שנת לידה","אין בשום מקור","","07/08-08/09","-","07/08-08/09","-","","","","","","",""
"באר־שבעdle","שי בירוק","2954","עונות","סתירה","ויקיפדיה מוסיפה 08/09 · המאגר מוסיף 07/08","07/08","08/09","07/08","-","MF","MF","","1984","1984","",""
"באר־שבעdle","איגור קוסטרוב","94728","עמדה","אין בשום מקור","","08/09","-","08/09","-","","","","","","",""
"באר־שבעdle","איגור קוסטרוב","94728","שנת לידה","אין בשום מקור","","08/09","-","08/09","-","","","","","","",""
"באר־שבעdle","אריאל גמון","37081","עמדה","אין בשום מקור","","08/09","-","08/09","-","","","","","","",""
"באר־שבעdle","אריאל גמון","37081","שנת לידה","אין בשום מקור","","08/09","-","08/09","-","","","","","","",""
"באר־שבעdle","גולן אמשקשוילי","22570","עמדה","אין בשום מקור","","08/09","-","08/09","-","","","","","","",""
"באר־שבעdle","גולן אמשקשוילי","22570","שנת לידה","אין בשום מקור","","08/09","-","08/09","-","","","","","","",""
"באר־שבעdle","גוסטין זולו","92515","עמדה","אין בשום מקור","","08/09","-","08/09","-","","","","","","",""
"באר־שבעdle","גוסטין זולו","92515","שנת לידה","אין בשום מקור","","08/09","-","08/09","-","","","","","","",""
"באר־שבעdle","גרשון קופי","","עונות","מקור יחיד","אין ויקיפדיה, אין התאחדות, אין worldfootball","08/09-10/11","-","-","-","FW","","","1991","","",""
"באר־שבעdle","דנדי אוקוגו","34367","עמדה","אין בשום מקור","","08/09-09/10","-","08/09-09/10","-","","","","","","",""
"באר־שבעdle","דנדי אוקוגו","34367","שנת לידה","אין בשום מקור","","08/09-09/10","-","08/09-09/10","-","","","","","","",""
"באר־שבעdle","זיו קבדה","28798","עונות","המאגר ארוך מדי","ויקיפדיה לא מכירה 09/10 — ייתכן שאלה עונות השאלה","08/09-09/10","08/09","08/09-09/10","09/10","MF","MF","MF","1978","1978","1978",""
"באר־שבעdle","יוסי אלקיים","22569","עמדה","אין בשום מקור","","08/09, 10/11","-","08/09, 10/11","-","","","","","","",""
"באר־שבעdle","יוסי אלקיים","22569","שנת לידה","אין בשום מקור","","08/09, 10/11","-","08/09, 10/11","-","","","","","","",""
"באר־שבעdle","מאור מליקסון","2410","עונות","המאגר קצר מדי","חסרות 10/11","08/09-09/10, 14/15-19/20","08/09-10/11, 14/15-19/20","08/09-09/10, 14/15-19/20","08/09-09/10, 14/15-18/19","MF","MF","MF","1984","1984","1984","""2410"": { ""spells"": [[2009,2011],[2015,2020]] }"
"באר־שבעdle","מור ברבי","22577","עמדה","אין בשום מקור","","08/09","-","08/09","-","","","","","","",""
"באר־שבעdle","מור ברבי","22577","שנת לידה","אין בשום מקור","","08/09","-","08/09","-","","","","","","",""
"באר־שבעdle","ניר מתיתיהו","22595","עמדה","אין בשום מקור","","08/09","-","08/09","-","","","","","","",""
"באר־שבעdle","ניר מתיתיהו","22595","שנת לידה","אין בשום מקור","","08/09","-","08/09","-","","","","","","",""
"באר־שבעdle","אופיר דוידזאדה","49494","עונות","המאגר ארוך מדי","ויקיפדיה לא מכירה 09/10 — ייתכן שאלה עונות השאלה","09/10-15/16, 25/26","10/11-15/16, 25/26","10/11-15/16, 25/26","-","DF","DF","","1991","1991","",""
"באר־שבעdle","ברק בדש","","עונות","סתירה","ויקיפדיה מוסיפה 10/11 · המאגר מוסיף 09/10","09/10","10/11","-","-","FW","FW","","1982","1982","",""
"באר־שבעdle","גד עובדיה","36388","עמדה","אין בשום מקור","","09/10","-","09/10","-","","","","","","",""
"באר־שבעdle","גד עובדיה","36388","שנת לידה","אין בשום מקור","","09/10","-","09/10","-","","","","","","",""
"באר־שבעdle","גיל בלומשטיין","26261","עמדה","אין בשום מקור","","09/10","-","09/10","-","","","","","","",""
"באר־שבעdle","גיל בלומשטיין","26261","שנת לידה","אין בשום מקור","","09/10","-","09/10","-","","","","","","",""
"באר־שבעdle","דנילו מורירה","103942","עמדה","אין בשום מקור","","09/10","-","09/10","-","","","","","","",""
"באר־שבעdle","דנילו מורירה","103942","שנת לידה","אין בשום מקור","","09/10","-","09/10","-","","","","","","",""
"באר־שבעdle","ויליאם סוארס","85140","עונות","סתירה","ויקיפדיה מוסיפה 17/18 · המאגר מוסיף 09/10, 16/17","09/10-16/17","10/11-15/16, 17/18","10/11-16/17","-","DF","","","1985","","",""
"באר־שבעdle","ויליאם סוארס","85140","זהות","שני ערכים באותו שם","בוויקיפדיה יש יותר מערך אחד בשם הזה — אין תיקון אוטומטי","09/10-16/17","10/11-15/16, 17/18","10/11-16/17","-","DF","","","1985","","",""
"באר־שבעdle","חגי יצחק","10571","עמדה","אין בשום מקור","","09/10","-","09/10","-","","","","","","",""
"באר־שבעdle","חגי יצחק","10571","שנת לידה","אין בשום מקור","","09/10","-","09/10","-","","","","","","",""
"באר־שבעdle","טברטקו קאלה","72098","זהות","שני ערכים באותו שם","בוויקיפדיה יש יותר מערך אחד בשם הזה — אין תיקון אוטומטי","09/10","09/10","09/10","09/10","GK","","GK","1974","","1974",""
"באר־שבעdle","ליאל זגורי","72977","עמדה","אין בשום מקור","","09/10-10/11","-","09/10-10/11","-","","","","","","",""
"באר־שבעdle","ליאל זגורי","72977","שנת לידה","אין בשום מקור","","09/10-10/11","-","09/10-10/11","-","","","","","","",""
"באר־שבעdle","מוחמד אדאמו","104333","עמדה","אין בשום מקור","","09/10","-","09/10","-","","","","","","",""
"באר־שבעdle","מוחמד אדאמו","104333","שנת לידה","אין בשום מקור","","09/10","-","09/10","-","","","","","","",""
"באר־שבעdle","מרקוס גלרזה","110347","עמדה","אין בשום מקור","","09/10","-","09/10","-","","","","","","",""
"באר־שבעdle","מרקוס גלרזה","110347","שנת לידה","אין בשום מקור","","09/10","-","09/10","-","","","","","","",""
"באר־שבעdle","מתן בטיטו","10557","עמדה","אין בשום מקור","","09/10","-","09/10","-","","","","","","",""
"באר־שבעdle","מתן בטיטו","10557","שנת לידה","אין בשום מקור","","09/10","-","09/10","-","","","","","","",""
"באר־שבעdle","סראג נסאר","34848","עמדה","אין בשום מקור","","09/10-14/15","-","09/10-14/15","-","","","","","","",""
"באר־שבעdle","סראג נסאר","34848","שנת לידה","אין בשום מקור","","09/10-14/15","-","09/10-14/15","-","","","","","","",""
"באר־שבעdle","ראיין אדליי","104444","עונות","המאגר קצר מדי","חסרות 12/13","09/10-11/12","09/10-12/13","09/10-11/12","-","DF","DF","","1987","1987","","""104444"": { ""spells"": [[2010,2013]] }"
"באר־שבעdle","שי לוק","10573","עמדה","אין בשום מקור","","09/10-10/11","-","09/10-10/11","-","","","","","","",""
"באר־שבעdle","שי לוק","10573","שנת לידה","אין בשום מקור","","09/10-10/11","-","09/10-10/11","-","","","","","","",""
"באר־שבעdle","איברהים בסיט","","עונות","המאגר קצר מדי","חסרות 11/12","10/11","10/11-11/12","-","-","FW","FW","","1990","1990","","""איברהים בסיט"": { ""spells"": [[2011,2012]] }"
"באר־שבעdle","איברהים ראזק","111911","עמדה","אין בשום מקור","","10/11","-","10/11","-","","","","","","",""
"באר־שבעdle","איברהים ראזק","111911","שנת לידה","אין בשום מקור","","10/11","-","10/11","-","","","","","","",""
"באר־שבעdle","בסיט אברהם","102747","עמדה","אין בשום מקור","","10/11","-","10/11","-","","","","","","",""
"באר־שבעdle","בסיט אברהם","102747","שנת לידה","אין בשום מקור","","10/11","-","10/11","-","","","","","","",""
"באר־שבעdle","גיימס ביסו","111801","עמדה","אין בשום מקור","","10/11","-","10/11","-","","","","","","",""
"באר־שבעdle","גיימס ביסו","111801","שנת לידה","אין בשום מקור","","10/11","-","10/11","-","","","","","","",""
"באר־שבעdle","דובב גבאי","13202","עונות","המאגר ארוך מדי","ויקיפדיה לא מכירה 10/11 — ייתכן שאלה עונות השאלה","10/11-14/15","11/12-14/15","10/11-14/15","11/12-14/15","FW","FW","FW","1987","1987","1987",""
"באר־שבעdle","דוד קרב","37062","עמדה","אין בשום מקור","","10/11","-","10/11","-","","","","","","",""
"באר־שבעdle","דוד קרב","37062","שנת לידה","אין בשום מקור","","10/11","-","10/11","-","","","","","","",""
"באר־שבעdle","דין אוחנה","46045","עמדה","אין בשום מקור","","10/11","-","10/11","-","","","","","","",""
"באר־שבעdle","דין אוחנה","46045","שנת לידה","אין בשום מקור","","10/11","-","10/11","-","","","","","","",""
"באר־שבעdle","דניאל ליפשיץ","34684","עונות","המאגר ארוך מדי","ויקיפדיה לא מכירה 10/11 — ייתכן שאלה עונות השאלה","10/11-11/12","11/12","10/11-11/12","10/11-11/12","GK","GK","GK","1988","1988","1988",""
"באר־שבעdle","יוסף טורזמן","8498","עמדה","אין בשום מקור","","10/11-11/12","-","10/11-11/12","-","","","","","","",""
"באר־שבעdle","יוסף טורזמן","8498","שנת לידה","אין בשום מקור","","10/11-11/12","-","10/11-11/12","-","","","","","","",""
"באר־שבעdle","יחיאל צגאי","","עונות","סתירה","ויקיפדיה מוסיפה 02/03-06/07, 11/12 · המאגר מוסיף 10/11","10/11","02/03-06/07, 11/12","-","-","MF","MF","","1983","1983","",""
"באר־שבעdle","ליאור ז'אן","8481","זהות","שני ערכים באותו שם","בוויקיפדיה יש יותר מערך אחד בשם הזה — אין תיקון אוטומטי","10/11","10/11","10/11","10/11","DF","","DF","1986","","1986",""
"באר־שבעdle","מור בן עמי","35778","עמדה","אין בשום מקור","","10/11","-","10/11","-","","","","","","",""
"באר־שבעdle","מור בן עמי","35778","שנת לידה","אין בשום מקור","","10/11","-","10/11","-","","","","","","",""
"באר־שבעdle","צחי מחלוף","10582","עמדה","אין בשום מקור","","10/11","-","10/11","-","","","","","","",""
"באר־שבעdle","צחי מחלוף","10582","שנת לידה","אין בשום מקור","","10/11","-","10/11","-","","","","","","",""
"באר־שבעdle","שמעון לוגסי","47563","עמדה","אין בשום מקור","","10/11-11/12","-","10/11-11/12","-","","","","","","",""
"באר־שבעdle","שמעון לוגסי","47563","שנת לידה","אין בשום מקור","","10/11-11/12","-","10/11-11/12","-","","","","","","",""
"באר־שבעdle","איוון פינזון","94648","עמדה","אין בשום מקור","","11/12","-","11/12","-","","","","","","",""
"באר־שבעdle","איוון פינזון","94648","שנת לידה","אין בשום מקור","","11/12","-","11/12","-","","","","","","",""
"באר־שבעdle","אלירן סולימנפור","22548","עמדה","אין בשום מקור","","11/12-12/13","-","11/12-12/13","-","","","","","","",""
"באר־שבעdle","אלירן סולימנפור","22548","שנת לידה","אין בשום מקור","","11/12-12/13","-","11/12-12/13","-","","","","","","",""
"באר־שבעdle","גל דהן","79224","עמדה","אין בשום מקור","","11/12-12/13","-","11/12-12/13","-","","","","","","",""
"באר־שבעdle","גל דהן","79224","שנת לידה","אין בשום מקור","","11/12-12/13","-","11/12-12/13","-","","","","","","",""
"באר־שבעdle","דיא סבע","12585","עונות","סתירה","ויקיפדיה מוסיפה 12/13, 18/19 · המאגר מוסיף 11/12","11/12","12/13, 18/19","11/12","-","FW","FW","","1992","1992","",""
"באר־שבעdle","דראשקו בוז'וביץ'","134196","עונות","סתירה","ויקיפדיה מוסיפה 12/13 · המאגר מוסיף 11/12","11/12","12/13","11/12","11/12","MF","MF","MF","1988","1988","1988",""
"באר־שבעdle","יוסף אבו לבן","46154","עונות","המאגר קצר מדי","חסרות 13/14-14/15","11/12-12/13","11/12-14/15","11/12-12/13","11/12-12/13","FW","FW","FW","1992","1992","1992","""46154"": { ""spells"": [[2012,2015]] }"
"באר־שבעdle","יצחק וקנין","76069","עמדה","אין בשום מקור","","11/12","-","11/12","-","","","","","","",""
"באר־שבעdle","יצחק וקנין","76069","שנת לידה","אין בשום מקור","","11/12","-","11/12","-","","","","","","",""
"באר־שבעdle","ירדן אבוחצירה","48702","עמדה","אין בשום מקור","","11/12","-","11/12","-","","","","","","",""
"באר־שבעdle","ירדן אבוחצירה","48702","שנת לידה","אין בשום מקור","","11/12","-","11/12","-","","","","","","",""
"באר־שבעdle","ננאד קיסו","134059","עמדה","אין בשום מקור","","11/12","-","11/12","-","","","","","","",""
"באר־שבעdle","ננאד קיסו","134059","שנת לידה","אין בשום מקור","","11/12","-","11/12","-","","","","","","",""
"באר־שבעdle","פטר גרביץ'","134195","עונות","סתירה","ויקיפדיה מוסיפה 12/13 · המאגר מוסיף 11/12","11/12","12/13","11/12","-","FW","FW","","1988","1988","",""
"באר־שבעdle","בוגאן מרקוביץ","135061","עמדה","אין בשום מקור","","12/13","-","12/13","-","","","","","","",""
"באר־שבעdle","בוגאן מרקוביץ","135061","שנת לידה","אין בשום מקור","","12/13","-","12/13","-","","","","","","",""
"באר־שבעdle","בן ביטון","16607","עונות","סתירה","ויקיפדיה מוסיפה 20/21 · המאגר מוסיף 12/13","12/13-19/20","13/14-20/21","13/14-19/20","12/13-14/15","MF","DF","MF","1991","1991","1991",""
"באר־שבעdle","בן ביטון","16607","עמדה","סתירה","מאגר: MF · ויקיפדיה: DF · worldfootball: MF","12/13-19/20","13/14-20/21","13/14-19/20","12/13-14/15","MF","DF","MF","1991","1991","1991",""
"באר־שבעdle","בן והבה","27026","עונות","סתירה","ויקיפדיה מוסיפה 13/14 · המאגר מוסיף 12/13","12/13","13/14","12/13","-","DF","DF","","1992","1992","",""
"באר־שבעdle","יונתן אוזן","48707","עמדה","אין בשום מקור","","12/13-13/14","-","12/13-13/14","-","","","","","","",""
"באר־שבעdle","יונתן אוזן","48707","שנת לידה","אין בשום מקור","","12/13-13/14","-","12/13-13/14","-","","","","","","",""
"באר־שבעdle","יקיר אזולאי","121567","עמדה","אין בשום מקור","","12/13","-","12/13","-","","","","","","",""
"באר־שבעdle","יקיר אזולאי","121567","שנת לידה","אין בשום מקור","","12/13","-","12/13","-","","","","","","",""
"באר־שבעdle","מזי אוסייקו","135495","עמדה","אין בשום מקור","","12/13","-","12/13","-","","","","","","",""
"באר־שבעdle","מזי אוסייקו","135495","שנת לידה","אין בשום מקור","","12/13","-","12/13","-","","","","","","",""
"באר־שבעdle","ניקולאס פלזוק","112783","עמדה","אין בשום מקור","","12/13-13/14","-","12/13-13/14","-","","","","","","",""
"באר־שבעdle","ניקולאס פלזוק","112783","שנת לידה","אין בשום מקור","","12/13-13/14","-","12/13-13/14","-","","","","","","",""
"באר־שבעdle","ניקולאס פלצ'וק","","עמדה","סתירה","מאגר: FW · ויקיפדיה: MF","12/13-13/14","12/13-13/14","-","-","FW","MF","","1986","1986","",""
"באר־שבעdle","סהר שבתאי","46936","עמדה","אין בשום מקור","","12/13","-","12/13","-","","","","","","",""
"באר־שבעdle","סהר שבתאי","46936","שנת לידה","אין בשום מקור","","12/13","-","12/13","-","","","","","","",""
"באר־שבעdle","פיראס עווד","66566","עמדה","אין בשום מקור","","12/13","-","12/13","-","","","","","","",""
"באר־שבעdle","פיראס עווד","66566","שנת לידה","אין בשום מקור","","12/13","-","12/13","-","","","","","","",""
"באר־שבעdle","רביד גזל","1618","עונות","סתירה","ויקיפדיה מוסיפה 13/14 · המאגר מוסיף 12/13","12/13","13/14","12/13","12/13","MF","MF","MF","1982","1982","1982",""
"באר־שבעdle","תומר סויסה","12556","עונות","המאגר קצר מדי","חסרות 14/15","12/13-13/14","12/13-14/15","12/13-13/14","12/13-13/14","MF","FW","MF","1988","1988","1988","""12556"": { ""spells"": [[2013,2015]] }"
"באר־שבעdle","תומר סויסה","12556","עמדה","סתירה","מאגר: MF · ויקיפדיה: FW · worldfootball: MF","12/13-13/14","12/13-14/15","12/13-13/14","12/13-13/14","MF","FW","MF","1988","1988","1988",""
"באר־שבעdle","אור חביביאן","101526","עמדה","אין בשום מקור","","13/14-15/16","-","13/14-15/16","-","","","","","","",""
"באר־שבעdle","אור חביביאן","101526","שנת לידה","אין בשום מקור","","13/14-15/16","-","13/14-15/16","-","","","","","","",""
"באר־שבעdle","בן אלגרבלי","75592","עמדה","אין בשום מקור","","13/14","-","13/14","-","","","","","","",""
"באר־שבעdle","בן אלגרבלי","75592","שנת לידה","אין בשום מקור","","13/14","-","13/14","-","","","","","","",""
"באר־שבעdle","בן תורג'מן","11406","עונות","סתירה","ויקיפדיה מוסיפה 14/15, 19/20 · המאגר מוסיף 18/19","13/14, 15/16-16/17, 18/19","13/14-16/17, 19/20","13/14, 15/16-16/17, 18/19","13/14, 15/16-16/17, 18/19","DF","DF","DF","1989","1989","1989",""
"באר־שבעdle","גל אראל","23165","עונות","המאגר קצר מדי","חסרות 14/15","13/14","13/14-14/15","13/14","13/14","MF","MF","MF","1989","1989","1989","""23165"": { ""spells"": [[2014,2015]] }"
"באר־שבעdle","דוד הובר","","עונות","סתירה","ויקיפדיה מוסיפה 14/15 · המאגר מוסיף 13/14","13/14","14/15","-","-","MF","MF","","1988","1988","",""
"באר־שבעdle","דודי טויטו","56571","עונות","סתירה","ויקיפדיה מוסיפה 15/16-16/17 · המאגר מוסיף 13/14","13/14-14/15, 20/21","14/15-16/17, 20/21","13/14-14/15, 20/21","-","DF","","","1994","","",""
"באר־שבעdle","דודי טויטו","56571","זהות","שני ערכים באותו שם","בוויקיפדיה יש יותר מערך אחד בשם הזה — אין תיקון אוטומטי","13/14-14/15, 20/21","14/15-16/17, 20/21","13/14-14/15, 20/21","-","DF","","","1994","","",""
"באר־שבעdle","דיויד הוברט","154700","עמדה","אין בשום מקור","","13/14","-","13/14","-","","","","","","",""
"באר־שבעdle","דיויד הוברט","154700","שנת לידה","אין בשום מקור","","13/14","-","13/14","-","","","","","","",""
"באר־שבעdle","דרור טזזו","88802","עמדה","אין בשום מקור","","13/14","-","13/14","-","","","","","","",""
"באר־שבעdle","דרור טזזו","88802","שנת לידה","אין בשום מקור","","13/14","-","13/14","-","","","","","","",""
"באר־שבעdle","מאור בוזגלו","17719","עונות","המאגר ארוך מדי","ויקיפדיה לא מכירה 17/18 — ייתכן שאלה עונות השאלה","13/14-17/18","13/14-16/17","13/14-16/17","13/14-16/17","FW","MF","FW","1988","1988","1988",""
"באר־שבעdle","מאור בוזגלו","17719","עמדה","סתירה","מאגר: FW · ויקיפדיה: MF · worldfootball: FW","13/14-17/18","13/14-16/17","13/14-16/17","13/14-16/17","FW","MF","FW","1988","1988","1988",""
"באר־שבעdle","שלומי בן חמו","15678","עמדה","אין בשום מקור","","13/14","-","13/14","-","","","","","","",""
"באר־שבעdle","שלומי בן חמו","15678","שנת לידה","אין בשום מקור","","13/14","-","13/14","-","","","","","","",""
"באר־שבעdle","אבירם אוחנה","65214","עמדה","אין בשום מקור","","14/15","-","14/15","-","","","","","","",""
"באר־שבעdle","אבירם אוחנה","65214","שנת לידה","אין בשום מקור","","14/15","-","14/15","-","","","","","","",""
"באר־שבעdle","אוגוצוקאו הוגו","155916","עמדה","אין בשום מקור","","14/15-18/19","-","14/15-18/19","-","","","","","","",""
"באר־שבעdle","אוגוצוקאו הוגו","155916","שנת לידה","אין בשום מקור","","14/15-18/19","-","14/15-18/19","-","","","","","","",""
"באר־שבעdle","דן ביטון","68917","עונות","המאגר קצר מדי","חסרות 16/17","14/15-15/16, 24/25-25/26","14/15-16/17, 24/25-25/26","14/15-15/16, 24/25-25/26","15/16, 24/25-25/26","MF","MF","MF","1995","1995","1995","""68917"": { ""spells"": [[2015,2017],[2025,2026]] }"
"באר־שבעdle","הדר ברד","92084","עמדה","אין בשום מקור","","14/15","-","14/15","-","","","","","","",""
"באר־שבעdle","הדר ברד","92084","שנת לידה","אין בשום מקור","","14/15","-","14/15","-","","","","","","",""
"באר־שבעdle","לואי טאהא","23186","עונות","המאגר ארוך מדי","ויקיפדיה לא מכירה 14/15 — ייתכן שאלה עונות השאלה","14/15-20/21","15/16-20/21","14/15-20/21","14/15-20/21","DF","DF","DF","1989","1989","1989",""
"באר־שבעdle","רועי גורדנה","10213","עונות","המאגר קצר מדי","חסרות 15/16-16/17","14/15, 21/22-24/25","14/15-16/17, 21/22-24/25","14/15, 21/22-24/25","14/15, 21/22-24/25","MF","MF","MF","1990","1990","1990","""10213"": { ""spells"": [[2015,2017],[2022,2025]] }"
"באר־שבעdle","רן רובין","64268","עמדה","אין בשום מקור","","14/15-15/16","-","14/15-15/16","-","","","","","","",""
"באר־שבעdle","רן רובין","64268","שנת לידה","אין בשום מקור","","14/15-15/16","-","14/15-15/16","-","","","","","","",""
"באר־שבעdle","שלומי ארבייטמן","26717","עונות","המאגר קצר מדי","חסרות 15/16","14/15","14/15-15/16","14/15","14/15","FW","FW","FW","1985","1985","1985","""26717"": { ""spells"": [[2015,2016]] }"
"באר־שבעdle","אנתוני ואקמה","145696","זהות","שני ערכים באותו שם","בוויקיפדיה יש יותר מערך אחד בשם הזה — אין תיקון אוטומטי","15/16-17/18","15/16-17/18","15/16-17/18","-","FW","","","1989","","",""
"באר־שבעdle","בן שהר","12922","עונות","המאגר קצר מדי","חסרות 20/21","15/16-19/20","15/16-20/21","15/16-19/20","15/16-19/20","FW","FW","FW","1989","1989","1989","""12922"": { ""spells"": [[2016,2021]] }"
"באר־שבעdle","גל נבון","104916","עמדה","אין בשום מקור","","15/16-17/18","-","15/16-17/18","-","","","","","","",""
"באר־שבעdle","גל נבון","104916","שנת לידה","אין בשום מקור","","15/16-17/18","-","15/16-17/18","-","","","","","","",""
"באר־שבעdle","וובה בראון","","עונות","סתירה","ויקיפדיה מוסיפה 17/18 · המאגר מוסיף 15/16","15/16-16/17","16/17-17/18","-","-","FW","MF","","1989","1989","",""
"באר־שבעdle","וובה בראון","","עמדה","סתירה","מאגר: FW · ויקיפדיה: MF","15/16-16/17","16/17-17/18","-","-","FW","MF","","1989","1989","",""
"באר־שבעdle","ולדימיר ברואון","14685","עמדה","אין בשום מקור","","15/16-16/17","-","15/16-16/17","-","","","","","","",""
"באר־שבעdle","ולדימיר ברואון","14685","שנת לידה","אין בשום מקור","","15/16-16/17","-","15/16-16/17","-","","","","","","",""
"באר־שבעdle","ליאל ספורטס","90080","עמדה","אין בשום מקור","","15/16","-","15/16","-","","","","","","",""
"באר־שבעdle","ליאל ספורטס","90080","שנת לידה","אין בשום מקור","","15/16","-","15/16","-","","","","","","",""
"באר־שבעdle","מוחמד גדיר","4034","עונות","המאגר ארוך מדי","ויקיפדיה לא מכירה 15/16 — ייתכן שאלה עונות השאלה","15/16-17/18","16/17-17/18","15/16-17/18","15/16-17/18","FW","FW","FW","1991","1991","1991",""
"באר־שבעdle","נועם גמון","","עונות","המאגר קצר מדי","חסרות 16/17-17/18, 19/20-20/21, 22/23-25/26","15/16, 18/19, 21/22","15/16-25/26","-","-","DF","DF","","1997","1997","","""נועם גמון"": { ""spells"": [[2016,2026]] }"
"באר־שבעdle","עומר בן שאנן","76680","עמדה","אין בשום מקור","","15/16","-","15/16","-","","","","","","",""
"באר־שבעdle","עומר בן שאנן","76680","שנת לידה","אין בשום מקור","","15/16","-","15/16","-","","","","","","",""
"באר־שבעdle","עמית ביטון","74751","עונות","סתירה","ויקיפדיה מוסיפה 16/17-18/19 · המאגר מוסיף 15/16","15/16, 19/20-20/21","16/17-20/21","15/16, 19/20-20/21","19/20-20/21","DF","DF","DF","1996","1996","1996",""
"באר־שבעdle","עמראן אלקרינאוי","108097","עמדה","אין בשום מקור","","15/16","-","15/16","-","","","","","","",""
"באר־שבעdle","עמראן אלקרינאוי","108097","שנת לידה","אין בשום מקור","","15/16","-","15/16","-","","","","","","",""
"באר־שבעdle","שיר צדק","36621","עונות","המאגר קצר מדי","חסרות 20/21","15/16-19/20","15/16-20/21","15/16-19/20","15/16-19/20","DF","DF","DF","1989","1989","1989","""36621"": { ""spells"": [[2016,2021]] }"
"באר־שבעdle","אור דדיה","99101","עונות","סתירה","ויקיפדיה מוסיפה 17/18-18/19, 24/25-25/26 · המאגר מוסיף 16/17","16/17, 19/20-23/24","17/18-25/26","16/17, 19/20-23/24","16/17, 19/20-23/24","DF","DF","DF","1997","1997","1997",""
"באר־שבעdle","איתמר שבירו","116054","עונות","המאגר קצר מדי","חסרות 18/19-19/20","16/17-17/18, 20/21","16/17-20/21","17/18, 20/21","16/17-17/18, 20/21","FW","FW","FW","1998","1998","1998","""116054"": { ""spells"": [[2017,2021]] }"
"באר־שבעdle","יואל גנון","77463","עמדה","אין בשום מקור","","16/17","-","16/17","-","","","","","","",""
"באר־שבעdle","יואל גנון","77463","שנת לידה","אין בשום מקור","","16/17","-","16/17","-","","","","","","",""
"באר־שבעdle","מיחאלי קורהוט","178430","עמדה","אין בשום מקור","","16/17-17/18","-","16/17-17/18","-","","","","","","",""
"באר־שבעdle","מיחאלי קורהוט","178430","שנת לידה","אין בשום מקור","","16/17-17/18","-","16/17-17/18","-","","","","","","",""
"באר־שבעdle","מיכאל אוחנה","68383","עמדה","סתירה","מאגר: FW · ויקיפדיה: MF · worldfootball: FW","16/17-18/19","16/17-18/19","16/17-18/19","16/17-18/19","FW","MF","FW","1995","1995","1995",""
"באר־שבעdle","ניב זריהן","50070","עונות","המאגר ארוך מדי","ויקיפדיה לא מכירה 16/17 — ייתכן שאלה עונות השאלה","16/17-19/20","17/18-19/20","16/17-19/20","16/17-19/20","FW","FW","FW","1994","1994","1994",""
"באר־שבעdle","עמית גבאי","87673","עמדה","אין בשום מקור","","16/17","-","16/17","-","","","","","","",""
"באר־שבעdle","עמית גבאי","87673","שנת לידה","אין בשום מקור","","16/17","-","16/17","-","","","","","","",""
"באר־שבעdle","איסק קואנקה","","עמדה","סתירה","מאגר: FW · ויקיפדיה: MF","17/18","17/18","-","-","FW","MF","","1991","1991","",""
"באר־שבעdle","בנימין נתן","116071","עמדה","אין בשום מקור","","17/18","-","17/18","-","","","","","","",""
"באר־שבעdle","בנימין נתן","116071","שנת לידה","אין בשום מקור","","17/18","-","17/18","-","","","","","","",""
"באר־שבעdle","גיא מלמד","17151","עמדה","יש מקור, לא נכנס","ויקיפדיה: FW","17/18","17/18","17/18","-","","FW","","","1992","","""17151"": { ""pos"": ""FW"" }"
"באר־שבעdle","גיא מלמד","17151","שנת לידה","יש מקור, לא נכנס","ויקיפדיה: 1992","17/18","17/18","17/18","-","","FW","","","1992","","""17151"": { ""born"": 1992 }"
"באר־שבעdle","דור אלו","47321","עונות","המאגר קצר מדי","חסרות 19/20","17/18-18/19","17/18-19/20","17/18-18/19","17/18-18/19","DF","DF","DF","1993","1993","1993","""47321"": { ""spells"": [[2018,2020]] }"
"באר־שבעdle","ואדים מנזון","","עונות","סתירה","ויקיפדיה מוסיפה 18/19 · המאגר מוסיף 17/18","17/18","18/19","-","-","FW","","","1994","1994","",""
"באר־שבעdle","חאתם אלחמיד","74274","עונות","סתירה","ויקיפדיה מוסיפה 22/23 · המאגר מוסיף 20/21","17/18-18/19, 20/21-21/22","17/18-18/19, 21/22-22/23","17/18-18/19, 20/21-21/22","17/18-18/19, 20/21-21/22","DF","DF","DF","1991","1991","1991",""
"באר־שבעdle","חואן לופז","189498","עמדה","אין בשום מקור","","17/18","-","17/18","-","","","","","","",""
"באר־שבעdle","חואן לופז","189498","שנת לידה","אין בשום מקור","","17/18","-","17/18","-","","","","","","",""
"באר־שבעdle","חנן ממן","2187","עונות","סתירה","ויקיפדיה מוסיפה 19/20 · המאגר מוסיף 17/18","17/18-18/19","18/19-19/20","17/18-18/19","17/18-18/19","MF","MF","MF","1989","1989","1989",""
"באר־שבעdle","יונתן אליאס","136371","עמדה","אין בשום מקור","","17/18","-","17/18","-","","","","","","",""
"באר־שבעdle","יונתן אליאס","136371","שנת לידה","אין בשום מקור","","17/18","-","17/18","-","","","","","","",""
"באר־שבעdle","מנזון ואדים","201036","עמדה","אין בשום מקור","","17/18","-","17/18","-","","","","","","",""
"באר־שבעdle","מנזון ואדים","201036","שנת לידה","אין בשום מקור","","17/18","-","17/18","-","","","","","","",""
"באר־שבעdle","מרואן כבהא","6465","עונות","המאגר ארוך מדי","ויקיפדיה לא מכירה 17/18 — ייתכן שאלה עונות השאלה","17/18-20/21","18/19-20/21","17/18-20/21","-","MF","","","1991","","",""
"באר־שבעdle","מרואן כבהא","6465","זהות","שני ערכים באותו שם","בוויקיפדיה יש יותר מערך אחד בשם הזה — אין תיקון אוטומטי","17/18-20/21","18/19-20/21","17/18-20/21","-","MF","","","1991","","",""
"באר־שבעdle","מתן כהן","116652","עמדה","אין בשום מקור","","17/18","-","17/18","-","","","","","","",""
"באר־שבעdle","מתן כהן","116652","שנת לידה","אין בשום מקור","","17/18","-","17/18","-","","","","","","",""
"באר־שבעdle","עמית קרן","83632","עמדה","אין בשום מקור","","17/18-18/19, 20/21","-","17/18-18/19, 20/21","-","","","","","","",""
"באר־שבעdle","עמית קרן","83632","שנת לידה","אין בשום מקור","","17/18-18/19, 20/21","-","17/18-18/19, 20/21","-","","","","","","",""
"באר־שבעdle","שי שטרית","116072","עמדה","אין בשום מקור","","17/18","-","17/18","-","","","","","","",""
"באר־שבעdle","שי שטרית","116072","שנת לידה","אין בשום מקור","","17/18","-","17/18","-","","","","","","",""
"באר־שבעdle","אריאל הרוש","21721","עונות","המאגר קצר מדי","חסרות 19/20-20/21","18/19, 21/22-22/23","18/19-22/23","18/19, 21/22-22/23","18/19, 21/22-22/23","GK","GK","GK","1988","1988","1988","""21721"": { ""spells"": [[2019,2023]] }"
"באר־שבעdle","חיים אוחנה","126391","עמדה","אין בשום מקור","","18/19","-","18/19","-","","","","","","",""
"באר־שבעdle","חיים אוחנה","126391","שנת לידה","אין בשום מקור","","18/19","-","18/19","-","","","","","","",""
"באר־שבעdle","חן עזרא","22596","עמדה","סתירה","מאגר: FW · ויקיפדיה: MF · worldfootball: FW","18/19","18/19","18/19","18/19","FW","MF","FW","1989","1989","1989",""
"באר־שבעdle","נייג'ל האסלביינק","189529","עונות","המאגר קצר מדי","חסרות 19/20","18/19","18/19-19/20","18/19","-","FW","FW","","1990","1990","","""189529"": { ""spells"": [[2019,2020]] }"
"באר־שבעdle","ניר איצקוביץ","126362","עמדה","אין בשום מקור","","18/19","-","18/19","-","","","","","","",""
"באר־שבעdle","ניר איצקוביץ","126362","שנת לידה","אין בשום מקור","","18/19","-","18/19","-","","","","","","",""
"באר־שבעdle","עדן בן בסט","7208","עונות","המאגר קצר מדי","חסרות 19/20","18/19","18/19-19/20","18/19","18/19","FW","FW","FW","1986","1986","1986","""7208"": { ""spells"": [[2019,2020]] }"
"באר־שבעdle","עילאי טרוסט","87697","עונות","סתירה","ויקיפדיה מוסיפה 19/20-21/22 · המאגר מוסיף 18/19","18/19","19/20-21/22","18/19","-","MF","MF","","1999","1999","",""
"באר־שבעdle","קווין טאפוקו","202129","עונות","סתירה","ויקיפדיה מוסיפה 19/20-20/21 · המאגר מוסיף 18/19","18/19","19/20-20/21","18/19","-","MF","MF","","1994","1994","",""
"באר־שבעdle","תומר יוספי","120686","עונות","סתירה","ויקיפדיה מוסיפה 22/23-23/24 · המאגר מוסיף 18/19","18/19-21/22","19/20-23/24","18/19-21/22","18/19-21/22","MF","MF","MF","1999","1999","1999",""
"באר־שבעdle","אדיר פיטוסי","158601","עמדה","אין בשום מקור","","19/20","-","19/20","-","","","","","","",""
"באר־שבעdle","אדיר פיטוסי","158601","שנת לידה","אין בשום מקור","","19/20","-","19/20","-","","","","","","",""
"באר־שבעdle","איליי בן שטרית","126363","עמדה","אין בשום מקור","","19/20","-","19/20","-","","","","","","",""
"באר־שבעdle","איליי בן שטרית","126363","שנת לידה","אין בשום מקור","","19/20","-","19/20","-","","","","","","",""
"באר־שבעdle","איליי מדמון","158088","עונות","סתירה","ויקיפדיה מוסיפה 21/22-22/23 · המאגר מוסיף 19/20","19/20-20/21, 23/24","20/21-23/24","23/24","19/20-20/21, 23/24","MF","MF","MF","2003","2003","2003",""
"באר־שבעdle","אלטון אקולטסה","224803","עונות","סתירה","ויקיפדיה מוסיפה 21/22-22/23 · המאגר מוסיף 19/20","19/20-20/21","20/21-22/23","19/20-20/21","19/20-20/21","FW","FW","FW","1995","1995","1995",""
"באר־שבעdle","ארנסטאס סטקוס","189785","עמדה","אין בשום מקור","","19/20","-","19/20","-","","","","","","",""
"באר־שבעdle","ארנסטאס סטקוס","189785","שנת לידה","אין בשום מקור","","19/20","-","19/20","-","","","","","","",""
"באר־שבעdle","גאטאן וארן","154737","עונות","המאגר ארוך מדי","ויקיפדיה לא מכירה 19/20 — ייתכן שאלה עונות השאלה","19/20-20/21","20/21","19/20-20/21","-","FW","FW","","1990","1990","",""
"באר־שבעdle","גוזואה פסקאוורה","215528","עמדה","אין בשום מקור","","19/20-20/21","-","19/20-20/21","-","","","","","","",""
"באר־שבעdle","גוזואה פסקאוורה","215528","שנת לידה","אין בשום מקור","","19/20-20/21","-","19/20-20/21","-","","","","","","",""
"באר־שבעdle","דוד קלטינס","58550","עמדה","סתירה","מאגר: MF · ויקיפדיה: DF · worldfootball: MF","19/20-21/22","19/20-21/22","19/20-21/22","19/20-21/22","MF","DF","MF","1995","1995","1995",""
"באר־שבעdle","דויד סימאו","224801","עונות","סתירה","ויקיפדיה מוסיפה 20/21 · המאגר מוסיף 19/20","19/20","20/21","19/20","19/20","MF","MF","MF","1990","1990","1990",""
"באר־שבעdle","דניאל קראדי","126368","עמדה","אין בשום מקור","","19/20","-","19/20","-","","","","","","",""
"באר־שבעdle","דניאל קראדי","126368","שנת לידה","אין בשום מקור","","19/20","-","19/20","-","","","","","","",""
"באר־שבעdle","ירדן קרישטול","45809","עמדה","אין בשום מקור","","19/20","-","19/20","-","","","","","","",""
"באר־שבעdle","ירדן קרישטול","45809","שנת לידה","אין בשום מקור","","19/20","-","19/20","-","","","","","","",""
"באר־שבעdle","קייס גאנם","109976","עונות","סתירה","ויקיפדיה מוסיפה 20/21 · המאגר מוסיף 19/20","19/20, 21/22","20/21-21/22","19/20, 21/22","19/20, 21/22","FW","FW","FW","1997","1997","1997",""
"באר־שבעdle","רואי אביטן","126376","עמדה","אין בשום מקור","","19/20","-","19/20","-","","","","","","",""
"באר־שבעdle","רואי אביטן","126376","שנת לידה","אין בשום מקור","","19/20","-","19/20","-","","","","","","",""
"באר־שבעdle","רון ויזמן","138600","עמדה","אין בשום מקור","","19/20","-","19/20","-","","","","","","",""
"באר־שבעdle","רון ויזמן","138600","שנת לידה","אין בשום מקור","","19/20","-","19/20","-","","","","","","",""
"באר־שבעdle","רז בוחבוט","126387","עמדה","אין בשום מקור","","19/20","-","19/20","-","","","","","","",""
"באר־שבעdle","רז בוחבוט","126387","שנת לידה","אין בשום מקור","","19/20","-","19/20","-","","","","","","",""
"באר־שבעdle","רמזי ספורי","49641","עונות","המאגר קצר מדי","חסרות 20/21","19/20, 21/22-22/23","19/20-22/23","19/20, 21/22-22/23","19/20, 21/22-22/23","FW","MF","FW","1995","1995","1995","""49641"": { ""spells"": [[2020,2023]] }"
"באר־שבעdle","רמזי ספורי","49641","עמדה","סתירה","מאגר: FW · ויקיפדיה: MF · worldfootball: FW","19/20, 21/22-22/23","19/20-22/23","19/20, 21/22-22/23","19/20, 21/22-22/23","FW","MF","FW","1995","1995","1995",""
"באר־שבעdle","איתן רצון","73414","עמדה","אין בשום מקור","","20/21","-","20/21","-","","","","","","",""
"באר־שבעdle","איתן רצון","73414","שנת לידה","אין בשום מקור","","20/21","-","20/21","-","","","","","","",""
"באר־שבעdle","גונתן ולאסקז","225508","עמדה","אין בשום מקור","","20/21","-","20/21","-","","","","","","",""
"באר־שבעdle","גונתן ולאסקז","225508","שנת לידה","אין בשום מקור","","20/21","-","20/21","-","","","","","","",""
"באר־שבעdle","גל לוי","35269","עמדה","אין בשום מקור","","20/21","-","20/21","-","","","","","","",""
"באר־שבעdle","גל לוי","35269","שנת לידה","אין בשום מקור","","20/21","-","20/21","-","","","","","","",""
"באר־שבעdle","ויירה פארליי","233343","עמדה","אין בשום מקור","","20/21","-","20/21","-","","","","","","",""
"באר־שבעdle","ויירה פארליי","233343","שנת לידה","אין בשום מקור","","20/21","-","20/21","-","","","","","","",""
"באר־שבעdle","לוקאס בריירו","227367","עמדה","אין בשום מקור","","20/21-23/24","-","20/21-23/24","-","","","","","","",""
"באר־שבעdle","לוקאס בריירו","227367","שנת לידה","אין בשום מקור","","20/21-23/24","-","20/21-23/24","-","","","","","","",""
"באר־שבעdle","לירן כהן","111032","עמדה","אין בשום מקור","","20/21","-","20/21","-","","","","","","",""
"באר־שבעdle","לירן כהן","111032","שנת לידה","אין בשום מקור","","20/21","-","20/21","-","","","","","","",""
"באר־שבעdle","נתנאל אסקיאס","138592","עמדה","אין בשום מקור","","20/21","-","20/21","-","","","","","","",""
"באר־שבעdle","נתנאל אסקיאס","138592","שנת לידה","אין בשום מקור","","20/21","-","20/21","-","","","","","","",""
"באר־שבעdle","סזאר מלי","227365","עמדה","אין בשום מקור","","20/21","-","20/21","-","","","","","","",""
"באר־שבעdle","סזאר מלי","227365","שנת לידה","אין בשום מקור","","20/21","-","20/21","-","","","","","","",""
"באר־שבעdle","סינטאיהו סלליך","54337","עמדה","סתירה","מאגר: FW · ויקיפדיה: MF · worldfootball: FW","20/21","20/21","20/21","20/21","FW","MF","FW","1991","1991","1991",""
"באר־שבעdle","פארלי רוסה","","עונות","סתירה","ויקיפדיה מוסיפה 21/22 · המאגר מוסיף 20/21","20/21","21/22","-","-","FW","FW","","1994","1994","",""
"באר־שבעdle","רועי אזוט","170035","עמדה","אין בשום מקור","","20/21","-","20/21","-","","","","","","",""
"באר־שבעdle","רועי אזוט","170035","שנת לידה","אין בשום מקור","","20/21","-","20/21","-","","","","","","",""
"באר־שבעdle","רותם חטואל","99604","עונות","המאגר קצר מדי","חסרות 24/25-25/26","20/21-23/24","20/21-25/26","20/21-23/24","20/21-23/24","FW","FW","FW","1998","1998","1998","""99604"": { ""spells"": [[2021,2026]] }"
"באר־שבעdle","רז רחמים","87657","עמדה","אין בשום מקור","","20/21","-","20/21","-","","","","","","",""
"באר־שבעdle","רז רחמים","87657","שנת לידה","אין בשום מקור","","20/21","-","20/21","-","","","","","","",""
"באר־שבעdle","שגיב יחזקאל","56185","עונות","המאגר ארוך מדי","ויקיפדיה לא מכירה 20/21 — ייתכן שאלה עונות השאלה","20/21-22/23","21/22-22/23","20/21-22/23","20/21-22/23","FW","DF","FW","1995","1995","1995",""
"באר־שבעdle","שגיב יחזקאל","56185","עמדה","סתירה","מאגר: FW · ויקיפדיה: DF · worldfootball: FW","20/21-22/23","21/22-22/23","20/21-22/23","20/21-22/23","FW","DF","FW","1995","1995","1995",""
"באר־שבעdle","אנדרה מרטינס","247120","עמדה","אין בשום מקור","","21/22-22/23","-","21/22-22/23","-","","","","","","",""
"באר־שבעdle","אנדרה מרטינס","247120","שנת לידה","אין בשום מקור","","21/22-22/23","-","21/22-22/23","-","","","","","","",""
"באר־שבעdle","אנדרה מרטינש","","עונות","המאגר ארוך מדי","ויקיפדיה לא מכירה 21/22 — ייתכן שאלה עונות השאלה","21/22-22/23","22/23","-","-","MF","MF","","1990","1990","",""
"באר־שבעdle","גוסטבו מרמנטיני","","עונות","סתירה","ויקיפדיה מוסיפה 22/23 · המאגר מוסיף 21/22","21/22","22/23","-","-","FW","MF","","1994","1994","",""
"באר־שבעdle","גוסטבו מרמנטיני","","עמדה","סתירה","מאגר: FW · ויקיפדיה: MF","21/22","22/23","-","-","FW","MF","","1994","1994","",""
"באר־שבעdle","גוסטבו סאנטוס","225226","עמדה","אין בשום מקור","","21/22","-","21/22","-","","","","","","",""
"באר־שבעdle","גוסטבו סאנטוס","225226","שנת לידה","אין בשום מקור","","21/22","-","21/22","-","","","","","","",""
"באר־שבעdle","הלדר לופז","238018","עמדה","אין בשום מקור","","21/22-25/26","-","21/22-25/26","-","","","","","","",""
"באר־שבעdle","הלדר לופז","238018","שנת לידה","אין בשום מקור","","21/22-25/26","-","21/22-25/26","-","","","","","","",""
"באר־שבעdle","ניב אליאסי","127912","עונות","המאגר קצר מדי","חסרות 22/23","21/22, 23/24-25/26","21/22-25/26","21/22, 23/24-25/26","21/22, 23/24-25/26","GK","GK","GK","2002","2002","2002","""127912"": { ""spells"": [[2022,2026]] }"
"באר־שבעdle","סאלי גינון","158095","עמדה","אין בשום מקור","","21/22","-","21/22","-","","","","","","",""
"באר־שבעdle","סאלי גינון","158095","שנת לידה","אין בשום מקור","","21/22","-","21/22","-","","","","","","",""
"באר־שבעdle","עידו כהן","122931","עמדה","אין בשום מקור","","21/22","-","21/22","-","","","","","","",""
"באר־שבעdle","עידו כהן","122931","שנת לידה","אין בשום מקור","","21/22","-","21/22","-","","","","","","",""
"באר־שבעdle","רום אליגון","158064","עמדה","אין בשום מקור","","21/22","-","21/22","-","","","","","","",""
"באר־שבעdle","רום אליגון","158064","שנת לידה","אין בשום מקור","","21/22","-","21/22","-","","","","","","",""
"באר־שבעdle","אדריאן פאון","","עונות","המאגר קצר מדי","חסרות 23/24","22/23","22/23-23/24","-","-","MF","MF","","1995","1995","","""אדריאן פאון"": { ""spells"": [[2023,2024]] }"
"באר־שבעdle","אור בלוריאן","98533","עונות","המאגר קצר מדי","חסרות 23/24","22/23, 24/25-25/26","22/23-25/26","22/23, 24/25-25/26","22/23, 24/25-25/26","DF","DF","DF","2000","2000","2000","""98533"": { ""spells"": [[2023,2026]] }"
"באר־שבעdle","אמיר אריאלי","134536","עמדה","אין בשום מקור","","22/23","-","22/23","-","","","","","","",""
"באר־שבעdle","אמיר אריאלי","134536","שנת לידה","אין בשום מקור","","22/23","-","22/23","-","","","","","","",""
"באר־שבעdle","אמיר גנאח","179518","עונות","המאגר ארוך מדי","ויקיפדיה לא מכירה 22/23 — ייתכן שאלה עונות השאלה","22/23-25/26","23/24-25/26","23/24-25/26","22/23-25/26","MF","FW","MF","2004","2004","2004",""
"באר־שבעdle","אמיר גנאח","179518","עמדה","סתירה","מאגר: MF · ויקיפדיה: FW · worldfootball: MF","22/23-25/26","23/24-25/26","23/24-25/26","22/23-25/26","MF","FW","MF","2004","2004","2004",""
"באר־שבעdle","זאהי אחמד","116370","עונות","סתירה","ויקיפדיה מוסיפה 23/24 · המאגר מוסיף 22/23","22/23, 24/25-25/26","23/24-25/26","24/25-25/26","22/23, 24/25-25/26","FW","FW","FW","2001","2001","2001",""
"באר־שבעdle","טום עמוס","263937","עמדה","אין בשום מקור","","22/23","-","22/23","-","","","","","","",""
"באר־שבעdle","טום עמוס","263937","שנת לידה","אין בשום מקור","","22/23","-","22/23","-","","","","","","",""
"באר־שבעdle","ליעד אביטבול","157774","עמדה","אין בשום מקור","","22/23","-","22/23","-","","","","","","",""
"באר־שבעdle","ליעד אביטבול","157774","שנת לידה","אין בשום מקור","","22/23","-","22/23","-","","","","","","",""
"באר־שבעdle","מאגומד סוליימאנוב","250376","עמדה","אין בשום מקור","","22/23","-","22/23","-","","","","","","",""
"באר־שבעdle","מאגומד סוליימאנוב","250376","שנת לידה","אין בשום מקור","","22/23","-","22/23","-","","","","","","",""
"באר־שבעdle","עדן שמיר","58646","עונות","המאגר קצר מדי","חסרות 19/20","22/23-23/24","19/20, 22/23-23/24","22/23-23/24","22/23-23/24","MF","MF","MF","1995","1995","1995","""58646"": { ""spells"": [[2020,2020],[2023,2024]] }"
"באר־שבעdle","פטריק קלימלה","264358","עונות","סתירה","ויקיפדיה מוסיפה 23/24 · המאגר מוסיף 22/23","22/23","23/24","22/23","22/23","FW","FW","FW","1998","1998","1998",""
"באר־שבעdle","קונסטנטין אלכסנדרו","259262","עמדה","אין בשום מקור","","22/23","-","22/23","-","","","","","","",""
"באר־שבעdle","קונסטנטין אלכסנדרו","259262","שנת לידה","אין בשום מקור","","22/23","-","22/23","-","","","","","","",""
"באר־שבעdle","רגב אלופר","166307","עמדה","אין בשום מקור","","22/23","-","22/23","-","","","","","","",""
"באר־שבעdle","רגב אלופר","166307","שנת לידה","אין בשום מקור","","22/23","-","22/23","-","","","","","","",""
"באר־שבעdle","רועי ממן","166987","עמדה","אין בשום מקור","","22/23","-","22/23","-","","","","","","",""
"באר־שבעdle","רועי ממן","166987","שנת לידה","אין בשום מקור","","22/23","-","22/23","-","","","","","","",""
"באר־שבעdle","תומר חמד","4531","עונות","המאגר קצר מדי","חסרות 23/24","22/23","22/23-23/24","22/23","22/23","FW","FW","FW","1987","1987","1987","""4531"": { ""spells"": [[2023,2024]] }"
"באר־שבעdle","אילון אלמוג","98244","עונות","המאגר קצר מדי","חסרות 24/25-25/26","23/24","23/24-25/26","23/24","23/24","MF","FW","MF","1999","1999","1999","""98244"": { ""spells"": [[2024,2026]] }"
"באר־שבעdle","אילון אלמוג","98244","עמדה","סתירה","מאגר: MF · ויקיפדיה: FW · worldfootball: MF","23/24","23/24-25/26","23/24","23/24","MF","FW","MF","1999","1999","1999",""
"באר־שבעdle","אנדרה פוקו","268625","עמדה","סתירה","מאגר: MF · ויקיפדיה: DF · worldfootball: MF","23/24","23/24","23/24","23/24","MF","DF","MF","1993","1993","1993",""
"באר־שבעdle","אנטוניו ספר","265189","עונות","המאגר קצר מדי","חסרות 24/25","23/24","23/24-24/25","23/24","23/24","MF","MF","MF","2000","2000","2000","""265189"": { ""spells"": [[2024,2025]] }"
"באר־שבעdle","ארי מרנשטין","139255","עמדה","אין בשום מקור","","23/24","-","23/24","-","","","","","","",""
"באר־שבעdle","ארי מרנשטין","139255","שנת לידה","אין בשום מקור","","23/24","-","23/24","-","","","","","","",""
"באר־שבעdle","ארתור שושנאצ'ב","283377","עונות","סתירה","ויקיפדיה מוסיפה 24/25 · המאגר מוסיף 23/24","23/24","24/25","23/24","23/24","FW","FW","FW","1998","1998","1998",""
"באר־שבעdle","גיא בדש","35391","עונות","המאגר קצר מדי","חסרות 24/25","23/24","23/24-24/25","23/24","23/24","MF","FW","MF","1994","1994","1994","""35391"": { ""spells"": [[2024,2025]] }"
"באר־שבעdle","גיא בדש","35391","עמדה","סתירה","מאגר: MF · ויקיפדיה: FW · worldfootball: MF","23/24","23/24-24/25","23/24","23/24","MF","FW","MF","1994","1994","1994",""
"באר־שבעdle","דיינר קיניונס","283345","עונות","סתירה","ויקיפדיה מוסיפה 24/25 · המאגר מוסיף 23/24","23/24","24/25","23/24","23/24","MF","MF","MF","1995","1995","1995",""
"באר־שבעdle","יוני סטויאנוב","115265","עונות","המאגר קצר מדי","חסרות 22/23","23/24-25/26","22/23-25/26","23/24-25/26","-","DF","","","2001","","","""115265"": { ""spells"": [[2023,2026]] }"
"באר־שבעdle","יוני סטויאנוב","115265","זהות","שני ערכים באותו שם","בוויקיפדיה יש יותר מערך אחד בשם הזה — אין תיקון אוטומטי","23/24-25/26","22/23-25/26","23/24-25/26","-","DF","","","2001","","",""
"באר־שבעdle","מקסימו לוי","283382","עמדה","אין בשום מקור","","23/24","-","23/24","-","","","","","","",""
"באר־שבעdle","מקסימו לוי","283382","שנת לידה","אין בשום מקור","","23/24","-","23/24","-","","","","","","",""
"באר־שבעdle","נועם שחר","167156","עמדה","אין בשום מקור","","23/24","-","23/24","-","","","","","","",""
"באר־שבעdle","נועם שחר","167156","שנת לידה","אין בשום מקור","","23/24","-","23/24","-","","","","","","",""
"באר־שבעdle","עומאר אימראן","273698","עמדה","אין בשום מקור","","23/24","-","23/24","-","","","","","","",""
"באר־שבעdle","עומאר אימראן","273698","שנת לידה","אין בשום מקור","","23/24","-","23/24","-","","","","","","",""
"באר־שבעdle","ראם גולן","179315","עמדה","אין בשום מקור","","23/24","-","23/24","-","","","","","","",""
"באר־שבעdle","ראם גולן","179315","שנת לידה","אין בשום מקור","","23/24","-","23/24","-","","","","","","",""
"באר־שבעdle","אופק פרץ","180825","עמדה","אין בשום מקור","","24/25","-","24/25","-","","","","","","",""
"באר־שבעdle","אופק פרץ","180825","שנת לידה","אין בשום מקור","","24/25","-","24/25","-","","","","","","",""
"באר־שבעdle","אמיר והב","149396","עמדה","אין בשום מקור","","24/25","-","24/25","-","","","","","","",""
"באר־שבעdle","אמיר והב","149396","שנת לידה","אין בשום מקור","","24/25","-","24/25","-","","","","","","",""
"באר־שבעdle","בן ענברי","139829","עמדה","אין בשום מקור","","24/25","-","24/25","-","","","","","","",""
"באר־שבעdle","בן ענברי","139829","שנת לידה","אין בשום מקור","","24/25","-","24/25","-","","","","","","",""
"באר־שבעdle","יורי מדיירוש","301386","עונות","סתירה","ויקיפדיה מוסיפה 25/26 · המאגר מוסיף 24/25","24/25","25/26","24/25","24/25","FW","MF","FW","1994","1994","1994",""
"באר־שבעdle","יורי מדיירוש","301386","עמדה","סתירה","מאגר: FW · ויקיפדיה: MF · worldfootball: FW","24/25","25/26","24/25","24/25","FW","MF","FW","1994","1994","1994",""
"באר־שבעdle","סמיר פרהוד","129960","עמדה","אין בשום מקור","","24/25-25/26","-","24/25-25/26","-","","","","","","",""
"באר־שבעdle","סמיר פרהוד","129960","שנת לידה","אין בשום מקור","","24/25-25/26","-","24/25-25/26","-","","","","","","",""
"באר־שבעdle","פול גריטה","285000","עונות","המאגר קצר מדי","חסרות 25/26","24/25","24/25-25/26","24/25","24/25","FW","FW","FW","1995","1995","1995","""285000"": { ""spells"": [[2025,2026]] }"
"באר־שבעdle","קינגס קאוגנה","199586","עמדה","אין בשום מקור","","24/25-25/26","-","24/25-25/26","-","","","","","","",""
"באר־שבעdle","קינגס קאוגנה","199586","שנת לידה","אין בשום מקור","","24/25-25/26","-","24/25-25/26","-","","","","","","",""
"באר־שבעdle","קרלוש פונק","301276","עונות","סתירה","ויקיפדיה מוסיפה 25/26 · המאגר מוסיף 24/25","24/25","25/26","24/25","-","DF","","","1990","","",""
"באר־שבעdle","קרלוש פונק","301276","זהות","שני ערכים באותו שם","בוויקיפדיה יש יותר מערך אחד בשם הזה — אין תיקון אוטומטי","24/25","25/26","24/25","-","DF","","","1990","","",""
"באר־שבעdle","שגיא יחזקאל","148942","עמדה","אין בשום מקור","","24/25","-","24/25","-","","","","","","",""
"באר־שבעdle","שגיא יחזקאל","148942","שנת לידה","אין בשום מקור","","24/25","-","24/25","-","","","","","","",""
"באר־שבעdle","איתי חזות","186304","עמדה","אין בשום מקור","","25/26","-","25/26","-","","","","","","",""
"באר־שבעdle","איתי חזות","186304","שנת לידה","אין בשום מקור","","25/26","-","25/26","-","","","","","","",""
"באר־שבעdle","איתי חמי","162314","עמדה","אין בשום מקור","","25/26","-","25/26","-","","","","","","",""
"באר־שבעdle","איתי חמי","162314","שנת לידה","אין בשום מקור","","25/26","-","25/26","-","","","","","","",""
"באר־שבעdle","איתי קנריק","163828","עמדה","אין בשום מקור","","25/26","-","25/26","-","","","","","","",""
"באר־שבעdle","איתי קנריק","163828","שנת לידה","אין בשום מקור","","25/26","-","25/26","-","","","","","","",""
"באר־שבעdle","גבון איסט","301749","עמדה","אין בשום מקור","","25/26","-","25/26","-","","","","","","",""
"באר־שבעdle","גבון איסט","301749","שנת לידה","אין בשום מקור","","25/26","-","25/26","-","","","","","","",""
"באר־שבעdle","יונתן שני","206013","עמדה","אין בשום מקור","","25/26","-","25/26","-","","","","","","",""
"באר־שבעdle","יונתן שני","206013","שנת לידה","אין בשום מקור","","25/26","-","25/26","-","","","","","","",""
"באר־שבעdle","מוחמד כנעאן","95496","עמדה","אין בשום מקור","","25/26","-","25/26","-","","","","","","",""
"באר־שבעdle","מוחמד כנעאן","95496","שנת לידה","אין בשום מקור","","25/26","-","25/26","-","","","","","","",""
"באר־שבעdle","עמית אוחנה","199451","עמדה","אין בשום מקור","","25/26","-","25/26","-","","","","","","",""
"באר־שבעdle","עמית אוחנה","199451","שנת לידה","אין בשום מקור","","25/26","-","25/26","-","","","","","","",""
"באר־שבעdle","רועי לוי","107638","עמדה","יש מקור, לא נכנס","ויקיפדיה: DF","25/26","25/26","25/26","-","","DF","","","2000","","""107638"": { ""pos"": ""DF"" }"
"באר־שבעdle","רועי לוי","107638","שנת לידה","יש מקור, לא נכנס","ויקיפדיה: 2000","25/26","25/26","25/26","-","","DF","","","2000","","""107638"": { ""born"": 2000 }"
"מכביdle","גיורא שפיגל","","עונות","סתירה","ויקיפדיה מוסיפה 63/64-68/69, 79/80 · המאגר מוסיף 72/73, 78/79","69/70-72/73, 78/79","63/64-71/72, 79/80","-","-","MF","MF","","1947","1947","",""
"מכביdle","דוד קרקו","","עונות","המאגר קצר מדי","חסרות 63/64-68/69","69/70-74/75","63/64-74/75","-","-","DF","DF","","1945","","","""דוד קרקו"": { ""spells"": [[1964,1975]] }"
"מכביdle","מיקו בלו","","עונות","המאגר קצר מדי","חסרות 64/65-68/69, 70/71-81/82","69/70","64/65-81/82","-","-","DF","DF","","1947","1947","","""מיקו בלו"": { ""spells"": [[1965,1982]] }"
"מכביdle","צבי רוזן","","עונות","סתירה","ויקיפדיה מוסיפה 65/66-68/69 · המאגר מוסיף 76/77","69/70-76/77","65/66-75/76","-","-","DF","DF","","1947","1947","",""
"מכביdle","רחמים טלבי","","עונות","המאגר קצר מדי","חסרות 62/63-68/69","69/70-75/76","62/63-75/76","-","-","FW","FW","","1943","1943","","""רחמים טלבי"": { ""spells"": [[1963,1976]] }"
"מכביdle","בני טבק","","עונות","סתירה","ויקיפדיה מוסיפה 84/85 · המאגר מוסיף 72/73","72/73-83/84, 85/86-88/89","73/74-88/89","-","-","FW","FW","","1956","1956","",""
"מכביdle","אבי כהן","","זהות","שני ערכים באותו שם","בוויקיפדיה יש יותר מערך אחד בשם הזה — אין תיקון אוטומטי","74/75-78/79, 81/82-86/87, 88/89-94/95","-","-","89/90-94/95","DF","","DF","1956","","1962",""
"מכביdle","אבי כהן","","שנת לידה","סתירה","מאגר: 1956 · worldfootball: 1962","74/75-78/79, 81/82-86/87, 88/89-94/95","-","-","89/90-94/95","DF","","DF","1956","","1962",""
"מכביdle","גבי לסרי","","עונות","המאגר ארוך מדי","ויקיפדיה לא מכירה 74/75-81/82 — ייתכן שאלה עונות השאלה","74/75-82/83","82/83","-","-","DF","DF","","1956","1956","",""
"מכביdle","משה שווייצר","","עונות","המאגר קצר מדי","חסרות 72/73-76/77","77/78-82/83","72/73-82/83","-","-","MF","MF","","1954","1954","","""משה שווייצר"": { ""spells"": [[1973,1983]] }"
"מכביdle","בארי סילקמן","","עונות","סתירה","ויקיפדיה מוסיפה 80/81 · המאגר מוסיף 79/80","79/80","80/81","-","-","MF","MF","","1952","1952","",""
"מכביdle","בוני גינצבורג","","עונות","המאגר קצר מדי","חסרות 84/85","80/81-83/84, 85/86-86/87","80/81-86/87","-","-","GK","GK","","1964","1964","","""בוני גינצבורג"": { ""spells"": [[1981,1987]] }"
"מכביdle","מוטי איוניר","","עונות","המאגר ארוך מדי","ויקיפדיה לא מכירה 80/81, 90/91 — ייתכן שאלה עונות השאלה","80/81-85/86, 88/89-90/91","81/82-85/86, 88/89-89/90","-","-","MF","MF","","1964","1964","",""
"מכביdle","אלי דריקס","","עונות","המאגר קצר מדי","חסרות 84/85, 89/90","81/82-83/84, 85/86-88/89, 90/91-98/99","81/82-98/99","-","-","FW","FW","","1964","1964","","""אלי דריקס"": { ""spells"": [[1982,1999]] }"
"מכביdle","גדי ברומר","1417","עונות","המאגר ארוך מדי","ויקיפדיה לא מכירה 89/90-90/91 — ייתכן שאלה עונות השאלה","89/90-03/04","91/92-03/04","02/03-03/04","89/90-03/04","MF","DF","MF","1973","1973","1973",""
"מכביdle","גדי ברומר","1417","עמדה","סתירה","מאגר: MF · ויקיפדיה: DF · worldfootball: MF","89/90-03/04","91/92-03/04","02/03-03/04","89/90-03/04","MF","DF","MF","1973","1973","1973",""
"מכביdle","רומן פץ","","עונות","מקור יחיד","אין ויקיפדיה, אין התאחדות, אין worldfootball","89/90-93/94, 95/96","-","-","-","FW","","","1969","","",""
"מכביdle","אורי מלמיליאן","","עונות","המאגר קצר מדי","חסרות 89/90","90/91-91/92","89/90-91/92","-","-","MF","MF","","1957","1957","","""אורי מלמיליאן"": { ""spells"": [[1990,1992]] }"
"מכביdle","אמיר שלח","","עונות","המאגר קצר מדי","חסרות 01/02","90/91-97/98, 00/01","90/91-97/98, 00/01-01/02","-","-","DF","DF","","1970","1970","","""אמיר שלח"": { ""spells"": [[1991,1998],[2001,2002]] }"
"מכביdle","אלכסנדר אובארוב","1411","עונות","המאגר ארוך מדי","ויקיפדיה לא מכירה 02/03-03/04 — ייתכן שאלה עונות השאלה","91/92-99/00, 02/03-03/04","91/92-99/00","02/03-03/04","-","GK","","","1960","","",""
"מכביdle","אלכסנדר אובארוב","1411","זהות","שני ערכים באותו שם","בוויקיפדיה יש יותר מערך אחד בשם הזה — אין תיקון אוטומטי","91/92-99/00, 02/03-03/04","91/92-99/00","02/03-03/04","-","GK","","","1960","","",""
"מכביdle","נועם שוהם","","עונות","המאגר קצר מדי","חסרות 87/88-88/89","91/92-96/97","87/88-88/89, 91/92-96/97","-","-","MF","MF","","1970","1970","","""נועם שוהם"": { ""spells"": [[1988,1989],[1992,1997]] }"
"מכביdle","ניר סביליה","","עונות","מקור יחיד","אין ויקיפדיה, אין התאחדות, אין worldfootball","91/92-94/95","-","-","-","FW","","","1975","","",""
"מכביdle","אלון ברומר","","עונות","המאגר קצר מדי","חסרות 91/92, 98/99","92/93-97/98, 00/01","91/92-98/99, 00/01","-","-","MF","MF","","1973","1973","","""אלון ברומר"": { ""spells"": [[1992,1999],[2001,2001]] }"
"מכביdle","קובי רפואה","1548","עונות","סתירה","ויקיפדיה מוסיפה 00/01 · המאגר מוסיף 02/03","93/94, 02/03","93/94, 00/01","02/03","93/94","FW","FW","FW","1974","1974","1974",""
"מכביdle","ויקטור מורוז","","עמדה","סתירה","מאגר: MF · ויקיפדיה: FW","95/96","95/96","-","-","MF","FW","","1968","1968","",""
"מכביdle","גיא צרפתי","1639","עונות","המאגר ארוך מדי","ויקיפדיה לא מכירה 02/03 — ייתכן שאלה עונות השאלה","96/97-02/03","96/97-01/02","02/03","96/97-01/02","MF","MF","MF","1979","1979","1979",""
"מכביdle","דדי בן דיין","1414","עונות","המאגר ארוך מדי","ויקיפדיה לא מכירה 96/97, 02/03-04/05 — ייתכן שאלה עונות השאלה","96/97-04/05","97/98-01/02","02/03","96/97-01/02","DF","DF","DF","1978","1978","1978",""
"מכביdle","אלק נילאש","","עונות","סתירה","ויקיפדיה מוסיפה 98/99 · המאגר מוסיף 97/98","97/98","98/99","-","-","MF","MF","","1969","1969","",""
"מכביdle","אופיר חיים","13286","עונות","המאגר קצר מדי","חסרות 00/01","98/99-99/00, 04/05-05/06","98/99-00/01, 04/05-05/06","04/05-05/06","98/99-99/00, 04/05-05/06","FW","FW","FW","1975","1975","1975","""13286"": { ""spells"": [[1999,2001],[2005,2006]] }"
"מכביdle","אלכסיי קוסולאפוב","","עמדה","סתירה","מאגר: MF · ויקיפדיה: DF","98/99-99/00","98/99-99/00","-","-","MF","DF","","1971","1971","",""
"מכביdle","כפיר אדרי","","עמדה","סתירה","מאגר: MF · ויקיפדיה: DF","98/99-99/00","98/99-99/00","-","-","MF","DF","","1976","1976","",""
"מכביdle","לירון בסיס","","עונות","המאגר קצר מדי","חסרות 00/01","99/00","99/00-00/01","-","-","MF","MF","","1974","1974","","""לירון בסיס"": { ""spells"": [[2000,2001]] }"
"מכביdle","רוני גפני","33037","עונות","סתירה","ויקיפדיה מוסיפה 98/99 · המאגר מוסיף 13/14","99/00, 09/10-10/11, 13/14","98/99-99/00, 09/10-10/11","09/10-10/11","99/00, 09/10-10/11, 13/14","DF","DF","DF","1980","1980","1980",""
"מכביdle","ראובן עובד","1774","עונות","המאגר ארוך מדי","ויקיפדיה לא מכירה 00/01, 04/05 — ייתכן שאלה עונות השאלה","00/01-04/05","01/02-03/04","02/03-03/04","00/01-04/05","MF","MF","MF","1983","1983","1983",""
"מכביdle","מני לוי","1423","עונות","סתירה","ויקיפדיה מוסיפה 00/01 · המאגר מוסיף 02/03-03/04","01/02-03/04","00/01-01/02","02/03-03/04","01/02","DF","DF","DF","1980","1980","1980",""
"מכביdle","רודריגו גולדברג","","עונות","סתירה","ויקיפדיה מוסיפה 97/98-00/01 · המאגר מוסיף 03/04","01/02-03/04","97/98-02/03","-","-","FW","FW","","1971","1971","",""
"מכביdle","אביעד אברהם","6112","עמדה","אין בשום מקור","","02/03","-","02/03","-","","","","","","",""
"מכביdle","אביעד אברהם","6112","שנת לידה","אין בשום מקור","","02/03","-","02/03","-","","","","","","",""
"מכביdle","אורן רותם","102","עמדה","אין בשום מקור","","02/03","-","02/03","-","","","","","","",""
"מכביdle","אורן רותם","102","שנת לידה","אין בשום מקור","","02/03","-","02/03","-","","","","","","",""
"מכביdle","איל שן","1431","עמדה","אין בשום מקור","","02/03","-","02/03","-","","","","","","",""
"מכביdle","איל שן","1431","שנת לידה","אין בשום מקור","","02/03","-","02/03","-","","","","","","",""
"מכביdle","אלי ביטון","1412","עונות","המאגר קצר מדי","חסרות 98/99-01/02","02/03-04/05","98/99-04/05","02/03-04/05","-","MF","MF","","1982","1982","","""1412"": { ""spells"": [[1999,2005]] }"
"מכביdle","אסף שדה","34377","עמדה","אין בשום מקור","","02/03-03/04","-","02/03-03/04","-","","","","","","",""
"מכביdle","אסף שדה","34377","שנת לידה","אין בשום מקור","","02/03-03/04","-","02/03-03/04","-","","","","","","",""
"מכביdle","ארוס פרננדו","34326","עמדה","אין בשום מקור","","02/03","-","02/03","-","","","","","","",""
"מכביdle","ארוס פרננדו","34326","שנת לידה","אין בשום מקור","","02/03","-","02/03","-","","","","","","",""
"מכביdle","ברוך דגו","34050","עונות","המאגר קצר מדי","חסרות 00/01-01/02","02/03-04/05","00/01-04/05","02/03-04/05","-","MF","MF","","1982","1982","","""34050"": { ""spells"": [[2001,2005]] }"
"מכביdle","ג'ון פנטסיל","41769","עונות","המאגר ארוך מדי","ויקיפדיה לא מכירה 04/05 — ייתכן שאלה עונות השאלה","02/03-04/05","02/03-03/04","02/03-03/04","-","DF","","","1981","","",""
"מכביdle","ג'ון פנטסיל","41769","זהות","שני ערכים באותו שם","בוויקיפדיה יש יותר מערך אחד בשם הזה — אין תיקון אוטומטי","02/03-04/05","02/03-03/04","02/03-03/04","-","DF","","","1981","","",""
"מכביdle","גולדברג רודריגו","1418","עמדה","אין בשום מקור","","02/03","-","02/03","-","","","","","","",""
"מכביdle","גולדברג רודריגו","1418","שנת לידה","אין בשום מקור","","02/03","-","02/03","-","","","","","","",""
"מכביdle","גל פליאן","1429","עמדה","אין בשום מקור","","02/03-03/04","-","02/03-03/04","-","","","","","","",""
"מכביdle","גל פליאן","1429","שנת לידה","אין בשום מקור","","02/03-03/04","-","02/03-03/04","-","","","","","","",""
"מכביdle","דן משען","1425","עמדה","אין בשום מקור","","02/03","-","02/03","-","","","","","","",""
"מכביdle","דן משען","1425","שנת לידה","אין בשום מקור","","02/03","-","02/03","-","","","","","","",""
"מכביdle","דניאל היידמן","1419","עונות","סתירה","ויקיפדיה מוסיפה 01/02 · המאגר מוסיף 02/03","02/03","01/02","02/03","-","MF","MF","","1982","1982","",""
"מכביdle","טל בן חיים (1982)","23662","עונות","המאגר קצר מדי","חסרות 98/99-01/02","02/03-03/04, 15/16-17/18","98/99-03/04, 15/16-17/18","13/14-16/17, 20/21-21/22","-","DF","DF","","1982","1982","","""23662"": { ""spells"": [[1999,2004],[2016,2018]] }"
"מכביdle","יוסי נישרי","13592","עמדה","אין בשום מקור","","02/03","-","02/03","-","","","","","","",""
"מכביdle","יוסי נישרי","13592","שנת לידה","אין בשום מקור","","02/03","-","02/03","-","","","","","","",""
"מכביdle","יעקב אבדיאב","1748","עמדה","אין בשום מקור","","02/03","-","02/03","-","","","","","","",""
"מכביdle","יעקב אבדיאב","1748","שנת לידה","אין בשום מקור","","02/03","-","02/03","-","","","","","","",""
"מכביdle","מיכאל עמר","1775","עמדה","אין בשום מקור","","02/03","-","02/03","-","","","","","","",""
"מכביdle","מיכאל עמר","1775","שנת לידה","אין בשום מקור","","02/03","-","02/03","-","","","","","","",""
"מכביdle","משה משאלוף","1769","עמדה","אין בשום מקור","","02/03-08/09","-","02/03-08/09","-","","","","","","",""
"מכביdle","משה משאלוף","1769","שנת לידה","אין בשום מקור","","02/03-08/09","-","02/03-08/09","-","","","","","","",""
"מכביdle","סאלם אבו סיאם","1749","עונות","המאגר קצר מדי","חסרות 01/02","02/03-05/06","01/02-05/06","02/03-05/06","-","DF","DF","","1983","1983","","""1749"": { ""spells"": [[2002,2006]] }"
"מכביdle","פרוחננקובס אנדרס","268","עמדה","אין בשום מקור","","02/03-04/05","-","02/03-04/05","-","","","","","","",""
"מכביdle","פרוחננקובס אנדרס","268","שנת לידה","אין בשום מקור","","02/03-04/05","-","02/03-04/05","-","","","","","","",""
"מכביdle","קובי מוסה","1424","עמדה","אין בשום מקור","","02/03-04/05, 06/07-07/08","-","02/03-04/05, 06/07-07/08","-","","","","","","",""
"מכביdle","קובי מוסה","1424","שנת לידה","אין בשום מקור","","02/03-04/05, 06/07-07/08","-","02/03-04/05, 06/07-07/08","-","","","","","","",""
"מכביdle","רייס ברונו","34365","עמדה","אין בשום מקור","","02/03-04/05","-","02/03-04/05","-","","","","","","",""
"מכביdle","רייס ברונו","34365","שנת לידה","אין בשום מקור","","02/03-04/05","-","02/03-04/05","-","","","","","","",""
"מכביdle","אדורנו אלדו","50436","עמדה","אין בשום מקור","","03/04","-","03/04","-","","","","","","",""
"מכביdle","אדורנו אלדו","50436","שנת לידה","אין בשום מקור","","03/04","-","03/04","-","","","","","","",""
"מכביdle","אלדו אדורנו","","עמדה","סתירה","מאגר: FW · ויקיפדיה: MF","03/04","03/04","-","-","FW","MF","","1982","1982","",""
"מכביdle","אסף קריספיס","1779","עונות","סתירה","ויקיפדיה מוסיפה 04/05-08/09 · המאגר מוסיף 03/04","03/04","04/05-08/09","03/04","-","FW","FW","","1984","1984","",""
"מכביdle","קובי נכטיילר","13319","עמדה","אין בשום מקור","","03/04","-","03/04","-","","","","","","",""
"מכביdle","קובי נכטיילר","13319","שנת לידה","אין בשום מקור","","03/04","-","03/04","-","","","","","","",""
"מכביdle","קוביקה אנזיי","4398","עמדה","אין בשום מקור","","03/04","-","03/04","-","","","","","","",""
"מכביdle","קוביקה אנזיי","4398","שנת לידה","אין בשום מקור","","03/04","-","03/04","-","","","","","","",""
"מכביdle","תמיר כהן","1764","עונות","המאגר קצר מדי","חסרות 02/03","03/04-06/07","02/03-06/07","03/04-05/06","03/04-06/07","MF","MF","MF","1984","1984","1984","""1764"": { ""spells"": [[2003,2007]] }"
"מכביdle","אדוארדו מרקוש","55365","עמדה","אין בשום מקור","","04/05","-","04/05","-","","","","","","",""
"מכביdle","אדוארדו מרקוש","55365","שנת לידה","אין בשום מקור","","04/05","-","04/05","-","","","","","","",""
"מכביdle","אופיר בר","14264","עמדה","אין בשום מקור","","04/05","-","04/05","-","","","","","","",""
"מכביdle","אופיר בר","14264","שנת לידה","אין בשום מקור","","04/05","-","04/05","-","","","","","","",""
"מכביdle","אמיל אמבמבה","55470","זהות","שני ערכים באותו שם","בוויקיפדיה יש יותר מערך אחד בשם הזה — אין תיקון אוטומטי","04/05","04/05","04/05","-","FW","","","1982","","",""
"מכביdle","ברק ורד","8363","עמדה","אין בשום מקור","","04/05","-","04/05","-","","","","","","",""
"מכביdle","ברק ורד","8363","שנת לידה","אין בשום מקור","","04/05","-","04/05","-","","","","","","",""
"מכביdle","גובניניו פביאנו","55387","עמדה","אין בשום מקור","","04/05","-","04/05","-","","","","","","",""
"מכביdle","גובניניו פביאנו","55387","שנת לידה","אין בשום מקור","","04/05","-","04/05","-","","","","","","",""
"מכביdle","גיא חיימוב","8485","עונות","המאגר קצר מדי","חסרות 03/04, 07/08, 09/10-10/11, 12/13","04/05-06/07, 08/09, 11/12","03/04-12/13","05/06, 08/09, 11/12","04/05-06/07, 08/09, 11/12","GK","GK","GK","1986","1986","1986","""8485"": { ""spells"": [[2004,2013]] }"
"מכביdle","יקיר שינה","8376","עונות","המאגר קצר מדי","חסרות 06/07-12/13","04/05-05/06","04/05-12/13","04/05-05/06","04/05-05/06","MF","DF","MF","1985","1985","1985","""8376"": { ""spells"": [[2005,2013]] }"
"מכביdle","יקיר שינה","8376","עמדה","סתירה","מאגר: MF · ויקיפדיה: DF · worldfootball: MF","04/05-05/06","04/05-12/13","04/05-05/06","04/05-05/06","MF","DF","MF","1985","1985","1985",""
"מכביdle","עידן ביטון","8358","עמדה","אין בשום מקור","","04/05","-","04/05","-","","","","","","",""
"מכביdle","עידן ביטון","8358","שנת לידה","אין בשום מקור","","04/05","-","04/05","-","","","","","","",""
"מכביdle","ערן לוי","571","עונות","סתירה","ויקיפדיה מוסיפה 05/06 · המאגר מוסיף 04/05","04/05","05/06","04/05","-","MF","MF","","1985","1985","",""
"מכביdle","רומן חאוסטוב","9665","עמדה","אין בשום מקור","","04/05","-","04/05","-","","","","","","",""
"מכביdle","רומן חאוסטוב","9665","שנת לידה","אין בשום מקור","","04/05","-","04/05","-","","","","","","",""
"מכביdle","שרן ייני","8487","עונות","המאגר ארוך מדי","ויקיפדיה לא מכירה 16/17 — ייתכן שאלה עונות השאלה","04/05-14/15, 16/17-23/24","04/05-14/15, 17/18-23/24","05/06-14/15, 16/17-23/24","04/05-14/15, 16/17-23/24","MF","DF","MF","1986","1986","1986",""
"מכביdle","שרן ייני","8487","עמדה","סתירה","מאגר: MF · ויקיפדיה: DF · worldfootball: MF","04/05-14/15, 16/17-23/24","04/05-14/15, 17/18-23/24","05/06-14/15, 16/17-23/24","04/05-14/15, 16/17-23/24","MF","DF","MF","1986","1986","1986",""
"מכביdle","אורי שטרית","8496","עונות","המאגר קצר מדי","חסרות 04/05","05/06-09/10","04/05-09/10","05/06-09/10","05/06-09/10","DF","DF","DF","1986","1986","1986","""8496"": { ""spells"": [[2005,2010]] }"
"מכביdle","אליאור וקנין","8484","עמדה","אין בשום מקור","","05/06","-","05/06","-","","","","","","",""
"מכביdle","אליאור וקנין","8484","שנת לידה","אין בשום מקור","","05/06","-","05/06","-","","","","","","",""
"מכביdle","אסף מנדס","2968","עמדה","אין בשום מקור","","05/06","-","05/06","-","","","","","","",""
"מכביdle","אסף מנדס","2968","שנת לידה","אין בשום מקור","","05/06","-","05/06","-","","","","","","",""
"מכביdle","הנרי מקינאווה","71170","עמדה","אין בשום מקור","","05/06","-","05/06","-","","","","","","",""
"מכביdle","הנרי מקינאווה","71170","שנת לידה","אין בשום מקור","","05/06","-","05/06","-","","","","","","",""
"מכביdle","יצחק שמש","8497","עמדה","אין בשום מקור","","05/06","-","05/06","-","","","","","","",""
"מכביdle","יצחק שמש","8497","שנת לידה","אין בשום מקור","","05/06","-","05/06","-","","","","","","",""
"מכביdle","ליאור ז'אן","8481","עונות","המאגר קצר מדי","חסרות 04/05","05/06-09/10","04/05-09/10","05/06-09/10","-","DF","","","1986","","","""8481"": { ""spells"": [[2005,2010]] }"
"מכביdle","ליאור ז'אן","8481","זהות","שני ערכים באותו שם","בוויקיפדיה יש יותר מערך אחד בשם הזה — אין תיקון אוטומטי","05/06-09/10","04/05-09/10","05/06-09/10","-","DF","","","1986","","",""
"מכביdle","קאקו בלסינג","63590","עמדה","אין בשום מקור","","05/06","-","05/06","-","","","","","","",""
"מכביdle","קאקו בלסינג","63590","שנת לידה","אין בשום מקור","","05/06","-","05/06","-","","","","","","",""
"מכביdle","תמיר כחלון","14073","עונות","סתירה","ויקיפדיה מוסיפה 10/11 · המאגר מוסיף 05/06","05/06-06/07, 09/10","06/07, 09/10-10/11","06/07, 09/10","05/06-06/07, 09/10","MF","MF","MF","1987","1987","1987",""
"מכביdle","גיא סולומון","64","עמדה","אין בשום מקור","","06/07-10/11","-","06/07-10/11","-","","","","","","",""
"מכביdle","גיא סולומון","64","שנת לידה","אין בשום מקור","","06/07-10/11","-","06/07-10/11","-","","","","","","",""
"מכביdle","דזאן איליץ","79338","עמדה","אין בשום מקור","","06/07","-","06/07","-","","","","","","",""
"מכביdle","דזאן איליץ","79338","שנת לידה","אין בשום מקור","","06/07","-","06/07","-","","","","","","",""
"מכביdle","חי אטיאס","30687","עמדה","אין בשום מקור","","06/07","-","06/07","-","","","","","","",""
"מכביdle","חי אטיאס","30687","שנת לידה","אין בשום מקור","","06/07","-","06/07","-","","","","","","",""
"מכביdle","טברטקו קאלה","72098","זהות","שני ערכים באותו שם","בוויקיפדיה יש יותר מערך אחד בשם הזה — אין תיקון אוטומטי","06/07","06/07","06/07","06/07","GK","","GK","1974","","1974",""
"מכביdle","מילאן מרדאקוביץ","72445","עמדה","אין בשום מקור","","06/07","-","06/07","-","","","","","","",""
"מכביdle","מילאן מרדאקוביץ","72445","שנת לידה","אין בשום מקור","","06/07","-","06/07","-","","","","","","",""
"מכביdle","מילאן מרטינוביץ'","72447","עונות","המאגר קצר מדי","חסרות 07/08","06/07","06/07-07/08","06/07","06/07","DF","DF","DF","1979","1979","1979","""72447"": { ""spells"": [[2007,2008]] }"
"מכביdle","עומר פרץ","14646","עמדה","סתירה","מאגר: FW · ויקיפדיה: DF · worldfootball: FW","06/07-07/08","06/07-07/08","06/07-07/08","06/07-07/08","FW","DF","FW","1986","1986","1986",""
"מכביdle","אדר כהן","5542","עמדה","אין בשום מקור","","07/08","-","07/08","-","","","","","","",""
"מכביdle","אדר כהן","5542","שנת לידה","אין בשום מקור","","07/08","-","07/08","-","","","","","","",""
"מכביdle","אלן מסודי","55384","עונות","סתירה","ויקיפדיה מוסיפה 08/09 · המאגר מוסיף 07/08","07/08","08/09","07/08","-","FW","FW","","1978","1978","",""
"מכביdle","אלעד קיזר","5559","עמדה","אין בשום מקור","","07/08","-","07/08","-","","","","","","",""
"מכביdle","אלעד קיזר","5559","שנת לידה","אין בשום מקור","","07/08","-","07/08","-","","","","","","",""
"מכביdle","ג'ו ביסרה","","עונות","סתירה","ויקיפדיה מוסיפה 08/09 · המאגר מוסיף 07/08","07/08","08/09","-","-","DF","DF","","1980","1980","",""
"מכביdle","ג'ונתן אסוס","93320","עונות","המאגר ארוך מדי","ויקיפדיה לא מכירה 07/08 — ייתכן שאלה עונות השאלה","07/08-08/09","08/09","07/08-08/09","07/08-08/09","MF","MF","MF","1983","1983","1983",""
"מכביdle","גו בסטוס","93316","עמדה","אין בשום מקור","","07/08","-","07/08","-","","","","","","",""
"מכביdle","גו בסטוס","93316","שנת לידה","אין בשום מקור","","07/08","-","07/08","-","","","","","","",""
"מכביdle","יאניק קאמנן","79040","עונות","המאגר קצר מדי","חסרות 08/09","07/08","07/08-08/09","07/08","-","FW","FW","","1981","1981","","""79040"": { ""spells"": [[2008,2009]] }"
"מכביdle","ניסו קפילוטו","727","עונות","המאגר קצר מדי","חסרות 06/07, 10/11-11/12","07/08-09/10","06/07-11/12","08/09-09/10","07/08-09/10","DF","DF","DF","1989","1989","1989","""727"": { ""spells"": [[2007,2012]] }"
"מכביdle","עמירן שקלים","11142","עונות","המאגר קצר מדי","חסרות 08/09, 10/11-12/13","07/08, 09/10","07/08-12/13","07/08, 09/10","07/08, 09/10","MF","DF","MF","1988","1988","1988","""11142"": { ""spells"": [[2008,2013]] }"
"מכביdle","עמירן שקלים","11142","עמדה","סתירה","מאגר: MF · ויקיפדיה: DF · worldfootball: MF","07/08, 09/10","07/08-12/13","07/08, 09/10","07/08, 09/10","MF","DF","MF","1988","1988","1988",""
"מכביdle","רודי חדד","84046","עונות","המאגר קצר מדי","חסרות 08/09","07/08","07/08-08/09","07/08","07/08","FW","MF","FW","1985","1985","1985","""84046"": { ""spells"": [[2008,2009]] }"
"מכביdle","רודי חדד","84046","עמדה","סתירה","מאגר: FW · ויקיפדיה: MF · worldfootball: FW","07/08","07/08-08/09","07/08","07/08","FW","MF","FW","1985","1985","1985",""
"מכביdle","אורי ביטון","6166","עמדה","אין בשום מקור","","08/09","-","08/09","-","","","","","","",""
"מכביdle","אורי ביטון","6166","שנת לידה","אין בשום מקור","","08/09","-","08/09","-","","","","","","",""
"מכביdle","איליה יברויאן","55375","זהות","שני ערכים באותו שם","בוויקיפדיה יש יותר מערך אחד בשם הזה — אין תיקון אוטומטי","08/09-09/10","08/09-09/10","08/09-09/10","-","FW","","","1981","","",""
"מכביdle","אריק הורט","102977","עמדה","אין בשום מקור","","08/09","-","08/09","-","","","","","","",""
"מכביdle","אריק הורט","102977","שנת לידה","אין בשום מקור","","08/09","-","08/09","-","","","","","","",""
"מכביdle","חיים מגרלשוילי","13265","עונות","סתירה","ויקיפדיה מוסיפה 09/10 · המאגר מוסיף 08/09","08/09","09/10","08/09","-","DF","DF","","1982","1982","",""
"מכביdle","מאור בוזגלו","17719","עמדה","סתירה","מאגר: FW · ויקיפדיה: MF · worldfootball: FW","08/09-10/11","08/09-10/11","08/09-10/11","08/09-10/11","FW","MF","FW","1988","1988","1988",""
"מכביdle","סקוט סילי","102972","עמדה","אין בשום מקור","","08/09","-","08/09","-","","","","","","",""
"מכביdle","סקוט סילי","102972","שנת לידה","אין בשום מקור","","08/09","-","08/09","-","","","","","","",""
"מכביdle","עודד אמיתי","15387","עמדה","אין בשום מקור","","08/09","-","08/09","-","","","","","","",""
"מכביdle","עודד אמיתי","15387","שנת לידה","אין בשום מקור","","08/09","-","08/09","-","","","","","","",""
"מכביdle","צחי סלוק","15407","עמדה","אין בשום מקור","","08/09","-","08/09","-","","","","","","",""
"מכביdle","צחי סלוק","15407","שנת לידה","אין בשום מקור","","08/09","-","08/09","-","","","","","","",""
"מכביdle","תום מנשרוב","6187","עונות","המאגר קצר מדי","חסרות 06/07-07/08","08/09-09/10, 11/12","06/07-09/10, 11/12","08/09-09/10, 11/12","-","MF","MF","","1987","1987","","""6187"": { ""spells"": [[2007,2010],[2012,2012]] }"
"מכביdle","איוויצה אילייב","","עמדה","סתירה","מאגר: FW · ויקיפדיה: MF","09/10","09/10","-","-","FW","MF","","1979","1979","",""
"מכביdle","אילייב איביצה","105356","עמדה","אין בשום מקור","","09/10","-","09/10","-","","","","","","",""
"מכביdle","אילייב איביצה","105356","שנת לידה","אין בשום מקור","","09/10","-","09/10","-","","","","","","",""
"מכביdle","דוראל אדרי","10206","עמדה","אין בשום מקור","","09/10","-","09/10","-","","","","","","",""
"מכביdle","דוראל אדרי","10206","שנת לידה","אין בשום מקור","","09/10","-","09/10","-","","","","","","",""
"מכביdle","יובל אבידור","22827","עמדה","סתירה","מאגר: MF · ויקיפדיה: FW · worldfootball: MF","09/10-10/11","09/10-10/11","09/10-10/11","09/10-10/11","MF","FW","MF","1986","1986","1986",""
"מכביdle","מאור חלבי","60665","עמדה","אין בשום מקור","","09/10","-","09/10","-","","","","","","",""
"מכביdle","מאור חלבי","60665","שנת לידה","אין בשום מקור","","09/10","-","09/10","-","","","","","","",""
"מכביdle","מייק חן","10219","עמדה","אין בשום מקור","","09/10","-","09/10","-","","","","","","",""
"מכביdle","מייק חן","10219","שנת לידה","אין בשום מקור","","09/10","-","09/10","-","","","","","","",""
"מכביdle","ציון צמח","10229","עונות","המאגר קצר מדי","חסרות 07/08-08/09, 10/11","09/10","07/08-10/11","09/10","09/10","MF","MF","MF","1990","1990","1990","""10229"": { ""spells"": [[2008,2011]] }"
"מכביdle","רונלד ראלדס","","שנת לידה","סתירה","מאגר: 1981 · ויקיפדיה: 1980","09/10","09/10","-","-","DF","DF","","1981","1980","",""
"מכביdle","ריף פרץ","1381","עונות","המאגר קצר מדי","חסרות 13/14-15/16","09/10-12/13","09/10-15/16","10/11-12/13","09/10-12/13","MF","DF","MF","1991","1991","1991","""1381"": { ""spells"": [[2010,2016]] }"
"מכביdle","ריף פרץ","1381","עמדה","סתירה","מאגר: MF · ויקיפדיה: DF · worldfootball: MF","09/10-12/13","09/10-15/16","10/11-12/13","09/10-12/13","MF","DF","MF","1991","1991","1991",""
"מכביdle","אלירן עטר","31335","עונות","המאגר קצר מדי","חסרות 19/20","10/11-12/13, 17/18-18/19","10/11-12/13, 17/18-19/20","10/11-12/13, 17/18-18/19","10/11-12/13, 17/18-18/19","MF","FW","MF","1987","1987","1987","""31335"": { ""spells"": [[2011,2013],[2018,2020]] }"
"מכביdle","אלירן עטר","31335","עמדה","סתירה","מאגר: MF · ויקיפדיה: FW · worldfootball: MF","10/11-12/13, 17/18-18/19","10/11-12/13, 17/18-19/20","10/11-12/13, 17/18-18/19","10/11-12/13, 17/18-18/19","MF","FW","MF","1987","1987","1987",""
"מכביdle","ברק יצחקי","17434","עונות","המאגר קצר מדי","חסרות 12/13","10/11-11/12, 13/14-17/18","10/11-17/18","10/11-11/12, 13/14-17/18","10/11-11/12, 13/14-17/18","FW","FW","FW","1984","1984","1984","""17434"": { ""spells"": [[2011,2018]] }"
"מכביdle","האריס מדוניאנין","112546","עונות","סתירה","ויקיפדיה מוסיפה 16/17 · המאגר מוסיף 15/16","10/11-11/12, 15/16","10/11-11/12, 16/17","10/11-11/12, 15/16","10/11-11/12, 15/16","MF","MF","MF","1985","1985","1985",""
"מכביdle","יואב זיו","13261","עונות","המאגר ארוך מדי","ויקיפדיה לא מכירה 16/17 — ייתכן שאלה עונות השאלה","10/11-16/17","10/11-15/16","10/11-15/16","10/11-16/17","DF","DF","DF","1981","1981","1981",""
"מכביdle","יוסי גינזבורג","1359","עונות","סתירה","ויקיפדיה מוסיפה 12/13-13/14 · המאגר מוסיף 10/11","10/11-11/12","11/12-13/14","10/11-11/12","-","GK","GK","","1991","1991","",""
"מכביdle","מישל נחמיאס","1376","עמדה","אין בשום מקור","","10/11","-","10/11","-","","","","","","",""
"מכביdle","מישל נחמיאס","1376","שנת לידה","אין בשום מקור","","10/11","-","10/11","-","","","","","","",""
"מכביdle","משה לוגסי","39644","עונות","המאגר קצר מדי","חסרות 13/14-17/18","10/11-12/13","10/11-17/18","10/11-12/13","10/11-12/13","DF","MF","DF","1991","1991","1991","""39644"": { ""spells"": [[2011,2018]] }"
"מכביdle","משה לוגסי","39644","עמדה","סתירה","מאגר: DF · ויקיפדיה: MF · worldfootball: DF","10/11-12/13","10/11-17/18","10/11-12/13","10/11-12/13","DF","MF","DF","1991","1991","1991",""
"מכביdle","ניבאלדו","112544","זהות","שני ערכים באותו שם","בוויקיפדיה יש יותר מערך אחד בשם הזה — אין תיקון אוטומטי","10/11-11/12","10/11-11/12","10/11-11/12","-","DF","","","1980","","",""
"מכביdle","אליהו זיזוב","1364","עמדה","אין בשום מקור","","11/12-12/13","-","11/12-12/13","-","","","","","","",""
"מכביdle","אליהו זיזוב","1364","שנת לידה","אין בשום מקור","","11/12-12/13","-","11/12-12/13","-","","","","","","",""
"מכביdle","בן בן יאיר","67565","עונות","המאגר קצר מדי","חסרות 09/10-10/11, 12/13-16/17","11/12","09/10-16/17","11/12","-","FW","FW","","1992","1992","","""67565"": { ""spells"": [[2010,2017]] }"
"מכביdle","ברק לוי","25635","עונות","סתירה","ויקיפדיה מוסיפה 15/16 · המאגר מוסיף 16/17","11/12-14/15, 16/17","11/12-15/16","12/13-14/15, 16/17","11/12-14/15, 16/17","GK","GK","GK","1993","1993","1993",""
"מכביdle","גאל מרגוליס","34117","עונות","סתירה","ויקיפדיה מוסיפה 15/16-16/17 · המאגר מוסיף 11/12","11/12-14/15","12/13-16/17","13/14-14/15","11/12-14/15","FW","FW","FW","1994","1994","1994",""
"מכביdle","טקלה אסמלש","64355","עמדה","אין בשום מקור","","11/12","-","11/12","-","","","","","","",""
"מכביdle","טקלה אסמלש","64355","שנת לידה","אין בשום מקור","","11/12","-","11/12","-","","","","","","",""
"מכביdle","יגיל ביטון","45502","עמדה","אין בשום מקור","","11/12","-","11/12","-","","","","","","",""
"מכביdle","יגיל ביטון","45502","שנת לידה","אין בשום מקור","","11/12","-","11/12","-","","","","","","",""
"מכביdle","מואנס דבור","50366","עונות","המאגר קצר מדי","חסרות 13/14","11/12-12/13","11/12-13/14","11/12-12/13","11/12-12/13","FW","FW","FW","1992","1992","1992","""50366"": { ""spells"": [[2012,2014]] }"
"מכביdle","רוסלן ברסקי","","עונות","סתירה","ויקיפדיה מוסיפה 12/13-17/18 · המאגר מוסיף 11/12","11/12, 18/19-20/21","12/13-20/21","-","-","MF","MF","","1992","1992","",""
"מכביdle","רועי קהת","31217","עונות","המאגר קצר מדי","חסרות 12/13","11/12","11/12-12/13","11/12","-","MF","MF","","1992","1992","","""31217"": { ""spells"": [[2012,2013]] }"
"מכביdle","רחמים צ'קול","22000","עמדה","סתירה","מאגר: MF · ויקיפדיה: DF · worldfootball: MF","11/12","11/12","11/12","11/12","MF","DF","MF","1988","1988","1988",""
"מכביdle","רפי דהן","9840","עונות","המאגר קצר מדי","חסרות 13/14","11/12-12/13","11/12-13/14","11/12","11/12-12/13","MF","MF","MF","1989","1989","1989","""9840"": { ""spells"": [[2012,2014]] }"
"מכביdle","אושר אבו","25624","עמדה","אין בשום מקור","","12/13","-","12/13","-","","","","","","",""
"מכביdle","אושר אבו","25624","שנת לידה","אין בשום מקור","","12/13","-","12/13","-","","","","","","",""
"מכביdle","איגנסיו פידלף","144609","עונות","סתירה","ויקיפדיה מוסיפה 13/14 · המאגר מוסיף 12/13","12/13","13/14","12/13","12/13","DF","DF","DF","1989","1989","1989",""
"מכביdle","גונזלו גארסיה","134894","עמדה","אין בשום מקור","","12/13","-","12/13","-","","","","","","",""
"מכביdle","גונזלו גארסיה","134894","שנת לידה","אין בשום מקור","","12/13","-","12/13","-","","","","","","",""
"מכביdle","גיא כהן","5298","עמדה","אין בשום מקור","","12/13","-","12/13","-","","","","","","",""
"מכביdle","גיא כהן","5298","שנת לידה","אין בשום מקור","","12/13","-","12/13","-","","","","","","",""
"מכביdle","דין אקפי","5296","עמדה","אין בשום מקור","","12/13","-","12/13","-","","","","","","",""
"מכביdle","דין אקפי","5296","שנת לידה","אין בשום מקור","","12/13","-","12/13","-","","","","","","",""
"מכביdle","דניאל לוי","35495","עמדה","אין בשום מקור","","12/13","-","12/13","-","","","","","","",""
"מכביdle","דניאל לוי","35495","שנת לידה","אין בשום מקור","","12/13","-","12/13","-","","","","","","",""
"מכביdle","חסן אבו זייד","77839","עונות","המאגר קצר מדי","חסרות 13/14-14/15","12/13","12/13-14/15","12/13","12/13","MF","MF","MF","1991","1991","1991","""77839"": { ""spells"": [[2013,2015]] }"
"מכביdle","ערן זהבי","14064","עונות","המאגר ארוך מדי","ויקיפדיה לא מכירה 12/13 — ייתכן שאלה עונות השאלה","12/13-15/16, 22/23-24/25","13/14-15/16, 22/23-24/25","12/13-15/16, 22/23-24/25","12/13-15/16, 22/23-24/25","FW","MF","FW","1987","1987","1987",""
"מכביdle","ערן זהבי","14064","עמדה","סתירה","מאגר: FW · ויקיפדיה: MF · worldfootball: FW","12/13-15/16, 22/23-24/25","13/14-15/16, 22/23-24/25","12/13-15/16, 22/23-24/25","12/13-15/16, 22/23-24/25","FW","MF","FW","1987","1987","1987",""
"מכביdle","קרלוס בדיאס","134893","עמדה","אין בשום מקור","","12/13-15/16","-","12/13-15/16","-","","","","","","",""
"מכביdle","קרלוס בדיאס","134893","שנת לידה","אין בשום מקור","","12/13-15/16","-","12/13-15/16","-","","","","","","",""
"מכביdle","ראדה פריצה","144205","עונות","המאגר ארוך מדי","ויקיפדיה לא מכירה 12/13 — ייתכן שאלה עונות השאלה","12/13-14/15","13/14-14/15","12/13-14/15","12/13-14/15","FW","FW","FW","1980","1980","1980",""
"מכביdle","שרון זיסו","34234","עמדה","אין בשום מקור","","12/13","-","12/13","-","","","","","","",""
"מכביdle","שרון זיסו","34234","שנת לידה","אין בשום מקור","","12/13","-","12/13","-","","","","","","",""
"מכביdle","תומר חנצ'ינסקי","144233","עונות","סתירה","ויקיפדיה מוסיפה 13/14-14/15 · המאגר מוסיף 12/13","12/13","13/14-14/15","12/13","12/13","GK","GK","GK","1984","1984","1984",""
"מכביdle","ברק בדש","13689","עונות","המאגר ארוך מדי","ויקיפדיה לא מכירה 13/14 — ייתכן שאלה עונות השאלה","13/14-14/15","14/15","13/14-14/15","13/14-14/15","FW","FW","FW","1982","1982","1982",""
"מכביdle","דור ג'אן","49719","עונות","המאגר קצר מדי","חסרות 12/13, 14/15-17/18","13/14","12/13-17/18","13/14","13/14","FW","FW","FW","1994","1994","1994","""49719"": { ""spells"": [[2013,2018]] }"
"מכביdle","דניאל גרץ","35442","עמדה","אין בשום מקור","","13/14","-","13/14","-","","","","","","",""
"מכביdle","דניאל גרץ","35442","שנת לידה","אין בשום מקור","","13/14","-","13/14","-","","","","","","",""
"מכביdle","חואן פרארס","145199","עמדה","אין בשום מקור","","13/14-14/15","-","13/14-14/15","-","","","","","","",""
"מכביdle","חואן פרארס","145199","שנת לידה","אין בשום מקור","","13/14-14/15","-","13/14-14/15","-","","","","","","",""
"מכביdle","טל בן חיים (1989)","23662","עמדה","סתירה","מאגר: FW · ויקיפדיה: MF","13/14-16/17, 20/21-21/22","13/14-16/17, 20/21-21/22","13/14-16/17, 20/21-21/22","-","FW","MF","","1989","1989","",""
"מכביdle","ניקולה מיטרוביץ'","145434","עונות","המאגר קצר מדי","חסרות 15/16","13/14-14/15","13/14-15/16","13/14-14/15","13/14-14/15","MF","MF","MF","1987","1987","1987","""145434"": { ""spells"": [[2014,2016]] }"
"מכביdle","רמי מארבאל","","עונות","סתירה","ויקיפדיה מוסיפה 14/15 · המאגר מוסיף 13/14","13/14","14/15","-","-","DF","DF","","1983","1983","",""
"מכביdle","רמי מרוול","154668","עמדה","אין בשום מקור","","13/14","-","13/14","-","","","","","","",""
"מכביdle","רמי מרוול","154668","שנת לידה","אין בשום מקור","","13/14","-","13/14","-","","","","","","",""
"מכביdle","גילי ורמוט","22107","עונות","סתירה","ויקיפדיה מוסיפה 15/16 · המאגר מוסיף 14/15","14/15","15/16","14/15","14/15","MF","","MF","1985","","1985",""
"מכביdle","גילי ורמוט","22107","זהות","שני ערכים באותו שם","בוויקיפדיה יש יותר מערך אחד בשם הזה — אין תיקון אוטומטי","14/15","15/16","14/15","14/15","MF","","MF","1985","","1985",""
"מכביdle","נוסא איגיבור","","עונות","המאגר קצר מדי","חסרות 16/17","14/15-15/16","14/15-16/17","-","-","MF","MF","","1990","1990","","""נוסא איגיבור"": { ""spells"": [[2015,2017]] }"
"מכביdle","סער קלדרון","58666","עמדה","אין בשום מקור","","14/15","-","14/15","-","","","","","","",""
"מכביdle","סער קלדרון","58666","שנת לידה","אין בשום מקור","","14/15","-","14/15","-","","","","","","",""
"מכביdle","עדן בן בסט","7208","עונות","המאגר קצר מדי","חסרות 16/17","14/15-15/16","14/15-16/17","14/15-15/16","14/15-15/16","FW","FW","FW","1986","1986","1986","""7208"": { ""spells"": [[2015,2017]] }"
"מכביdle","עמנואל איגיבור","123859","עמדה","אין בשום מקור","","14/15-15/16","-","14/15-15/16","-","","","","","","",""
"מכביdle","עמנואל איגיבור","123859","שנת לידה","אין בשום מקור","","14/15-15/16","-","14/15-15/16","-","","","","","","",""
"מכביdle","שחר פיבן","56756","עונות","סתירה","ויקיפדיה מוסיפה 15/16-17/18 · המאגר מוסיף 14/15","14/15, 18/19-22/23","15/16-22/23","14/15, 18/19-22/23","18/19-22/23","DF","DF","DF","1995","1995","1995",""
"מכביdle","אורלנדו דה סה","176259","עמדה","אין בשום מקור","","15/16","-","15/16","-","","","","","","",""
"מכביdle","אורלנדו דה סה","176259","שנת לידה","אין בשום מקור","","15/16","-","15/16","-","","","","","","",""
"מכביdle","אורלנדו סה","","עונות","סתירה","ויקיפדיה מוסיפה 16/17 · המאגר מוסיף 15/16","15/16","16/17","-","-","FW","FW","","1988","1988","",""
"מכביdle","אליאל פרץ","71542","עונות","המאגר קצר מדי","חסרות 17/18-18/19","15/16-16/17","15/16-18/19","15/16-16/17","15/16-16/17","MF","MF","MF","1996","1996","1996","""71542"": { ""spells"": [[2016,2019]] }"
"מכביdle","גאי אביב","64630","עמדה","אין בשום מקור","","15/16","-","15/16","-","","","","","","",""
"מכביdle","גאי אביב","64630","שנת לידה","אין בשום מקור","","15/16","-","15/16","-","","","","","","",""
"מכביdle","גבי קניקובסקי","77673","זהות","שני ערכים באותו שם","בוויקיפדיה יש יותר מערך אחד בשם הזה — אין תיקון אוטומטי","15/16-17/18, 21/22-24/25","15/16-17/18, 21/22-24/25","21/22-24/25","15/16-17/18, 21/22-24/25","MF","","MF","1997","","1997",""
"מכביdle","דן גלזר","58445","עונות","המאגר קצר מדי","חסרות 14/15 · בתיבה יש שנה בודדת, בדוק ידנית","15/16-22/23","14/15-22/23","18/19-22/23","15/16-22/23","MF","MF","MF","1996","1996","1996",""
"מכביdle","יגור פיליפנקה","","עונות","סתירה","ויקיפדיה מוסיפה 17/18 · המאגר מוסיף 15/16","15/16-16/17","16/17-17/18","-","-","DF","DF","","1988","1988","",""
"מכביdle","יוסי בניון","111","עונות","המאגר ארוך מדי","ויקיפדיה לא מכירה 15/16 — ייתכן שאלה עונות השאלה","15/16-16/17","16/17","16/17","15/16","MF","MF","MF","1980","1980","1980",""
"מכביdle","עידן יוגב","58436","עמדה","אין בשום מקור","","15/16","-","15/16","-","","","","","","",""
"מכביdle","עידן יוגב","58436","שנת לידה","אין בשום מקור","","15/16","-","15/16","-","","","","","","",""
"מכביdle","שלומי אזולאי","15560","זהות","שני ערכים באותו שם","בוויקיפדיה יש יותר מערך אחד בשם הזה — אין תיקון אוטומטי","15/16-16/17","15/16-16/17","15/16","15/16-16/17","MF","","MF","1990","","1990",""
"מכביdle","שקד אזולאי","64759","עמדה","אין בשום מקור","","15/16","-","15/16","-","","","","","","",""
"מכביdle","שקד אזולאי","64759","שנת לידה","אין בשום מקור","","15/16","-","15/16","-","","","","","","",""
"מכביdle","אופיר דוידזאדה","49494","עונות","המאגר ארוך מדי","ויקיפדיה לא מכירה 16/17 — ייתכן שאלה עונות השאלה","16/17-24/25","17/18-24/25","17/18-24/25","-","DF","DF","","1991","1991","",""
"מכביdle","אזקיאל סקריונה","177023","עמדה","אין בשום מקור","","16/17","-","16/17","-","","","","","","",""
"מכביdle","אזקיאל סקריונה","177023","שנת לידה","אין בשום מקור","","16/17","-","16/17","-","","","","","","",""
"מכביdle","ארון שוינפלד","176219","עונות","סתירה","ויקיפדיה מוסיפה 19/20 · המאגר מוסיף 16/17","16/17-18/19","17/18-19/20","16/17-18/19","-","FW","FW","","1990","1990","",""
"מכביdle","דור גלילי","65151","עמדה","אין בשום מקור","","16/17","-","16/17","-","","","","","","",""
"מכביdle","דור גלילי","65151","שנת לידה","אין בשום מקור","","16/17","-","16/17","-","","","","","","",""
"מכביdle","יונתן כהן","64621","עונות","המאגר קצר מדי","חסרות 15/16, 17/18","16/17, 18/19-20/21, 22/23-23/24","15/16-20/21, 22/23-23/24","18/19-20/21, 22/23-23/24","16/17, 18/19-20/21, 22/23-23/24","FW","MF","FW","1996","1996","1996","""64621"": { ""spells"": [[2016,2021],[2023,2024]] }"
"מכביdle","יונתן כהן","64621","עמדה","סתירה","מאגר: FW · ויקיפדיה: MF · worldfootball: FW","16/17, 18/19-20/21, 22/23-23/24","15/16-20/21, 22/23-23/24","18/19-20/21, 22/23-23/24","16/17, 18/19-20/21, 22/23-23/24","FW","MF","FW","1996","1996","1996",""
"מכביdle","מרסלו משאדו דוס סנטוס","188631","עונות","סתירה","ויקיפדיה מוסיפה 17/18-19/20 · המאגר מוסיף 16/17","16/17","17/18-19/20","16/17","16/17","MF","MF","MF","1994","1994","1994",""
"מכביdle","עומר אצילי","34253","עונות","המאגר ארוך מדי","ויקיפדיה לא מכירה 16/17 — ייתכן שאלה עונות השאלה","16/17-19/20","17/18-19/20","17/18-19/20","16/17-19/20","MF","MF","MF","1993","1993","1993",""
"מכביdle","עמית רוזנבוים","93419","עמדה","אין בשום מקור","","16/17","-","16/17","-","","","","","","",""
"מכביdle","עמית רוזנבוים","93419","שנת לידה","אין בשום מקור","","16/17","-","16/17","-","","","","","","",""
"מכביdle","ראמון רומא","188677","עמדה","אין בשום מקור","","16/17","-","16/17","-","","","","","","",""
"מכביdle","ראמון רומא","188677","שנת לידה","אין בשום מקור","","16/17","-","16/17","-","","","","","","",""
"מכביdle","רובן דה רסוריישו","188738","עמדה","אין בשום מקור","","16/17","-","16/17","-","","","","","","",""
"מכביdle","רובן דה רסוריישו","188738","שנת לידה","אין בשום מקור","","16/17","-","16/17","-","","","","","","",""
"מכביdle","ריור פיליפנקה","176954","עמדה","אין בשום מקור","","16/17","-","16/17","-","","","","","","",""
"מכביdle","ריור פיליפנקה","176954","שנת לידה","אין בשום מקור","","16/17","-","16/17","-","","","","","","",""
"מכביdle","שגיב יחזקאל","56185","עונות","המאגר קצר מדי","חסרות 17/18","16/17, 18/19, 24/25-25/26","16/17-18/19, 24/25-25/26","16/17, 24/25-25/26","16/17, 18/19, 24/25-25/26","FW","DF","FW","1995","1995","1995","""56185"": { ""spells"": [[2017,2019],[2025,2026]] }"
"מכביdle","שגיב יחזקאל","56185","עמדה","סתירה","מאגר: FW · ויקיפדיה: DF · worldfootball: FW","16/17, 18/19, 24/25-25/26","16/17-18/19, 24/25-25/26","16/17, 24/25-25/26","16/17, 18/19, 24/25-25/26","FW","DF","FW","1995","1995","1995",""
"מכביdle","גידי קאניוק","7128","עונות","סתירה","ויקיפדיה מוסיפה 18/19 · המאגר מוסיף 17/18","17/18","18/19","17/18","17/18","MF","MF","MF","1993","1993","1993",""
"מכביdle","חביב אוחיון","87984","עמדה","אין בשום מקור","","17/18","-","17/18","-","","","","","","",""
"מכביdle","חביב אוחיון","87984","שנת לידה","אין בשום מקור","","17/18","-","17/18","-","","","","","","",""
"מכביdle","חוזה רודריגז","191154","עמדה","אין בשום מקור","","17/18","-","17/18","-","","","","","","",""
"מכביdle","חוזה רודריגז","191154","שנת לידה","אין בשום מקור","","17/18","-","17/18","-","","","","","","",""
"מכביdle","כריסטיאן באטוקיו","189586","עונות","המאגר קצר מדי","חסרות 18/19","17/18","17/18-18/19","17/18","17/18","MF","MF","MF","1992","1992","1992","""189586"": { ""spells"": [[2018,2019]] }"
"מכביdle","ניקולס בלקמן","190447","עמדה","אין בשום מקור","","17/18, 19/20-20/21","-","17/18, 19/20-20/21","-","","","","","","",""
"מכביdle","ניקולס בלקמן","190447","שנת לידה","אין בשום מקור","","17/18, 19/20-20/21","-","17/18, 19/20-20/21","-","","","","","","",""
"מכביdle","פאדי נגאר","108856","עמדה","אין בשום מקור","","17/18","-","17/18","-","","","","","","",""
"מכביdle","פאדי נגאר","108856","שנת לידה","אין בשום מקור","","17/18","-","17/18","-","","","","","","",""
"מכביdle","רן ואתורי","99267","עמדה","אין בשום מקור","","17/18","-","17/18","-","","","","","","",""
"מכביdle","רן ואתורי","99267","שנת לידה","אין בשום מקור","","17/18","-","17/18","-","","","","","","",""
"מכביdle","תומר אלטמן","71644","עונות","סתירה","ויקיפדיה מוסיפה 18/19-20/21 · המאגר מוסיף 17/18","17/18","18/19-20/21","17/18","-","MF","MF","","1998","1998","",""
"מכביdle","דניאל פרץ","106014","עונות","סתירה","ויקיפדיה מוסיפה 19/20 · המאגר מוסיף 18/19","18/19, 20/21-22/23","19/20-22/23","20/21-22/23","-","GK","GK","","2000","2000","",""
"מכביdle","נדב נידם","","עונות","סתירה","ויקיפדיה מוסיפה 21/22-25/26 · המאגר מוסיף 18/19","18/19-20/21","19/20-25/26","-","-","MF","MF","","2001","2001","",""
"מכביdle","אילון אלמוג","98244","עונות","המאגר קצר מדי","חסרות 17/18-18/19","19/20-22/23","17/18-22/23","19/20-22/23","19/20-22/23","FW","FW","FW","1999","1999","1999","""98244"": { ""spells"": [[2018,2023]] }"
"מכביdle","אנדראס יאניוטיס","213121","עונות","המאגר קצר מדי","חסרות 20/21","19/20","19/20-20/21","19/20","19/20","GK","GK","GK","1992","1992","1992","""213121"": { ""spells"": [[2020,2021]] }"
"מכביdle","אנדרה ז'ראלדש","213253","עונות","המאגר ארוך מדי","ויקיפדיה לא מכירה 20/21 — ייתכן שאלה עונות השאלה","19/20-22/23","19/20, 21/22-22/23","19/20-22/23","-","DF","","","1991","","",""
"מכביdle","אנדרה ז'ראלדש","213253","זהות","שני ערכים באותו שם","בוויקיפדיה יש יותר מערך אחד בשם הזה — אין תיקון אוטומטי","19/20-22/23","19/20, 21/22-22/23","19/20-22/23","-","DF","","","1991","","",""
"מכביdle","מתן חוזז","66298","עונות","המאגר קצר מדי","חסרות 15/16-18/19, 23/24","19/20-22/23","15/16-23/24","19/20-22/23","19/20-22/23","FW","FW","FW","1996","1996","1996","""66298"": { ""spells"": [[2016,2024]] }"
"מכביdle","עומר כץ","86256","עונות","המאגר קצר מדי","חסרות 17/18-18/19","19/20","17/18-19/20","19/20","19/20","GK","GK","GK","1998","1998","1998","""86256"": { ""spells"": [[2018,2020]] }"
"מכביdle","פארפה גיאגון","","עונות","סתירה","ויקיפדיה מוסיפה 20/21-21/22 · המאגר מוסיף 19/20","19/20, 22/23","20/21-22/23","-","-","MF","MF","","2001","2001","",""
"מכביdle","אדוארדו גררו","202844","עונות","המאגר קצר מדי","חסרות 18/19-19/20, 21/22-22/23","20/21","18/19-22/23","20/21","-","FW","FW","","2000","2000","","""202844"": { ""spells"": [[2019,2023]] }"
"מכביdle","אור יצחק","135349","עמדה","אין בשום מקור","","20/21-23/24","-","20/21-23/24","-","","","","","","",""
"מכביdle","אור יצחק","135349","שנת לידה","אין בשום מקור","","20/21-23/24","-","20/21-23/24","-","","","","","","",""
"מכביdle","גיא מזרחי","","עונות","מקור יחיד","אין ויקיפדיה, אין התאחדות, אין worldfootball","20/21-21/22","-","-","-","DF","","","2001","","",""
"מכביdle","דור תורג'מן","126467","עונות","המאגר קצר מדי","חסרות 21/22","20/21, 22/23-24/25","20/21-24/25","22/23-24/25","20/21, 22/23-24/25","FW","FW","FW","2003","2003","2003","""126467"": { ""spells"": [[2021,2025]] }"
"מכביdle","לואיס רודריגז","229626","עמדה","אין בשום מקור","","20/21","-","20/21","-","","","","","","",""
"מכביdle","לואיס רודריגז","229626","שנת לידה","אין בשום מקור","","20/21","-","20/21","-","","","","","","",""
"מכביdle","מתן בלטקסה","57056","עונות","סתירה","ויקיפדיה מוסיפה 17/18-19/20, 24/25 · המאגר מוסיף 23/24","20/21-21/22, 23/24","17/18-21/22, 24/25","20/21-21/22, 23/24","20/21-21/22, 23/24","DF","DF","DF","1995","1995","1995",""
"מכביdle","עדן קארצב","101453","עונות","סתירה","ויקיפדיה מוסיפה 18/19-19/20, 24/25 · המאגר מוסיף 23/24","20/21, 23/24","18/19-20/21, 24/25","20/21, 23/24","20/21, 23/24","MF","MF","MF","2000","2000","2000",""
"מכביdle","אוסמה ח'לאילה","95026","עונות","המאגר קצר מדי","חסרות 22/23","21/22","21/22-22/23","21/22","-","FW","FW","","1998","1998","","""95026"": { ""spells"": [[2022,2023]] }"
"מכביdle","אוסקר גלוך","","עונות","המאגר קצר מדי","חסרות 22/23","21/22","21/22-22/23","-","-","FW","MF","","2004","2004","","""אוסקר גלוך"": { ""spells"": [[2022,2023]] }"
"מכביdle","אוסקר גלוך","","עמדה","סתירה","מאגר: FW · ויקיפדיה: MF","21/22","21/22-22/23","-","-","FW","MF","","2004","2004","",""
"מכביdle","אוראל באייה","","עונות","סתירה","ויקיפדיה מוסיפה 22/23-25/26 · המאגר מוסיף 21/22","21/22","22/23-25/26","-","-","FW","FW","","2004","2004","",""
"מכביdle","ג'ורג'ה יובאנוביץ'","247554","עונות","המאגר ארוך מדי","ויקיפדיה לא מכירה 21/22 — ייתכן שאלה עונות השאלה","21/22-22/23","22/23","21/22-22/23","21/22-22/23","FW","FW","FW","1999","1999","1999",""
"מכביdle","ז'וזואה סה","","עונות","סתירה","ויקיפדיה מוסיפה 22/23 · המאגר מוסיף 21/22","21/22","22/23","-","-","DF","DF","","1992","1992","",""
"מכביdle","זוסוואה סה","247551","עמדה","אין בשום מקור","","21/22","-","21/22","-","","","","","","",""
"מכביdle","זוסוואה סה","247551","שנת לידה","אין בשום מקור","","21/22","-","21/22","-","","","","","","",""
"מכביdle","גויאגון פארפה","213691","עמדה","אין בשום מקור","","22/23","-","22/23","-","","","","","","",""
"מכביdle","גויאגון פארפה","213691","שנת לידה","אין בשום מקור","","22/23","-","22/23","-","","","","","","",""
"מכביdle","ניר ביטון","2243","עונות","המאגר קצר מדי","חסרות 24/25","22/23-23/24","22/23-24/25","22/23-23/24","22/23-23/24","MF","DF","MF","1991","1991","1991","""2243"": { ""spells"": [[2023,2025]] }"
"מכביdle","ניר ביטון","2243","עמדה","סתירה","מאגר: MF · ויקיפדיה: DF · worldfootball: MF","22/23-23/24","22/23-24/25","22/23-23/24","22/23-23/24","MF","DF","MF","1991","1991","1991",""
"מכביdle","רארש אילייה","264440","עמדה","אין בשום מקור","","22/23","-","22/23","-","","","","","","",""
"מכביdle","רארש אילייה","264440","שנת לידה","אין בשום מקור","","22/23","-","22/23","-","","","","","","",""
"מכביdle","תומר אלון","132000","עמדה","אין בשום מקור","","22/23-23/24","-","22/23-23/24","-","","","","","","",""
"מכביdle","תומר אלון","132000","שנת לידה","אין בשום מקור","","22/23-23/24","-","22/23-23/24","-","","","","","","",""
"מכביdle","אבישי כהן","119009","עונות","המאגר קצר מדי","חסרות 25/26","23/24-24/25","23/24-25/26","23/24-24/25","23/24-24/25","FW","DF","FW","1995","1995","1995","""119009"": { ""spells"": [[2024,2026]] }"
"מכביdle","אבישי כהן","119009","עמדה","סתירה","מאגר: FW · ויקיפדיה: DF · worldfootball: FW","23/24-24/25","23/24-25/26","23/24-24/25","23/24-24/25","FW","DF","FW","1995","1995","1995",""
"מכביdle","אדיר קורדובה","142835","עמדה","אין בשום מקור","","23/24","-","23/24","-","","","","","","",""
"מכביdle","אדיר קורדובה","142835","שנת לידה","אין בשום מקור","","23/24","-","23/24","-","","","","","","",""
"מכביdle","אושר דוידה","105732","עמדה","סתירה","מאגר: FW · ויקיפדיה: MF · worldfootball: FW","23/24-25/26","23/24-25/26","23/24-25/26","23/24-25/26","FW","MF","FW","2001","2001","2001",""
"מכביdle","הנרי אדו","283380","עונות","סתירה","ויקיפדיה מוסיפה 25/26 · המאגר מוסיף 23/24","23/24-24/25","24/25-25/26","23/24-24/25","23/24-24/25","FW","MF","FW","2003","2003","2003",""
"מכביdle","הנרי אדו","283380","עמדה","סתירה","מאגר: FW · ויקיפדיה: MF · worldfootball: FW","23/24-24/25","24/25-25/26","23/24-24/25","23/24-24/25","FW","MF","FW","2003","2003","2003",""
"מכביdle","זואו מנדס","265465","עמדה","אין בשום מקור","","23/24","-","23/24","-","","","","","","",""
"מכביdle","זואו מנדס","265465","שנת לידה","אין בשום מקור","","23/24","-","23/24","-","","","","","","",""
"מכביdle","יונס מלדה","122367","עונות","המאגר ארוך מדי","ויקיפדיה לא מכירה 23/24 — ייתכן שאלה עונות השאלה","23/24-25/26","24/25-25/26","23/24-25/26","23/24-25/26","FW","FW","FW","1999","1999","1999",""
"מכביdle","עידו שחר","123490","עונות","המאגר קצר מדי","חסרות 19/20-22/23","23/24-25/26","19/20-25/26","23/24-25/26","23/24-25/26","MF","MF","MF","2001","2001","2001","""123490"": { ""spells"": [[2020,2026]] }"
"מכביdle","עמית צור","148013","עמדה","אין בשום מקור","","23/24","-","23/24","-","","","","","","",""
"מכביdle","עמית צור","148013","שנת לידה","אין בשום מקור","","23/24","-","23/24","-","","","","","","",""
"מכביdle","פרנציסקו בונדוזו","269415","עמדה","אין בשום מקור","","23/24","-","23/24","-","","","","","","",""
"מכביdle","פרנציסקו בונדוזו","269415","שנת לידה","אין בשום מקור","","23/24","-","23/24","-","","","","","","",""
"מכביdle","קיקו בונדוסו","","עונות","המאגר קצר מדי","חסרות 24/25","23/24","23/24-24/25","-","-","FW","MF","","1995","1995","","""קיקו בונדוסו"": { ""spells"": [[2024,2025]] }"
"מכביdle","קיקו בונדוסו","","עמדה","סתירה","מאגר: FW · ויקיפדיה: MF","23/24","23/24-24/25","-","-","FW","MF","","1995","1995","",""
"מכביdle","רוי רביבו","132044","עונות","המאגר קצר מדי","חסרות 21/22-22/23","23/24-25/26","21/22-25/26","23/24-25/26","23/24-25/26","DF","DF","DF","2003","2003","2003","""132044"": { ""spells"": [[2022,2026]] }"
"מכביdle","רועי עמדי","150915","עמדה","אין בשום מקור","","23/24-24/25","-","23/24-24/25","-","","","","","","",""
"מכביdle","רועי עמדי","150915","שנת לידה","אין בשום מקור","","23/24-24/25","-","23/24-24/25","-","","","","","","",""
"מכביdle","רז שלמה","81874","עונות","המאגר ארוך מדי","ויקיפדיה לא מכירה 23/24 — ייתכן שאלה עונות השאלה","23/24-25/26","24/25-25/26","23/24-25/26","23/24-25/26","DF","DF","DF","1999","1999","1999",""
"מכביdle","אופק אהרון","143447","עמדה","אין בשום מקור","","24/25-25/26","-","24/25-25/26","-","","","","","","",""
"מכביdle","אופק אהרון","143447","שנת לידה","אין בשום מקור","","24/25-25/26","-","24/25-25/26","-","","","","","","",""
"מכביdle","אלעד מדמון","124295","עמדה","סתירה","מאגר: MF · ויקיפדיה: FW · worldfootball: MF","24/25-25/26","24/25-25/26","24/25-25/26","24/25-25/26","MF","FW","MF","2004","2004","2004",""
"מכביdle","הישאם לאיוס","98786","עונות","המאגר קצר מדי","חסרות 25/26","24/25","24/25-25/26","24/25","-","FW","FW","","2000","2000","","""98786"": { ""spells"": [[2025,2026]] }"
"מכביdle","ווסלי בטיסטה","287782","עמדה","אין בשום מקור","","24/25","-","24/25","-","","","","","","",""
"מכביdle","ווסלי בטיסטה","287782","שנת לידה","אין בשום מקור","","24/25","-","24/25","-","","","","","","",""
"מכביdle","איתי בן חמו","120784","עונות","המאגר קצר מדי","חסרות 21/22-24/25","25/26","21/22-25/26","25/26","-","DF","DF","","2002","2002","","""120784"": { ""spells"": [[2022,2026]] }"
"מכביdle","אמיר סהיטי","319790","עונות","סתירה","ויקיפדיה מוסיפה 26/27 · המאגר מוסיף 25/26","25/26","26/27","25/26","25/26","FW","MF","FW","1998","1998","1998",""
"מכביdle","אמיר סהיטי","319790","עמדה","סתירה","מאגר: FW · ויקיפדיה: MF · worldfootball: FW","25/26","26/27","25/26","25/26","FW","MF","FW","1998","1998","1998",""
"מכביdle","היטור סנטוס","302836","עמדה","אין בשום מקור","","25/26","-","25/26","-","","","","","","",""
"מכביdle","היטור סנטוס","302836","שנת לידה","אין בשום מקור","","25/26","-","25/26","-","","","","","","",""
"מכביdle","הליו וארלה","","עמדה","סתירה","מאגר: FW · ויקיפדיה: MF","25/26","25/26","-","-","FW","MF","","2002","2002","",""
"מכביdle","חליו וארלה","305644","עמדה","אין בשום מקור","","25/26","-","25/26","-","","","","","","",""
"מכביdle","חליו וארלה","305644","שנת לידה","אין בשום מקור","","25/26","-","25/26","-","","","","","","",""
"מכביdle","יובל כפיר","164084","עמדה","אין בשום מקור","","25/26","-","25/26","-","","","","","","",""
"מכביdle","יובל כפיר","164084","שנת לידה","אין בשום מקור","","25/26","-","25/26","-","","","","","","",""
"מכביdle","מוחמד קאמארה","189610","עמדה","אין בשום מקור","","25/26","-","25/26","-","","","","","","",""
"מכביdle","מוחמד קאמארה","189610","שנת לידה","אין בשום מקור","","25/26","-","25/26","-","","","","","","",""
"מכביdle","סייד אבו פרחי","162646","עונות","המאגר קצר מדי","חסרות 24/25","25/26","24/25-25/26","25/26","-","FW","FW","","2006","2006","","""162646"": { ""spells"": [[2025,2026]] }"
"מכביdle","קריסטיאן בליץ","303163","עמדה","אין בשום מקור","","25/26","-","25/26","-","","","","","","",""
"מכביdle","קריסטיאן בליץ","303163","שנת לידה","אין בשום מקור","","25/26","-","25/26","-","","","","","","",""
"מכביdle","שליו סעדיה","165018","עמדה","אין בשום מקור","","25/26","-","25/26","-","","","","","","",""
"מכביdle","שליו סעדיה","165018","שנת לידה","אין בשום מקור","","25/26","-","25/26","-","","","","","","",""
"חיפהdle","דני רום","","עונות","המאגר קצר מדי","חסרות 57/58-68/69","69/70-72/73","57/58-72/73","-","-","FW","FW","","1940","1940","","""דני רום"": { ""spells"": [[1958,1973]] }"
"חיפהdle","יהושע גל","","עונות","המאגר ארוך מדי","ויקיפדיה לא מכירה 74/75 — ייתכן שאלה עונות השאלה","73/74-74/75","73/74","-","-","FW","MF","","1951","1951","",""
"חיפהdle","יהושע גל","","עמדה","סתירה","מאגר: FW · ויקיפדיה: MF","73/74-74/75","73/74","-","-","FW","MF","","1951","1951","",""
"חיפהdle","אברהם אבוקרט","","עונות","המאגר ארוך מדי","ויקיפדיה לא מכירה 93/94-94/95 — ייתכן שאלה עונות השאלה","77/78-94/95","77/78-92/93","-","-","MF","MF","","1960","1960","",""
"חיפהdle","איתן אהרוני","","עונות","המאגר קצר מדי","חסרות 78/79","79/80-88/89, 90/91-93/94","78/79-88/89, 90/91-93/94","-","-","DF","DF","","1962","1962","","""איתן אהרוני"": { ""spells"": [[1979,1989],[1991,1994]] }"
"חיפהdle","אלי כהן","","עונות","המאגר ארוך מדי","ויקיפדיה לא מכירה 86/87 — ייתכן שאלה עונות השאלה","79/80-86/87","79/80-85/86","-","-","DF","DF","","1961","1961","",""
"חיפהdle","משה סלקטר","","עמדה","סתירה","מאגר: MF · ויקיפדיה: FW","79/80-86/87, 89/90","79/80-86/87, 89/90","-","-","MF","FW","","1961","1961","",""
"חיפהdle","רפי אוסמו","","עונות","סתירה","ויקיפדיה מוסיפה 88/89-91/92 · המאגר מוסיף 79/80","79/80-87/88","80/81-91/92","-","-","DF","DF","","1963","1963","",""
"חיפהdle","רוני רוזנטל","","עונות","המאגר קצר מדי","חסרות 79/80","80/81-85/86","79/80-85/86","-","-","FW","FW","","1963","1963","","""רוני רוזנטל"": { ""spells"": [[1980,1986]] }"
"חיפהdle","ראובן עטר","120","עונות","סתירה","ויקיפדיה מוסיפה 97/98 · המאגר מוסיף 96/97, 99/00, 02/03","86/87-93/94, 96/97, 99/00-02/03","86/87-93/94, 97/98, 00/01-01/02","02/03","86/87-93/94, 96/97, 99/00-01/02","MF","MF","MF","1969","1969","1969",""
"חיפהdle","גיורא אנטמן","","עונות","המאגר קצר מדי","חסרות 89/90-90/91","88/89","88/89-90/91","-","-","GK","GK","","1962","1962","","""גיורא אנטמן"": { ""spells"": [[1989,1991]] }"
"חיפהdle","אלון חרזי","115","עונות","סתירה","ויקיפדיה מוסיפה 97/98 · המאגר מוסיף 09/10","90/91-96/97, 98/99-09/10","90/91-08/09","02/03-09/10","90/91-96/97, 98/99-09/10","DF","DF","DF","1971","1971","1971",""
"חיפהdle","ויקטור צ'אנוב","","עונות","המאגר קצר מדי","חסרות 91/92-93/94","90/91","90/91-93/94","-","-","GK","GK","","1959","1959","","""ויקטור צ'אנוב"": { ""spells"": [[1991,1994]] }"
"חיפהdle","אריק בנדו","110","עונות","המאגר קצר מדי","חסרות 94/95-95/96","91/92-93/94, 96/97-05/06, 10/11","91/92-05/06, 10/11","02/03-05/06, 10/11","91/92-93/94, 96/97-05/06, 10/11","DF","","DF","1973","","1973","""110"": { ""spells"": [[1992,2006],[2011,2011]] }"
"חיפהdle","אריק בנדו","110","זהות","שני ערכים באותו שם","בוויקיפדיה יש יותר מערך אחד בשם הזה — אין תיקון אוטומטי","91/92-93/94, 96/97-05/06, 10/11","91/92-05/06, 10/11","02/03-05/06, 10/11","91/92-93/94, 96/97-05/06, 10/11","DF","","DF","1973","","1973",""
"חיפהdle","איוואן גצקו","","עונות","המאגר ארוך מדי","ויקיפדיה לא מכירה 94/95 — ייתכן שאלה עונות השאלה","92/93-94/95","92/93-93/94","-","-","FW","FW","","1968","1968","",""
"חיפהdle","חיים סילבס","","עונות","המאגר ארוך מדי","ויקיפדיה לא מכירה 92/93-93/94 — ייתכן שאלה עונות השאלה","92/93-96/97, 98/99","94/95-96/97, 98/99","-","-","MF","MF","","1975","1975","",""
"חיפהdle","רוני לוי","","עונות","המאגר ארוך מדי","ויקיפדיה לא מכירה 97/98 — ייתכן שאלה עונות השאלה","92/93-97/98","92/93-96/97","-","-","MF","MF","","1966","1966","",""
"חיפהdle","אלון מזרחי","","עונות","המאגר קצר מדי","חסרות 94/95-96/97, 98/99","93/94, 97/98","93/94-98/99","-","-","FW","FW","","1971","1971","","""אלון מזרחי"": { ""spells"": [[1994,1999]] }"
"חיפהdle","משה גלאם","","עונות","המאגר קצר מדי","חסרות 91/92-92/93","93/94-96/97","91/92-96/97","-","-","DF","DF","","1968","1968","","""משה גלאם"": { ""spells"": [[1992,1997]] }"
"חיפהdle","סרגיי קנדאורוב","","שנת לידה","סתירה","מאגר: 1971 · ויקיפדיה: 1972","93/94-96/97","93/94-96/97","-","-","MF","MF","","1971","1972","",""
"חיפהdle","אלירן אלקיים","13255","עונות","המאגר ארוך מדי","ויקיפדיה לא מכירה 02/03 — ייתכן שאלה עונות השאלה","94/95-00/01, 02/03","94/95-00/01","02/03","94/95-00/01","DF","DF","DF","1976","1976","1976",""
"חיפהdle","שגיא שטראוס","","עונות","המאגר קצר מדי","חסרות 92/93-93/94, 00/01 · בתיבה יש שנה בודדת, בדוק ידנית","94/95","92/93-94/95, 00/01","-","-","GK","GK","","1976","1976","",""
"חיפהdle","אבישי ז'אנו","114","עונות","המאגר ארוך מדי","ויקיפדיה לא מכירה 04/05 — ייתכן שאלה עונות השאלה","95/96-04/05","95/96-03/04","02/03-04/05","95/96-03/04","DF","DF","DF","1970","1970","1970",""
"חיפהdle","ירוסלאב קנטוש","","עונות","סתירה","ויקיפדיה מוסיפה 96/97 · המאגר מוסיף 95/96","95/96","96/97","-","-","DF","DF","","1974","1974","",""
"חיפהdle","קובי גנון","","עונות","המאגר ארוך מדי","ויקיפדיה לא מכירה 95/96 — ייתכן שאלה עונות השאלה","95/96-96/97","96/97","-","-","DF","DF","","1976","1976","",""
"חיפהdle","אופיר קופל","","עונות","המאגר קצר מדי","חסרות 99/00","96/97-98/99","96/97-99/00","-","-","MF","MF","","1975","1975","","""אופיר קופל"": { ""spells"": [[1997,2000]] }"
"חיפהdle","דודו אוואט","106","עונות","המאגר ארוך מדי","ויקיפדיה לא מכירה 96/97 — ייתכן שאלה עונות השאלה","96/97, 01/02-02/03","01/02-02/03","02/03","-","GK","GK","","1977","1977","",""
"חיפהdle","ויקטור פאצ'ו","","עונות","סתירה","ויקיפדיה מוסיפה 99/00 · המאגר מוסיף 98/99","98/99","99/00","-","-","FW","FW","","1974","1974","",""
"חיפהdle","יז'י בז'נצ'ק","","עונות","המאגר ארוך מדי","ויקיפדיה לא מכירה 98/99 — ייתכן שאלה עונות השאלה","98/99-99/00","99/00","-","-","MF","MF","","1971","1971","",""
"חיפהdle","יניב קטן","122","עונות","המאגר קצר מדי","חסרות 05/06","98/99-04/05, 06/07-13/14","98/99-13/14","02/03-04/05, 06/07-13/14","98/99-04/05, 06/07-13/14","FW","MF","FW","1981","1981","1981","""122"": { ""spells"": [[1999,2014]] }"
"חיפהdle","יניב קטן","122","עמדה","סתירה","מאגר: FW · ויקיפדיה: MF · worldfootball: FW","98/99-04/05, 06/07-13/14","98/99-13/14","02/03-04/05, 06/07-13/14","98/99-04/05, 06/07-13/14","FW","MF","FW","1981","1981","1981",""
"חיפהdle","ליאור אסולין","","עונות","מקור יחיד","אין ויקיפדיה, אין התאחדות, אין worldfootball","98/99-01/02","-","-","-","FW","","","1980","","",""
"חיפהdle","עמוס סאסי","","עונות","המאגר ארוך מדי","ויקיפדיה לא מכירה 98/99 — ייתכן שאלה עונות השאלה","98/99-99/00","99/00","-","-","DF","DF","","1979","1979","",""
"חיפהdle","רונן חרזי","","עונות","סתירה","ויקיפדיה מוסיפה 99/00 · המאגר מוסיף 98/99","98/99","99/00","-","-","FW","FW","","1970","1970","",""
"חיפהdle","שלומי דהאן","","עונות","סתירה","ויקיפדיה מוסיפה 99/00 · המאגר מוסיף 98/99","98/99","99/00","-","-","MF","MF","","1979","1979","",""
"חיפהdle","אבי פרץ","13270","עונות","המאגר ארוך מדי","ויקיפדיה לא מכירה 02/03 — ייתכן שאלה עונות השאלה","99/00-00/01, 02/03","99/00-00/01","02/03","99/00-00/01","GK","GK","GK","1971","1971","1971",""
"חיפהdle","ואליד באדיר","108","עונות","המאגר ארוך מדי","ויקיפדיה לא מכירה 05/06 — ייתכן שאלה עונות השאלה","00/01-05/06","00/01-04/05","02/03-04/05","00/01-05/06","MF","DF","MF","1974","1974","1974",""
"חיפהdle","ואליד באדיר","108","עמדה","סתירה","מאגר: MF · ויקיפדיה: DF · worldfootball: MF","00/01-05/06","00/01-04/05","02/03-04/05","00/01-05/06","MF","DF","MF","1974","1974","1974",""
"חיפהdle","יעקובו איגביני","","עונות","המאגר קצר מדי","חסרות 99/00, 02/03","00/01-01/02","99/00-02/03","-","-","FW","FW","","1982","1982","","""יעקובו איגביני"": { ""spells"": [[2000,2003]] }"
"חיפהdle","מנור חסן","","שנת לידה","סתירה","מאגר: 1979 · ויקיפדיה: 1976","00/01","00/01","-","-","MF","MF","","1979","1976","",""
"חיפהdle","אייל אלמושנינו","107","עמדה","סתירה","מאגר: MF · ויקיפדיה: DF · worldfootball: MF","01/02-02/03","01/02-02/03","02/03","01/02","MF","DF","MF","1976","1976","1976",""
"חיפהdle","אריק אג'יופור","","עונות","המאגר ארוך מדי","ויקיפדיה לא מכירה 01/02 — ייתכן שאלה עונות השאלה","01/02-03/04","02/03-03/04","-","-","DF","DF","","1979","1979","",""
"חיפהdle","ניר סביליה","","עונות","מקור יחיד","אין ויקיפדיה, אין התאחדות, אין worldfootball","01/02","-","-","-","FW","","","1975","","",""
"חיפהdle","אגאפור אריק","34070","עמדה","אין בשום מקור","","02/03-03/04","-","02/03-03/04","-","","","","","","",""
"חיפהdle","אגאפור אריק","34070","שנת לידה","אין בשום מקור","","02/03-03/04","-","02/03-03/04","-","","","","","","",""
"חיפהdle","אדורם קייסי","123","עונות","סתירה","ויקיפדיה מוסיפה 96/97-01/02, 04/05 · המאגר מוסיף 07/08","02/03-03/04, 05/06-07/08","96/97-06/07","02/03-03/04, 05/06-07/08","-","DF","DF","","1972","1972","",""
"חיפהdle","איסלם כנען","2964","עמדה","אין בשום מקור","","02/03","-","02/03","-","","","","","","",""
"חיפהdle","איסלם כנען","2964","שנת לידה","אין בשום מקור","","02/03","-","02/03","-","","","","","","",""
"חיפהdle","איציק כהן","2962","עונות","סתירה","ויקיפדיה מוסיפה 01/02, 12/13 · המאגר מוסיף 02/03","02/03, 11/12, 13/14","01/02, 11/12-13/14","02/03, 11/12, 13/14","-","DF","DF","","1983","1983","",""
"חיפהdle","איתי קורן","121","עמדה","אין בשום מקור","","02/03","-","02/03","-","","","","","","",""
"חיפהdle","איתי קורן","121","שנת לידה","אין בשום מקור","","02/03","-","02/03","-","","","","","","",""
"חיפהdle","איתן עזריה","2970","עונות","המאגר ארוך מדי","ויקיפדיה לא מכירה 02/03, 04/05 — ייתכן שאלה עונות השאלה","02/03-04/05","03/04","02/03-03/04","03/04-04/05","DF","DF","DF","1983","1983","1983",""
"חיפהdle","אליניב ברדה","13280","עונות","המאגר ארוך מדי","ויקיפדיה לא מכירה 02/03 — ייתכן שאלה עונות השאלה","02/03-04/05","03/04-04/05","02/03-04/05","02/03-04/05","FW","FW","FW","1981","1981","1981",""
"חיפהdle","אמיר אדרי","557","עונות","סתירה","ויקיפדיה מוסיפה 07/08, 11/12 · המאגר מוסיף 15/16","02/03-06/07, 08/09-10/11, 12/13-15/16","02/03-14/15","04/05-06/07, 08/09-10/11, 12/13-14/15","02/03-06/07, 08/09-10/11, 12/13-15/16","GK","GK","GK","1985","1985","1985",""
"חיפהdle","אסף אברהמי","2949","עמדה","אין בשום מקור","","02/03-03/04","-","02/03-03/04","-","","","","","","",""
"חיפהdle","אסף אברהמי","2949","שנת לידה","אין בשום מקור","","02/03-03/04","-","02/03-03/04","-","","","","","","",""
"חיפהdle","אסף קלמן","410","עמדה","אין בשום מקור","","02/03","-","02/03","-","","","","","","",""
"חיפהdle","אסף קלמן","410","שנת לידה","אין בשום מקור","","02/03","-","02/03","-","","","","","","",""
"חיפהdle","גולן דרעי","13282","עונות","סתירה","ויקיפדיה מוסיפה 93/94-01/02 · המאגר מוסיף 02/03","02/03","93/94-01/02","02/03","-","DF","DF","","1975","1975","",""
"חיפהdle","גיז'רמו ישראלביץ'","34071","עונות","המאגר ארוך מדי","ויקיפדיה לא מכירה 03/04 — ייתכן שאלה עונות השאלה","02/03-03/04","02/03","02/03-03/04","02/03","MF","MF","MF","1982","1982","1982",""
"חיפהdle","זאוטאוטאס ריימונס","34006","עמדה","אין בשום מקור","","02/03","-","02/03","-","","","","","","",""
"חיפהdle","זאוטאוטאס ריימונס","34006","שנת לידה","אין בשום מקור","","02/03","-","02/03","-","","","","","","",""
"חיפהdle","יואב זיו","13261","עונות","סתירה","ויקיפדיה מוסיפה 00/01 · המאגר מוסיף 02/03","02/03","00/01","02/03","-","DF","DF","","1981","1981","",""
"חיפהdle","יוסי נגר","118","עמדה","אין בשום מקור","","02/03","-","02/03","-","","","","","","",""
"חיפהdle","יוסי נגר","118","שנת לידה","אין בשום מקור","","02/03","-","02/03","-","","","","","","",""
"חיפהdle","כאמל גבארין","112","עמדה","אין בשום מקור","","02/03","-","02/03","-","","","","","","",""
"חיפהdle","כאמל גבארין","112","שנת לידה","אין בשום מקור","","02/03","-","02/03","-","","","","","","",""
"חיפהdle","כליל כנעני","26802","עמדה","אין בשום מקור","","02/03","-","02/03","-","","","","","","",""
"חיפהdle","כליל כנעני","26802","שנת לידה","אין בשום מקור","","02/03","-","02/03","-","","","","","","",""
"חיפהdle","ליעד אמיר","2953","עמדה","אין בשום מקור","","02/03","-","02/03","-","","","","","","",""
"חיפהdle","ליעד אמיר","2953","שנת לידה","אין בשום מקור","","02/03","-","02/03","-","","","","","","",""
"חיפהdle","נדיב טוב","65","עמדה","אין בשום מקור","","02/03","-","02/03","-","","","","","","",""
"חיפהdle","נדיב טוב","65","שנת לידה","אין בשום מקור","","02/03","-","02/03","-","","","","","","",""
"חיפהdle","עידן טל","41775","עונות","המאגר ארוך מדי","ויקיפדיה לא מכירה 02/03 — ייתכן שאלה עונות השאלה","02/03-05/06","03/04-05/06","02/03-05/06","03/04-05/06","MF","MF","MF","1975","1975","1975",""
"חיפהdle","עמי טיאר","54","עמדה","אין בשום מקור","","02/03","-","02/03","-","","","","","","",""
"חיפהdle","עמי טיאר","54","שנת לידה","אין בשום מקור","","02/03","-","02/03","-","","","","","","",""
"חיפהdle","פרליה נאנד","34005","עמדה","אין בשום מקור","","02/03","-","02/03","-","","","","","","",""
"חיפהdle","פרליה נאנד","34005","שנת לידה","אין בשום מקור","","02/03","-","02/03","-","","","","","","",""
"חיפהdle","רפי כהן","116","זהות","שני ערכים באותו שם","בוויקיפדיה יש יותר מערך אחד בשם הזה — אין תיקון אוטומטי","02/03","-","02/03","-","","","","","","",""
"חיפהdle","רפי כהן","116","עמדה","אין בשום מקור","","02/03","-","02/03","-","","","","","","",""
"חיפהdle","רפי כהן","116","שנת לידה","אין בשום מקור","","02/03","-","02/03","-","","","","","","",""
"חיפהdle","שוקי נגאר","13291","עמדה","אין בשום מקור","","02/03","-","02/03","-","","","","","","",""
"חיפהdle","שוקי נגאר","13291","שנת לידה","אין בשום מקור","","02/03","-","02/03","-","","","","","","",""
"חיפהdle","שי דהן","394","עמדה","אין בשום מקור","","02/03","-","02/03","-","","","","","","",""
"חיפהdle","שי דהן","394","שנת לידה","אין בשום מקור","","02/03","-","02/03","-","","","","","","",""
"חיפהdle","שלומי איטח","400","עמדה","אין בשום מקור","","02/03","-","02/03","-","","","","","","",""
"חיפהdle","שלומי איטח","400","שנת לידה","אין בשום מקור","","02/03","-","02/03","-","","","","","","",""
"חיפהdle","שמואל חזן","2960","עמדה","אין בשום מקור","","02/03","-","02/03","-","","","","","","",""
"חיפהdle","שמואל חזן","2960","שנת לידה","אין בשום מקור","","02/03","-","02/03","-","","","","","","",""
"חיפהdle","תום אלמדון","34004","עונות","המאגר קצר מדי","חסרות 07/08-08/09","02/03-06/07, 09/10-10/11","02/03-10/11","03/04-06/07","02/03-06/07, 09/10-10/11","GK","GK","GK","1984","1984","1984","""34004"": { ""spells"": [[2003,2011]] }"
"חיפהdle","תום בנדו","15679","עמדה","אין בשום מקור","","02/03","-","02/03","-","","","","","","",""
"חיפהdle","תום בנדו","15679","שנת לידה","אין בשום מקור","","02/03","-","02/03","-","","","","","","",""
"חיפהdle","אלעד צחקו","2972","עמדה","אין בשום מקור","","03/04","-","03/04","-","","","","","","",""
"חיפהdle","אלעד צחקו","2972","שנת לידה","אין בשום מקור","","03/04","-","03/04","-","","","","","","",""
"חיפהdle","בריטיז חורחה","49600","עמדה","אין בשום מקור","","03/04","-","03/04","-","","","","","","",""
"חיפהdle","בריטיז חורחה","49600","שנת לידה","אין בשום מקור","","03/04","-","03/04","-","","","","","","",""
"חיפהdle","דקל קינן","2973","עונות","המאגר קצר מדי","חסרות 02/03, 17/18","03/04-09/10, 12/13-16/17","02/03-09/10, 12/13-17/18","03/04, 06/07-09/10, 12/13-16/17","03/04-09/10, 12/13-16/17","DF","DF","DF","1984","1984","1984","""2973"": { ""spells"": [[2003,2010],[2013,2018]] }"
"חיפהdle","יצחק בן חמו","2955","עמדה","אין בשום מקור","","03/04","-","03/04","-","","","","","","",""
"חיפהdle","יצחק בן חמו","2955","שנת לידה","אין בשום מקור","","03/04","-","03/04","-","","","","","","",""
"חיפהdle","לופז דנטה","49596","עמדה","אין בשום מקור","","03/04","-","03/04","-","","","","","","",""
"חיפהdle","לופז דנטה","49596","שנת לידה","אין בשום מקור","","03/04","-","03/04","-","","","","","","",""
"חיפהdle","ליאור רפאלוב","7228","עונות","המאגר ארוך מדי","ויקיפדיה לא מכירה 03/04 — ייתכן שאלה עונות השאלה","03/04-10/11, 23/24-24/25","04/05-10/11, 23/24-24/25","05/06-09/10, 23/24-24/25","03/04-10/11, 23/24-24/25","MF","MF","MF","1986","1986","1986",""
"חיפהdle","מאור גנח","2957","עמדה","אין בשום מקור","","03/04","-","03/04","-","","","","","","",""
"חיפהdle","מאור גנח","2957","שנת לידה","אין בשום מקור","","03/04","-","03/04","-","","","","","","",""
"חיפהdle","עומר בוקסנבוים","13368","זהות","שני ערכים באותו שם","בוויקיפדיה יש יותר מערך אחד בשם הזה — אין תיקון אוטומטי","03/04","03/04","03/04","-","MF","","","1982","","",""
"חיפהdle","וסקלי גונזלבס","55358","עמדה","אין בשום מקור","","04/05","-","04/05","-","","","","","","",""
"חיפהdle","וסקלי גונזלבס","55358","שנת לידה","אין בשום מקור","","04/05","-","04/05","-","","","","","","",""
"חיפהdle","חבייר דירסאו","55357","עמדה","אין בשום מקור","","04/05-06/07","-","04/05-06/07","-","","","","","","",""
"חיפהdle","חבייר דירסאו","55357","שנת לידה","אין בשום מקור","","04/05-06/07","-","04/05-06/07","-","","","","","","",""
"חיפהdle","חיים מגרלשוילי","13265","עונות","המאגר קצר מדי","חסרות 11/12","04/05-06/07","04/05-06/07, 11/12","04/05-06/07","-","DF","DF","","1982","1982","","""13265"": { ""spells"": [[2005,2007],[2012,2012]] }"
"חיפהdle","עדן בן בסט","7208","עונות","המאגר קצר מדי","חסרות 06/07-08/09","04/05-05/06","04/05-08/09","05/06","04/05-05/06","FW","FW","FW","1986","1986","1986","""7208"": { ""spells"": [[2005,2009]] }"
"חיפהdle","שלומי חנוכה","566","עמדה","אין בשום מקור","","04/05","-","04/05","-","","","","","","",""
"חיפהdle","שלומי חנוכה","566","שנת לידה","אין בשום מקור","","04/05","-","04/05","-","","","","","","",""
"חיפהdle","אדריאן פרננדו","66758","עמדה","אין בשום מקור","","05/06","-","05/06","-","","","","","","",""
"חיפהdle","אדריאן פרננדו","66758","שנת לידה","אין בשום מקור","","05/06","-","05/06","-","","","","","","",""
"חיפהdle","מאור בוזגלו","17719","עונות","המאגר קצר מדי","חסרות 06/07-07/08","05/06, 17/18","05/06-07/08, 17/18","17/18","05/06, 17/18","FW","MF","FW","1988","1988","1988","""17719"": { ""spells"": [[2006,2008],[2018,2018]] }"
"חיפהdle","מאור בוזגלו","17719","עמדה","סתירה","מאגר: FW · ויקיפדיה: MF · worldfootball: FW","05/06, 17/18","05/06-07/08, 17/18","17/18","05/06, 17/18","FW","MF","FW","1988","1988","1988",""
"חיפהdle","נתנאל בנדהאן","7206","עמדה","אין בשום מקור","","05/06","-","05/06","-","","","","","","",""
"חיפהdle","נתנאל בנדהאן","7206","שנת לידה","אין בשום מקור","","05/06","-","05/06","-","","","","","","",""
"חיפהdle","שי מימון","25975","עונות","המאגר קצר מדי","חסרות 03/04-04/05, 06/07, 08/09","05/06, 07/08, 09/10-10/11","03/04-10/11","05/06, 07/08, 09/10-10/11","05/06, 07/08, 09/10-10/11","DF","DF","DF","1986","1986","1986","""25975"": { ""spells"": [[2004,2011]] }"
"חיפהdle","אייל משומר","19048","עונות","המאגר קצר מדי","חסרות 16/17","06/07-15/16","06/07-16/17","06/07-15/16","06/07","DF","DF","DF","1983","1983","1983","""19048"": { ""spells"": [[2007,2017]] }"
"חיפהdle","איציק זפרני","20341","עמדה","אין בשום מקור","","06/07","-","06/07","-","","","","","","",""
"חיפהdle","איציק זפרני","20341","שנת לידה","אין בשום מקור","","06/07","-","06/07","-","","","","","","",""
"חיפהdle","אלן מסודי","55384","עמדה","סתירה","מאגר: MF · ויקיפדיה: FW · worldfootball: MF","06/07","06/07","06/07","06/07","MF","FW","MF","1978","1978","1978",""
"חיפהdle","מאור מליקסון","2410","עונות","המאגר קצר מדי","חסרות 07/08","06/07","06/07-07/08","06/07","06/07","MF","MF","MF","1984","1984","1984","""2410"": { ""spells"": [[2007,2008]] }"
"חיפהdle","מוחמד שחברי","2975","עמדה","אין בשום מקור","","06/07","-","06/07","-","","","","","","",""
"חיפהdle","מוחמד שחברי","2975","שנת לידה","אין בשום מקור","","06/07","-","06/07","-","","","","","","",""
"חיפהdle","מור ממן","7217","עמדה","אין בשום מקור","","06/07","-","06/07","-","","","","","","",""
"חיפהdle","מור ממן","7217","שנת לידה","אין בשום מקור","","06/07","-","06/07","-","","","","","","",""
"חיפהdle","תומר חמד","4531","עונות","סתירה","ויקיפדיה מוסיפה 05/06, 07/08-09/10, 24/25 · המאגר מוסיף 23/24","06/07, 10/11, 23/24","05/06-10/11, 24/25","06/07, 23/24","06/07, 10/11, 23/24","FW","FW","FW","1987","1987","1987",""
"חיפהdle","גד עמוס","9592","עונות","סתירה","ויקיפדיה מוסיפה 09/10-11/12 · המאגר מוסיף 07/08","07/08-08/09","08/09-11/12","07/08-08/09","08/09","GK","GK","GK","1988","1988","1988",""
"חיפהdle","דה אדוארדו","84717","עמדה","אין בשום מקור","","07/08","-","07/08","-","","","","","","",""
"חיפהdle","דה אדוארדו","84717","שנת לידה","אין בשום מקור","","07/08","-","07/08","-","","","","","","",""
"חיפהdle","טימבינוקסי פנטיני","93294","עמדה","אין בשום מקור","","07/08-08/09","-","07/08-08/09","-","","","","","","",""
"חיפהdle","טימבינוקסי פנטיני","93294","שנת לידה","אין בשום מקור","","07/08-08/09","-","07/08-08/09","-","","","","","","",""
"חיפהdle","יהב יולזרי","8366","עמדה","אין בשום מקור","","07/08","-","07/08","-","","","","","","",""
"חיפהdle","יהב יולזרי","8366","שנת לידה","אין בשום מקור","","07/08","-","07/08","-","","","","","","",""
"חיפהdle","לוהאב כיאל","9587","עונות","סתירה","ויקיפדיה מוסיפה 08/09 · המאגר מוסיף 07/08","07/08","08/09","07/08","-","DF","DF","","1988","1988","",""
"חיפהdle","פיטר מסיללה","83990","עונות","המאגר קצר מדי","חסרות 11/12","07/08-10/11","07/08-11/12","07/08-10/11","-","DF","DF","","1985","1985","","""83990"": { ""spells"": [[2008,2012]] }"
"חיפהdle","רנה לימה","93293","עונות","סתירה","ויקיפדיה מוסיפה 08/09 · המאגר מוסיף 07/08","07/08","08/09","07/08","07/08","MF","MF","MF","1985","1985","1985",""
"חיפהdle","אבימו אנדרסון","102646","עמדה","אין בשום מקור","","08/09","-","08/09","-","","","","","","",""
"חיפהdle","אבימו אנדרסון","102646","שנת לידה","אין בשום מקור","","08/09","-","08/09","-","","","","","","",""
"חיפהdle","אלי ארליך","37504","עמדה","אין בשום מקור","","08/09","-","08/09","-","","","","","","",""
"חיפהdle","אלי ארליך","37504","שנת לידה","אין בשום מקור","","08/09","-","08/09","-","","","","","","",""
"חיפהdle","גיא פילוסוף","2188","עמדה","אין בשום מקור","","08/09","-","08/09","-","","","","","","",""
"חיפהdle","גיא פילוסוף","2188","שנת לידה","אין בשום מקור","","08/09","-","08/09","-","","","","","","",""
"חיפהdle","גיירו גן","72191","עמדה","אין בשום מקור","","08/09-10/11","-","08/09-10/11","-","","","","","","",""
"חיפהdle","גיירו גן","72191","שנת לידה","אין בשום מקור","","08/09-10/11","-","08/09-10/11","-","","","","","","",""
"חיפהdle","ישראל זגורי","1248","עונות","המאגר קצר מדי","חסרות 10/11-11/12","08/09-09/10","08/09-11/12","09/10","08/09-09/10","MF","MF","MF","1990","1990","1990","""1248"": { ""spells"": [[2009,2012]] }"
"חיפהdle","ליעד אלמליח","19326","עונות","המאגר קצר מדי","חסרות 09/10","08/09, 10/11","08/09-10/11","08/09","10/11","MF","DF","MF","1989","1989","1989","""19326"": { ""spells"": [[2009,2011]] }"
"חיפהdle","ליעד אלמליח","19326","עמדה","סתירה","מאגר: MF · ויקיפדיה: DF · worldfootball: MF","08/09, 10/11","08/09-10/11","08/09","10/11","MF","DF","MF","1989","1989","1989",""
"חיפהdle","מוחמד גדיר","118820","עונות","סתירה","ויקיפדיה מוסיפה 12/13-14/15 · המאגר מוסיף 20/21","08/09-11/12, 20/21","08/09-14/15","20/21","08/09-11/12","FW","FW","FW","1991","1991","1991",""
"חיפהdle","רנספורד אוסיי","95489","עמדה","אין בשום מקור","","08/09","-","08/09","-","","","","","","",""
"חיפהdle","רנספורד אוסיי","95489","שנת לידה","אין בשום מקור","","08/09","-","08/09","-","","","","","","",""
"חיפהdle","אור בן חמו","8769","עמדה","אין בשום מקור","","09/10","-","09/10","-","","","","","","",""
"חיפהdle","אור בן חמו","8769","שנת לידה","אין בשום מקור","","09/10","-","09/10","-","","","","","","",""
"חיפהdle","ולדימיר דבאלישווילי","","עונות","המאגר קצר מדי","חסרות 11/12","09/10-10/11","09/10-11/12","-","-","FW","FW","","1986","1986","","""ולדימיר דבאלישווילי"": { ""spells"": [[2010,2012]] }"
"חיפהdle","ולדימיר דוואלישוילי","103486","עמדה","אין בשום מקור","","09/10-10/11","-","09/10-10/11","-","","","","","","",""
"חיפהdle","ולדימיר דוואלישוילי","103486","שנת לידה","אין בשום מקור","","09/10-10/11","-","09/10-10/11","-","","","","","","",""
"חיפהdle","זיו אוסון","15559","עמדה","אין בשום מקור","","09/10","-","09/10","-","","","","","","",""
"חיפהdle","זיו אוסון","15559","שנת לידה","אין בשום מקור","","09/10","-","09/10","-","","","","","","",""
"חיפהdle","חיים זיסקינד","8778","עמדה","אין בשום מקור","","09/10","-","09/10","-","","","","","","",""
"חיפהdle","חיים זיסקינד","8778","שנת לידה","אין בשום מקור","","09/10","-","09/10","-","","","","","","",""
"חיפהdle","טיאגו דוטרה","105384","עמדה","אין בשום מקור","","09/10","-","09/10","-","","","","","","",""
"חיפהdle","טיאגו דוטרה","105384","שנת לידה","אין בשום מקור","","09/10","-","09/10","-","","","","","","",""
"חיפהdle","כליבאת מוחמד","48396","עמדה","אין בשום מקור","","09/10","-","09/10","-","","","","","","",""
"חיפהdle","כליבאת מוחמד","48396","שנת לידה","אין בשום מקור","","09/10","-","09/10","-","","","","","","",""
"חיפהdle","מוחמד כליבאת","","עונות","סתירה","ויקיפדיה מוסיפה 14/15-15/16 · המאגר מוסיף 09/10","09/10-13/14","10/11-15/16","-","-","FW","FW","","1990","1990","",""
"חיפהdle","סאדאת בוקארי","112045","עונות","סתירה","ויקיפדיה מוסיפה 10/11 · המאגר מוסיף 09/10","09/10","10/11","09/10","09/10","FW","FW","FW","1989","1989","1989",""
"חיפהdle","סינטאיהו סלליך","54337","עונות","סתירה","ויקיפדיה מוסיפה 11/12-13/14 · המאגר מוסיף 09/10","09/10-10/11, 17/18-19/20","10/11-13/14, 17/18-19/20","10/11, 17/18-19/20","09/10-10/11, 17/18-19/20","MF","MF","MF","1991","1991","1991",""
"חיפהdle","עלי עות'מאן","31612","עונות","המאגר ארוך מדי","ויקיפדיה לא מכירה 12/13 — ייתכן שאלה עונות השאלה","09/10-12/13","09/10-11/12","09/10-11/12","-","DF","","","1987","","",""
"חיפהdle","עלי עות'מאן","31612","זהות","שני ערכים באותו שם","בוויקיפדיה יש יותר מערך אחד בשם הזה — אין תיקון אוטומטי","09/10-12/13","09/10-11/12","09/10-11/12","-","DF","","","1987","","",""
"חיפהdle","שלומי אזולאי","15560","זהות","שני ערכים באותו שם","בוויקיפדיה יש יותר מערך אחד בשם הזה — אין תיקון אוטומטי","09/10, 17/18","-","09/10, 17/18","-","","","","","","",""
"חיפהdle","שלומי אזולאי","15560","עמדה","אין בשום מקור","","09/10, 17/18","-","09/10, 17/18","-","","","","","","",""
"חיפהdle","שלומי אזולאי","15560","שנת לידה","אין בשום מקור","","09/10, 17/18","-","09/10, 17/18","-","","","","","","",""
"חיפהdle","אנדריי פילבסקי","121795","עמדה","אין בשום מקור","","10/11, 12/13-13/14","-","10/11, 12/13-13/14","-","","","","","","",""
"חיפהdle","אנדריי פילבסקי","121795","שנת לידה","אין בשום מקור","","10/11, 12/13-13/14","-","10/11, 12/13-13/14","-","","","","","","",""
"חיפהdle","סארי פלאח","57679","עונות","המאגר קצר מדי","חסרות 09/10","10/11-13/14","09/10-13/14","10/11-11/12, 13/14","10/11-13/14","DF","DF","DF","1991","1991","1991","""57679"": { ""spells"": [[2010,2014]] }"
"חיפהdle","שאדי שעבאן","","עונות","המאגר קצר מדי","חסרות 12/13","10/11-11/12","10/11-12/13","-","-","MF","MF","","1992","1992","","""שאדי שעבאן"": { ""spells"": [[2011,2013]] }"
"חיפהdle","אדין צוצאליץ'","134058","עונות","סתירה","ויקיפדיה מוסיפה 14/15 · המאגר מוסיף 11/12","11/12-13/14","12/13-14/15","11/12-13/14","11/12-13/14","DF","DF","DF","1987","1987","1987",""
"חיפהdle","אוראל דגני","2177","עונות","המאגר קצר מדי","חסרות 13/14","11/12-12/13, 14/15-15/16","11/12-15/16","11/12-12/13, 14/15-15/16","11/12-12/13, 14/15-15/16","DF","DF","DF","1989","1989","1989","""2177"": { ""spells"": [[2012,2016]] }"
"חיפהdle","אלון תורג'מן","3916","עונות","המאגר קצר מדי","חסרות 15/16-16/17","11/12-14/15","11/12-16/17","11/12-14/15","11/12-14/15","FW","FW","FW","1991","1991","1991","""3916"": { ""spells"": [[2012,2017]] }"
"חיפהdle","אסמאעיל ריאן","68591","עונות","סתירה","ויקיפדיה מוסיפה 14/15 · המאגר מוסיף 11/12","11/12-13/14, 15/16-16/17","12/13-16/17","15/16-16/17","16/17","DF","","DF","1994","","1994",""
"חיפהdle","אסמאעיל ריאן","68591","זהות","שני ערכים באותו שם","בוויקיפדיה יש יותר מערך אחד בשם הזה — אין תיקון אוטומטי","11/12-13/14, 15/16-16/17","12/13-16/17","15/16-16/17","16/17","DF","","DF","1994","","1994",""
"חיפהdle","אסף מנדס","2968","עמדה","אין בשום מקור","","11/12","-","11/12","-","","","","","","",""
"חיפהdle","אסף מנדס","2968","שנת לידה","אין בשום מקור","","11/12","-","11/12","-","","","","","","",""
"חיפהdle","במידלה ימפולסקי","1328","עמדה","אין בשום מקור","","11/12-12/13","-","11/12-12/13","-","","","","","","",""
"חיפהdle","במידלה ימפולסקי","1328","שנת לידה","אין בשום מקור","","11/12-12/13","-","11/12-12/13","-","","","","","","",""
"חיפהdle","גבריאל גרינר","47317","עמדה","אין בשום מקור","","11/12","-","11/12","-","","","","","","",""
"חיפהdle","גבריאל גרינר","47317","שנת לידה","אין בשום מקור","","11/12","-","11/12","-","","","","","","",""
"חיפהdle","דלה ימפולסקי","","עמדה","סתירה","מאגר: FW · ויקיפדיה: MF","11/12-12/13","11/12-12/13","-","-","FW","MF","","1988","1988","",""
"חיפהdle","דניאל ססארץ","134146","עמדה","אין בשום מקור","","11/12","-","11/12","-","","","","","","",""
"חיפהdle","דניאל ססארץ","134146","שנת לידה","אין בשום מקור","","11/12","-","11/12","-","","","","","","",""
"חיפהdle","ויאם עמאשה","11700","עונות","המאגר קצר מדי","חסרות 13/14","11/12-12/13, 14/15","11/12-14/15","11/12-12/13, 14/15","11/12-12/13, 14/15","FW","FW","FW","1985","1985","1985","""11700"": { ""spells"": [[2012,2015]] }"
"חיפהdle","חן עזריאל","21740","עונות","המאגר קצר מדי","חסרות 12/13-14/15","11/12","11/12-14/15","11/12","-","FW","FW","","1988","1988","","""21740"": { ""spells"": [[2012,2015]] }"
"חיפהdle","עטאא ג'אבר","68201","עונות","סתירה","ויקיפדיה מוסיפה 14/15, 16/17 · המאגר מוסיף 11/12","11/12-13/14, 15/16","12/13-16/17","13/14, 15/16","11/12-13/14, 15/16","MF","MF","MF","1994","1994","1994",""
"חיפהdle","ערן רוזנבאום","4051","עמדה","אין בשום מקור","","11/12","-","11/12","-","","","","","","",""
"חיפהdle","ערן רוזנבאום","4051","שנת לידה","אין בשום מקור","","11/12","-","11/12","-","","","","","","",""
"חיפהdle","שובל גוזלן","75011","עונות","סתירה","ויקיפדיה מוסיפה 14/15, 16/17 · המאגר מוסיף 11/12","11/12-13/14, 15/16","12/13-16/17","13/14, 15/16","-","FW","FW","","1994","1994","",""
"חיפהdle","אביחי ידין","19305","עונות","המאגר קצר מדי","חסרות 15/16","12/13-14/15","12/13-15/16","12/13-14/15","13/14-14/15","DF","MF","DF","1986","1986","1986","""19305"": { ""spells"": [[2013,2016]] }"
"חיפהdle","אביחי ידין","19305","עמדה","סתירה","מאגר: DF · ויקיפדיה: MF · worldfootball: DF","12/13-14/15","12/13-15/16","12/13-14/15","13/14-14/15","DF","MF","DF","1986","1986","1986",""
"חיפהdle","אמיר נסראלדין","54270","עמדה","אין בשום מקור","","12/13","-","12/13","-","","","","","","",""
"חיפהdle","אמיר נסראלדין","54270","שנת לידה","אין בשום מקור","","12/13","-","12/13","-","","","","","","",""
"חיפהdle","אמרי זייד","48330","עמדה","אין בשום מקור","","12/13","-","12/13","-","","","","","","",""
"חיפהdle","אמרי זייד","48330","שנת לידה","אין בשום מקור","","12/13","-","12/13","-","","","","","","",""
"חיפהdle","דור כוכב","48323","עונות","המאגר קצר מדי","חסרות 13/14-15/16","12/13","12/13-15/16","12/13","-","MF","MF","","1993","1993","","""48323"": { ""spells"": [[2013,2016]] }"
"חיפהdle","דינו אנדלובו","123818","עונות","המאגר קצר מדי","חסרות 13/14","12/13","12/13-13/14","12/13","-","FW","FW","","1990","1990","","""123818"": { ""spells"": [[2013,2014]] }"
"חיפהdle","דניאל הבר","144267","עונות","סתירה","ויקיפדיה מוסיפה 13/14 · המאגר מוסיף 12/13","12/13","13/14","12/13","12/13","FW","FW","FW","1992","1992","1992",""
"חיפהdle","חן עזרא","22596","עמדה","סתירה","מאגר: FW · ויקיפדיה: MF · worldfootball: FW","12/13-15/16","12/13-15/16","12/13-15/16","12/13-15/16","FW","MF","FW","1989","1989","1989",""
"חיפהdle","מרטינס דפקוס","","עונות","מקור יחיד","אין ויקיפדיה, אין התאחדות, אין worldfootball","12/13-13/14","-","-","-","DF","","","1993","","",""
"חיפהdle","אלעד גבאי","33401","עמדה","סתירה","מאגר: MF · ויקיפדיה: DF · worldfootball: MF","13/14-14/15","13/14-14/15","13/14-14/15","13/14-14/15","MF","DF","MF","1985","1985","1985",""
"חיפהdle","דור חוגי","","עונות","סתירה","ויקיפדיה מוסיפה 14/15-15/16 · המאגר מוסיף 13/14","13/14","14/15-15/16","-","-","FW","FW","","1995","1995","",""
"חיפהdle","יובל יוסיפוביץ","56348","עמדה","אין בשום מקור","","13/14, 15/16","-","13/14, 15/16","-","","","","","","",""
"חיפהdle","יובל יוסיפוביץ","56348","שנת לידה","אין בשום מקור","","13/14, 15/16","-","13/14, 15/16","-","","","","","","",""
"חיפהdle","מיכה לאוטה","45813","עמדה","אין בשום מקור","","13/14","-","13/14","-","","","","","","",""
"חיפהdle","מיכה לאוטה","45813","שנת לידה","אין בשום מקור","","13/14","-","13/14","-","","","","","","",""
"חיפהdle","עדי קונסטנטינוס","56101","עונות","המאגר קצר מדי","חסרות 14/15-17/18","13/14","13/14-17/18","13/14","13/14","MF","MF","MF","1994","1994","1994","""56101"": { ""spells"": [[2014,2018]] }"
"חיפהdle","רובן סרנה","145182","עמדה","אין בשום מקור","","13/14-14/15","-","13/14-14/15","-","","","","","","",""
"חיפהdle","רובן סרנה","145182","שנת לידה","אין בשום מקור","","13/14-14/15","-","13/14-14/15","-","","","","","","",""
"חיפהdle","שון וייסמן","65429","עונות","סתירה","ויקיפדיה מוסיפה 16/17-17/18 · המאגר מוסיף 13/14","13/14-15/16, 18/19","14/15-18/19","15/16, 18/19","13/14-14/15, 18/19","FW","FW","FW","1996","1996","1996",""
"חיפהdle","שמעון אבו חצירא","25941","עונות","המאגר קצר מדי","חסרות 14/15","13/14, 15/16","13/14-15/16","13/14, 15/16","-","FW","","","1986","","","""25941"": { ""spells"": [[2014,2016]] }"
"חיפהdle","שמעון אבו חצירא","25941","זהות","שני ערכים באותו שם","בוויקיפדיה יש יותר מערך אחד בשם הזה — אין תיקון אוטומטי","13/14, 15/16","13/14-15/16","13/14, 15/16","-","FW","","","1986","","",""
"חיפהdle","תאמאש פרישקין","","עונות","סתירה","ויקיפדיה מוסיפה 14/15 · המאגר מוסיף 13/14","13/14","14/15","-","-","FW","FW","","1986","1986","",""
"חיפהdle","תאמש פריסקין","154701","עמדה","אין בשום מקור","","13/14","-","13/14","-","","","","","","",""
"חיפהdle","תאמש פריסקין","154701","שנת לידה","אין בשום מקור","","13/14","-","13/14","-","","","","","","",""
"חיפהdle","אברהם פאס","","עונות","סתירה","ויקיפדיה מוסיפה 15/16 · המאגר מוסיף 14/15","14/15","15/16","-","-","DF","DF","","1979","1979","",""
"חיפהdle","אברהן קרוז","145822","עמדה","אין בשום מקור","","14/15","-","14/15","-","","","","","","",""
"חיפהdle","אברהן קרוז","145822","שנת לידה","אין בשום מקור","","14/15","-","14/15","-","","","","","","",""
"חיפהdle","איתי שכטר","33841","עונות","סתירה","ויקיפדיה מוסיפה 15/16 · המאגר מוסיף 14/15","14/15","15/16","14/15","14/15","FW","FW","FW","1987","1987","1987",""
"חיפהdle","אלירן עטר","31335","עונות","המאגר ארוך מדי","ויקיפדיה לא מכירה 14/15 — ייתכן שאלה עונות השאלה","14/15-16/17","15/16-16/17","14/15-16/17","14/15-16/17","FW","FW","FW","1987","1987","1987",""
"חיפהdle","טל בומשטיין","68799","עמדה","אין בשום מקור","","14/15","-","14/15","-","","","","","","",""
"חיפהdle","טל בומשטיין","68799","שנת לידה","אין בשום מקור","","14/15","-","14/15","-","","","","","","",""
"חיפהdle","מוחמד קמארה","164695","עונות","סתירה","ויקיפדיה מוסיפה 15/16 · המאגר מוסיף 14/15","14/15","15/16","14/15","-","MF","MF","","1987","1987","",""
"חיפהdle","עלא געפר","66267","עמדה","אין בשום מקור","","14/15","-","14/15","-","","","","","","",""
"חיפהdle","עלא געפר","66267","שנת לידה","אין בשום מקור","","14/15","-","14/15","-","","","","","","",""
"חיפהdle","אופיר קריאף","27403","עמדה","סתירה","מאגר: MF · ויקיפדיה: DF · worldfootball: MF","15/16","15/16","15/16","15/16","MF","DF","MF","1991","1991","1991",""
"חיפהdle","גיל אופק","7201","עמדה","אין בשום מקור","","15/16-19/20","-","15/16-19/20","-","","","","","","",""
"חיפהdle","גיל אופק","7201","שנת לידה","אין בשום מקור","","15/16-19/20","-","15/16-19/20","-","","","","","","",""
"חיפהdle","גילי ורמוט","22107","עונות","סתירה","ויקיפדיה מוסיפה 17/18 · המאגר מוסיף 15/16","15/16-16/17","16/17-17/18","15/16-16/17","-","MF","","","1985","","",""
"חיפהdle","גילי ורמוט","22107","זהות","שני ערכים באותו שם","בוויקיפדיה יש יותר מערך אחד בשם הזה — אין תיקון אוטומטי","15/16-16/17","16/17-17/18","15/16-16/17","-","MF","","","1985","","",""
"חיפהdle","גליינור פלט","148323","עונות","המאגר קצר מדי","חסרות 16/17","15/16","15/16-16/17","15/16","-","FW","FW","","1987","1987","","""148323"": { ""spells"": [[2016,2017]] }"
"חיפהdle","דוד טוויזר","94548","עמדה","אין בשום מקור","","15/16","-","15/16","-","","","","","","",""
"חיפהdle","דוד טוויזר","94548","שנת לידה","אין בשום מקור","","15/16","-","15/16","-","","","","","","",""
"חיפהdle","יונתן לוי","75866","עונות","סתירה","ויקיפדיה מוסיפה 21/22 · המאגר מוסיף 15/16-16/17","15/16-20/21","17/18-21/22","17/18, 19/20","15/16-20/21","DF","DF","DF","1998","1998","1998",""
"חיפהdle","נטע לביא","115951","עונות","המאגר קצר מדי","חסרות 22/23","15/16-21/22","15/16-22/23","15/16-21/22","15/16-21/22","MF","MF","MF","1996","1996","1996","""115951"": { ""spells"": [[2016,2023]] }"
"חיפהdle","סאן מנחם","60992","עונות","המאגר קצר מדי","חסרות 17/18, 23/24","15/16-16/17, 18/19-22/23","15/16-23/24","15/16-16/17, 18/19-22/23","15/16-16/17, 18/19-22/23","DF","DF","DF","1993","1993","1993","""60992"": { ""spells"": [[2016,2024]] }"
"חיפהdle","עאיד חבשי","67656","עונות","המאגר קצר מדי","חסרות 12/13-14/15, 16/17-17/18","15/16, 18/19-20/21","12/13-20/21","15/16, 18/19-20/21","-","DF","DF","","1995","1995","","""67656"": { ""spells"": [[2013,2021]] }"
"חיפהdle","עופרי ארד","76576","עונות","המאגר ארוך מדי","ויקיפדיה לא מכירה 15/16-16/17 — ייתכן שאלה עונות השאלה","15/16-22/23","17/18-22/23","18/19-21/22","15/16-21/22","DF","DF","DF","1998","1998","1998",""
"חיפהdle","ערן ביטון","59509","עמדה","אין בשום מקור","","15/16","-","15/16","-","","","","","","",""
"חיפהdle","ערן ביטון","59509","שנת לידה","אין בשום מקור","","15/16","-","15/16","-","","","","","","",""
"חיפהdle","רומאריו פירס","159471","עונות","סתירה","ויקיפדיה מוסיפה 16/17 · המאגר מוסיף 15/16","15/16","16/17","15/16","-","MF","MF","","1989","1989","",""
"חיפהdle","רז מאיר","79298","עונות","המאגר קצר מדי","חסרות 14/15, 16/17","15/16, 17/18-22/23","14/15-22/23","17/18-22/23","15/16, 17/18-22/23","DF","DF","DF","1996","1996","1996","""79298"": { ""spells"": [[2015,2023]] }"
"חיפהdle","שחר הירש","36655","עונות","המאגר קצר מדי","חסרות 14/15, 16/17","15/16","14/15-16/17","15/16","15/16","FW","FW","FW","1993","1993","1993","""36655"": { ""spells"": [[2015,2017]] }"
"חיפהdle","שי בן דוד","69642","עונות","סתירה","ויקיפדיה מוסיפה 17/18-22/23 · המאגר מוסיף 15/16-16/17","15/16-16/17","17/18-22/23","16/17","15/16-16/17","DF","DF","DF","1997","1997","1997",""
"חיפהdle","איתן וולבלום","75394","עמדה","אין בשום מקור","","16/17","-","16/17","-","","","","","","",""
"חיפהdle","איתן וולבלום","75394","שנת לידה","אין בשום מקור","","16/17","-","16/17","-","","","","","","",""
"חיפהdle","אניס אלושי","188478","עונות","סתירה","ויקיפדיה מוסיפה 17/18 · המאגר מוסיף 16/17","16/17","17/18","16/17","16/17","MF","MF","MF","1985","1985","1985",""
"חיפהdle","הולמר איולפסון","188077","עונות","המאגר קצר מדי","חסרות 17/18","16/17","16/17-17/18","16/17","16/17","DF","DF","DF","1990","1990","1990","""188077"": { ""spells"": [[2017,2018]] }"
"חיפהdle","יהב גורפינקל","","עונות","סתירה","ויקיפדיה מוסיפה 17/18-20/21 · המאגר מוסיף 16/17","16/17","17/18-20/21","-","-","DF","DF","","1998","1998","",""
"חיפהdle","יניב בריק","56332","עונות","המאגר קצר מדי","חסרות 14/15-15/16, 17/18-19/20","16/17","14/15-19/20","16/17","-","MF","MF","","1995","1995","","""56332"": { ""spells"": [[2015,2020]] }"
"חיפהdle","מוחמד עואד","75391","עמדה","אין בשום מקור","","16/17-20/21","-","16/17-20/21","-","","","","","","",""
"חיפהdle","מוחמד עואד","75391","שנת לידה","אין בשום מקור","","16/17-20/21","-","16/17-20/21","-","","","","","","",""
"חיפהdle","מיכאל בן ברוך","74452","עמדה","אין בשום מקור","","16/17","-","16/17","-","","","","","","",""
"חיפהdle","מיכאל בן ברוך","74452","שנת לידה","אין בשום מקור","","16/17","-","16/17","-","","","","","","",""
"חיפהdle","עומר דמארי","1075","עונות","המאגר ארוך מדי","ויקיפדיה לא מכירה 16/17 — ייתכן שאלה עונות השאלה","16/17-17/18","17/18","16/17-17/18","16/17-17/18","FW","FW","FW","1989","1989","1989",""
"חיפהdle","עומרי גלזר","78956","עונות","המאגר קצר מדי","חסרות 19/20 · בתיבה יש שנה בודדת, בדוק ידנית","16/17-18/19, 20/21","16/17-20/21","16/17-18/19, 20/21","16/17-18/19, 20/21","GK","GK","GK","1996","1996","1996",""
"חיפהdle","עמית זנטי","85260","עונות","המאגר קצר מדי","חסרות 18/19","16/17-17/18","16/17-18/19","16/17-17/18","16/17-17/18","FW","MF","FW","1997","1997","1997","""85260"": { ""spells"": [[2017,2019]] }"
"חיפהdle","עמית זנטי","85260","עמדה","סתירה","מאגר: FW · ויקיפדיה: MF · worldfootball: FW","16/17-17/18","16/17-18/19","16/17-17/18","16/17-17/18","FW","MF","FW","1997","1997","1997",""
"חיפהdle","פיטים אזמי","188504","עונות","סתירה","ויקיפדיה מוסיפה 17/18 · המאגר מוסיף 16/17","16/17","17/18","16/17","16/17","FW","FW","FW","1992","1992","1992",""
"חיפהdle","אופיר מזרחי","60364","עונות","המאגר קצר מדי","חסרות 18/19-19/20","17/18","17/18-19/20","17/18","17/18","FW","MF","FW","1993","1993","1993","""60364"": { ""spells"": [[2018,2020]] }"
"חיפהdle","אופיר מזרחי","60364","עמדה","סתירה","מאגר: FW · ויקיפדיה: MF · worldfootball: FW","17/18","17/18-19/20","17/18","17/18","FW","MF","FW","1993","1993","1993",""
"חיפהdle","אטיין ריינן","201035","עונות","המאגר ארוך מדי","ויקיפדיה לא מכירה 17/18 — ייתכן שאלה עונות השאלה","17/18-18/19","18/19","17/18-18/19","17/18-18/19","DF","DF","DF","1987","1987","1987",""
"חיפהdle","אליסון דוס סנטוס","165873","זהות","שני ערכים באותו שם","בוויקיפדיה יש יותר מערך אחד בשם הזה — אין תיקון אוטומטי","17/18-18/19","17/18-18/19","17/18-18/19","17/18-18/19","DF","","DF","1990","","1990",""
"חיפהdle","גל קתבי","86354","עמדה","אין בשום מקור","","17/18","-","17/18","-","","","","","","",""
"חיפהdle","גל קתבי","86354","שנת לידה","אין בשום מקור","","17/18","-","17/18","-","","","","","","",""
"חיפהdle","ים כהן","87687","עמדה","אין בשום מקור","","17/18","-","17/18","-","","","","","","",""
"חיפהdle","ים כהן","87687","שנת לידה","אין בשום מקור","","17/18","-","17/18","-","","","","","","",""
"חיפהdle","סהר דבח","87691","עמדה","אין בשום מקור","","17/18","-","17/18","-","","","","","","",""
"חיפהdle","סהר דבח","87691","שנת לידה","אין בשום מקור","","17/18","-","17/18","-","","","","","","",""
"חיפהdle","קאיו אלבס","189721","עונות","המאגר קצר מדי","חסרות 18/19","17/18","17/18-18/19","17/18","-","MF","MF","","1986","1986","","""189721"": { ""spells"": [[2018,2019]] }"
"חיפהdle","רועי פוקס","86018","עמדה","אין בשום מקור","","17/18, 20/21-25/26","-","17/18, 20/21-25/26","-","","","","","","",""
"חיפהdle","רועי פוקס","86018","שנת לידה","אין בשום מקור","","17/18, 20/21-25/26","-","17/18, 20/21-25/26","-","","","","","","",""
"חיפהdle","ז'ורז' מנדז'ק","201788","זהות","שני ערכים באותו שם","בוויקיפדיה יש יותר מערך אחד בשם הזה — אין תיקון אוטומטי","18/19","18/19","18/19","-","MF","","","1988","","",""
"חיפהdle","ירדן שועה","86636","עונות","המאגר ארוך מדי","ויקיפדיה לא מכירה 18/19 — ייתכן שאלה עונות השאלה","18/19-19/20","19/20","18/19-19/20","18/19-19/20","FW","FW","FW","1999","1999","1999",""
"חיפהdle","מוחמד אבו פני","75387","עמדה","אין בשום מקור","","18/19, 20/21-22/23","-","18/19, 20/21-22/23","-","","","","","","",""
"חיפהdle","מוחמד אבו פני","75387","שנת לידה","אין בשום מקור","","18/19, 20/21-22/23","-","18/19, 20/21-22/23","-","","","","","","",""
"חיפהdle","מחמוד ג'אבר","89351","עונות","סתירה","ויקיפדיה מוסיפה 19/20-20/21 · המאגר מוסיף 18/19","18/19, 21/22-24/25","19/20-24/25","18/19, 21/22-24/25","21/22-24/25","MF","MF","MF","1999","1999","1999",""
"חיפהdle","מנואל איטורה","212670","עונות","סתירה","ויקיפדיה מוסיפה 19/20 · המאגר מוסיף 18/19","18/19","19/20","18/19","18/19","MF","MF","MF","1984","1984","1984",""
"חיפהdle","מקסים פלקושצ'נקו","64243","עונות","סתירה","ויקיפדיה מוסיפה 20/21-22/23 · המאגר מוסיף 18/19","18/19-19/20","19/20-22/23","18/19-19/20","18/19-19/20","MF","MF","MF","1996","1996","1996",""
"חיפהdle","קארים פריי","212693","עמדה","אין בשום מקור","","18/19","-","18/19","-","","","","","","",""
"חיפהdle","קארים פריי","212693","שנת לידה","אין בשום מקור","","18/19","-","18/19","-","","","","","","",""
"חיפהdle","איקוום אוטין","213118","עמדה","אין בשום מקור","","19/20","-","19/20","-","","","","","","",""
"חיפהdle","איקוום אוטין","213118","שנת לידה","אין בשום מקור","","19/20","-","19/20","-","","","","","","",""
"חיפהdle","גוזף קוזמינצקי","224730","עמדה","אין בשום מקור","","19/20","-","19/20","-","","","","","","",""
"חיפהdle","גוזף קוזמינצקי","224730","שנת לידה","אין בשום מקור","","19/20","-","19/20","-","","","","","","",""
"חיפהdle","גושוע כהן","213272","עמדה","אין בשום מקור","","19/20-22/23","-","19/20-22/23","-","","","","","","",""
"חיפהdle","גושוע כהן","213272","שנת לידה","אין בשום מקור","","19/20-22/23","-","19/20-22/23","-","","","","","","",""
"חיפהdle","גיא הרמן","105282","עמדה","אין בשום מקור","","19/20","-","19/20","-","","","","","","",""
"חיפהdle","גיא הרמן","105282","שנת לידה","אין בשום מקור","","19/20","-","19/20","-","","","","","","",""
"חיפהdle","דניאל יוסף","116163","עמדה","אין בשום מקור","","19/20","-","19/20","-","","","","","","",""
"חיפהdle","דניאל יוסף","116163","שנת לידה","אין בשום מקור","","19/20","-","19/20","-","","","","","","",""
"חיפהdle","יובל אשכנזי","20909","עונות","המאגר קצר מדי","חסרות 21/22","19/20-20/21","19/20-21/22","19/20-20/21","19/20-20/21","MF","MF","MF","1992","1992","1992","""20909"": { ""spells"": [[2020,2022]] }"
"חיפהdle","מאור לוי","104753","עונות","סתירה","ויקיפדיה מוסיפה 22/23-25/26 · המאגר מוסיף 19/20","19/20-21/22","20/21-25/26","19/20-21/22","19/20-21/22","MF","MF","MF","2000","2000","2000",""
"חיפהdle","נהוראי יפרח","","עונות","סתירה","ויקיפדיה מוסיפה 22/23-23/24, 25/26 · המאגר מוסיף 19/20-20/21","19/20-21/22, 24/25","21/22-25/26","-","-","FW","MF","","2003","2003","",""
"חיפהdle","נהוראי יפרח","","עמדה","סתירה","מאגר: FW · ויקיפדיה: MF","19/20-21/22, 24/25","21/22-25/26","-","-","FW","MF","","2003","2003","",""
"חיפהdle","סוף פודגוראנו","113208","עונות","סתירה","ויקיפדיה מוסיפה 20/21, 24/25 · המאגר מוסיף 19/20","19/20, 22/23-23/24, 25/26","20/21, 22/23-25/26","22/23-23/24, 25/26","19/20, 22/23-23/24, 25/26","FW","MF","FW","2002","2002","2002",""
"חיפהdle","סוף פודגוראנו","113208","עמדה","סתירה","מאגר: FW · ויקיפדיה: MF · worldfootball: FW","19/20, 22/23-23/24, 25/26","20/21, 22/23-25/26","22/23-23/24, 25/26","19/20, 22/23-23/24, 25/26","FW","MF","FW","2002","2002","2002",""
"חיפהdle","סתיו נחמני","","עונות","סתירה","ויקיפדיה מוסיפה 21/22-23/24 · המאגר מוסיף 19/20","19/20-20/21","20/21-23/24","-","-","FW","FW","","2002","2002","",""
"חיפהdle","צ'רון שרי","213744","עונות","המאגר קצר מדי","חסרות 23/24","19/20-22/23","19/20-23/24","19/20-22/23","-","MF","","","1988","","","""213744"": { ""spells"": [[2020,2024]] }"
"חיפהdle","צ'רון שרי","213744","זהות","שני ערכים באותו שם","בוויקיפדיה יש יותר מערך אחד בשם הזה — אין תיקון אוטומטי","19/20-22/23","19/20-23/24","19/20-22/23","-","MF","","","1988","","",""
"חיפהdle","תומר אסוס","103253","עמדה","אין בשום מקור","","19/20","-","19/20","-","","","","","","",""
"חיפהdle","תומר אסוס","103253","שנת לידה","אין בשום מקור","","19/20","-","19/20","-","","","","","","",""
"חיפהdle","חוזה רודריגז","191154","עמדה","אין בשום מקור","","20/21-21/22","-","20/21-21/22","-","","","","","","",""
"חיפהdle","חוזה רודריגז","191154","שנת לידה","אין בשום מקור","","20/21-21/22","-","20/21-21/22","-","","","","","","",""
"חיפהdle","עומר אצילי","34253","עונות","המאגר ארוך מדי","ויקיפדיה לא מכירה 20/21 — ייתכן שאלה עונות השאלה","20/21-22/23","21/22-22/23","20/21-22/23","20/21-22/23","MF","MF","MF","1993","1993","1993",""
"חיפהdle","עילאי חג'ג'","125867","עונות","סתירה","ויקיפדיה מוסיפה 21/22-22/23 · המאגר מוסיף 20/21","20/21, 23/24-24/25","21/22-24/25","20/21, 23/24-24/25","23/24-24/25","FW","MF","FW","2001","2001","2001",""
"חיפהdle","עילאי חג'ג'","125867","עמדה","סתירה","מאגר: FW · ויקיפדיה: MF · worldfootball: FW","20/21, 23/24-24/25","21/22-24/25","20/21, 23/24-24/25","23/24-24/25","FW","MF","FW","2001","2001","2001",""
"חיפהdle","רוני לאופר","115862","עמדה","אין בשום מקור","","20/21","-","20/21","-","","","","","","",""
"חיפהdle","רוני לאופר","115862","שנת לידה","אין בשום מקור","","20/21","-","20/21","-","","","","","","",""
"חיפהdle","אורי דהן","107824","עונות","המאגר קצר מדי","חסרות 22/23-23/24","21/22","21/22-23/24","21/22","-","DF","DF","","1999","1999","","""107824"": { ""spells"": [[2022,2024]] }"
"חיפהdle","איתמר ישראלי","20529","עונות","המאגר קצר מדי","חסרות 22/23","21/22","21/22-22/23","21/22","21/22","GK","GK","GK","1992","1992","1992","""20529"": { ""spells"": [[2022,2023]] }"
"חיפהdle","מאוויס צ'יבוטה","","עונות","המאגר ארוך מדי","ויקיפדיה לא מכירה 21/22 — ייתכן שאלה עונות השאלה","21/22-22/23","22/23","-","-","FW","FW","","1996","1996","",""
"חיפהdle","מאויס דפונו","155286","עמדה","אין בשום מקור","","21/22-22/23","-","21/22-22/23","-","","","","","","",""
"חיפהdle","מאויס דפונו","155286","שנת לידה","אין בשום מקור","","21/22-22/23","-","21/22-22/23","-","","","","","","",""
"חיפהdle","מיקאל אלפונס","247563","עונות","סתירה","ויקיפדיה מוסיפה 22/23 · המאגר מוסיף 21/22","21/22","22/23","21/22","21/22","DF","DF","DF","1989","1989","1989",""
"חיפהdle","נבו שדו","140180","עמדה","אין בשום מקור","","21/22","-","21/22","-","","","","","","",""
"חיפהdle","נבו שדו","140180","שנת לידה","אין בשום מקור","","21/22","-","21/22","-","","","","","","",""
"חיפהdle","עלי אל פאזז","155444","עמדה","אין בשום מקור","","21/22-25/26","-","21/22-25/26","-","","","","","","",""
"חיפהdle","עלי אל פאזז","155444","שנת לידה","אין בשום מקור","","21/22-25/26","-","21/22-25/26","-","","","","","","",""
"חיפהdle","ענאן ח'לאילי","137896","עונות","המאגר ארוך מדי","ויקיפדיה לא מכירה 21/22 — ייתכן שאלה עונות השאלה","21/22-23/24","22/23-23/24","23/24","21/22-23/24","FW","DF","FW","2004","2004","2004",""
"חיפהdle","ענאן ח'לאילי","137896","עמדה","סתירה","מאגר: FW · ויקיפדיה: DF · worldfootball: FW","21/22-23/24","22/23-23/24","23/24","21/22-23/24","FW","DF","FW","2004","2004","2004",""
"חיפהdle","אביאל זרגרי","119318","עונות","סתירה","ויקיפדיה מוסיפה 23/24-24/25 · המאגר מוסיף 22/23","22/23","23/24-24/25","22/23","-","MF","MF","","2002","2002","",""
"חיפהdle","בסאם זערורה","124321","עונות","המאגר קצר מדי","חסרות 21/22","22/23","21/22-22/23","22/23","-","MF","MF","","2002","2002","","""124321"": { ""spells"": [[2022,2023]] }"
"חיפהdle","גוני נאור","97295","עונות","סתירה","ויקיפדיה מוסיפה 24/25-25/26 · המאגר מוסיף 22/23","22/23-23/24","23/24-25/26","22/23-23/24","22/23-23/24","MF","DF","MF","1999","1999","1999",""
"חיפהdle","גוני נאור","97295","עמדה","סתירה","מאגר: MF · ויקיפדיה: DF · worldfootball: MF","22/23-23/24","23/24-25/26","22/23-23/24","22/23-23/24","MF","DF","MF","1999","1999","1999",""
"חיפהdle","דיא סבע","12585","עונות","סתירה","ויקיפדיה מוסיפה 23/24 · המאגר מוסיף 22/23","22/23, 24/25","23/24-24/25","22/23, 24/25","-","FW","FW","","1992","1992","",""
"חיפהdle","ליעד לוי","165234","עמדה","אין בשום מקור","","22/23","-","22/23","-","","","","","","",""
"חיפהdle","ליעד לוי","165234","שנת לידה","אין בשום מקור","","22/23","-","22/23","-","","","","","","",""
"חיפהdle","עבדוליי סק","253478","זהות","שני ערכים באותו שם","בוויקיפדיה יש יותר מערך אחד בשם הזה — אין תיקון אוטומטי","22/23-25/26","22/23-25/26","22/23-25/26","-","DF","","","1992","","",""
"חיפהdle","פרנזי פיירו","248187","זהות","שני ערכים באותו שם","בוויקיפדיה יש יותר מערך אחד בשם הזה — אין תיקון אוטומטי","22/23-23/24","22/23-23/24","22/23-23/24","-","FW","","","1995","","",""
"חיפהdle","שריף כיוף","104530","עונות","המאגר קצר מדי","חסרות 20/21-21/22","22/23-25/26","20/21-25/26","22/23-25/26","22/23-25/26","GK","GK","GK","2001","2001","2001","""104530"": { ""spells"": [[2021,2026]] }"
"חיפהdle","תבור חוטר","141181","עמדה","אין בשום מקור","","22/23","-","22/23","-","","","","","","",""
"חיפהdle","תבור חוטר","141181","שנת לידה","אין בשום מקור","","22/23","-","22/23","-","","","","","","",""
"חיפהdle","אורי בן שושן","147016","עמדה","אין בשום מקור","","23/24","-","23/24","-","","","","","","",""
"חיפהdle","אורי בן שושן","147016","שנת לידה","אין בשום מקור","","23/24","-","23/24","-","","","","","","",""
"חיפהdle","גדי קינדה","48643","עונות","המאגר ארוך מדי","ויקיפדיה לא מכירה 23/24 — ייתכן שאלה עונות השאלה","23/24-24/25","24/25","23/24-24/25","23/24","MF","MF","MF","1994","1994","1994",""
"חיפהdle","דניאיל לסובוי","283322","עונות","סתירה","ויקיפדיה מוסיפה 24/25 · המאגר מוסיף 23/24","23/24","24/25","23/24","23/24","FW","","FW","1998","","1998",""
"חיפהdle","דניאיל לסובוי","283322","זהות","שני ערכים באותו שם","בוויקיפדיה יש יותר מערך אחד בשם הזה — אין תיקון אוטומטי","23/24","24/25","23/24","23/24","FW","","FW","1998","","1998",""
"חיפהdle","זיו בן שימול","139228","עמדה","אין בשום מקור","","23/24","-","23/24","-","","","","","","",""
"חיפהdle","זיו בן שימול","139228","שנת לידה","אין בשום מקור","","23/24","-","23/24","-","","","","","","",""
"חיפהdle","ירין לוי","","עונות","סתירה","ויקיפדיה מוסיפה 24/25-25/26 · המאגר מוסיף 23/24","23/24","24/25-25/26","-","-","MF","MF","","2005","2005","",""
"חיפהdle","לורנצו סימיץ","267496","עמדה","אין בשום מקור","","23/24","-","23/24","-","","","","","","",""
"חיפהdle","לורנצו סימיץ","267496","שנת לידה","אין בשום מקור","","23/24","-","23/24","-","","","","","","",""
"חיפהdle","לורנצו שימיץ'","","עונות","המאגר קצר מדי","חסרות 24/25","23/24","23/24-24/25","-","-","DF","DF","","1996","1996","","""לורנצו שימיץ'"": { ""spells"": [[2024,2025]] }"
"חיפהdle","ניתאי גרייס","142007","עונות","המאגר קצר מדי","חסרות 25/26","23/24-24/25","23/24-25/26","23/24-24/25","-","GK","GK","","2004","2004","","""142007"": { ""spells"": [[2024,2026]] }"
"חיפהdle","עילי פיינגולד","133617","עונות","המאגר קצר מדי","חסרות 24/25","23/24","23/24-24/25","23/24","23/24","DF","DF","DF","2004","2004","2004","""133617"": { ""spells"": [[2024,2025]] }"
"חיפהdle","קנט סיף","34913","עמדה","אין בשום מקור","","23/24-25/26","-","23/24-25/26","-","","","","","","",""
"חיפהdle","קנט סיף","34913","שנת לידה","אין בשום מקור","","23/24-25/26","-","23/24-25/26","-","","","","","","",""
"חיפהdle","שואו","266984","עונות","המאגר קצר מדי","חסרות 24/25-25/26","23/24","23/24-25/26","23/24","-","MF","","","1999","","","""266984"": { ""spells"": [[2024,2026]] }"
"חיפהdle","שואו","266984","זהות","שני ערכים באותו שם","בוויקיפדיה יש יותר מערך אחד בשם הזה — אין תיקון אוטומטי","23/24","23/24-25/26","23/24","-","MF","","","1999","","",""
"חיפהdle","גטאצאו יבלו","189397","עמדה","אין בשום מקור","","24/25","-","24/25","-","","","","","","",""
"חיפהdle","גטאצאו יבלו","189397","שנת לידה","אין בשום מקור","","24/25","-","24/25","-","","","","","","",""
"חיפהdle","גיא מלמד","17151","עמדה","יש מקור, לא נכנס","ויקיפדיה: DF","24/25-25/26","-","24/25-25/26","-","","DF","","","1979","","""17151"": { ""pos"": ""DF"" }"
"חיפהdle","גיא מלמד","17151","שנת לידה","יש מקור, לא נכנס","ויקיפדיה: 1979","24/25-25/26","-","24/25-25/26","-","","DF","","","1979","","""17151"": { ""born"": 1979 }"
"חיפהdle","ליאם חרמש","142893","עמדה","אין בשום מקור","","24/25","-","24/25","-","","","","","","",""
"חיפהdle","ליאם חרמש","142893","שנת לידה","אין בשום מקור","","24/25","-","24/25","-","","","","","","",""
"חיפהdle","מתיאס לייבה","289545","עמדה","אין בשום מקור","","24/25","-","24/25","-","","","","","","",""
"חיפהdle","מתיאס לייבה","289545","שנת לידה","אין בשום מקור","","24/25","-","24/25","-","","","","","","",""
"חיפהdle","עומר דהן","185102","עמדה","אין בשום מקור","","24/25","-","24/25","-","","","","","","",""
"חיפהdle","עומר דהן","185102","שנת לידה","אין בשום מקור","","24/25","-","24/25","-","","","","","","",""
"חיפהdle","עמית ארזי","155441","עמדה","אין בשום מקור","","24/25","-","24/25","-","","","","","","",""
"חיפהdle","עמית ארזי","155441","שנת לידה","אין בשום מקור","","24/25","-","24/25","-","","","","","","",""
"חיפהdle","פדרו דה אוליברה","287089","עמדה","אין בשום מקור","","24/25-25/26","-","24/25-25/26","-","","","","","","",""
"חיפהdle","פדרו דה אוליברה","287089","שנת לידה","אין בשום מקור","","24/25-25/26","-","24/25-25/26","-","","","","","","",""
"חיפהdle","קסאנדר סברינה","289112","עונות","המאגר קצר מדי","חסרות 25/26","24/25","24/25-25/26","24/25","-","FW","FW","","2001","2001","","""289112"": { ""spells"": [[2025,2026]] }"
"חיפהdle","רועי אלימלך","120960","עונות","המאגר קצר מדי","חסרות 21/22-23/24","24/25","21/22-24/25","24/25","-","DF","DF","","2002","2002","","""120960"": { ""spells"": [[2022,2025]] }"
"חיפהdle","ריקרדו ויאנה","301275","עמדה","אין בשום מקור","","24/25","-","24/25","-","","","","","","",""
"חיפהdle","ריקרדו ויאנה","301275","שנת לידה","אין בשום מקור","","24/25","-","24/25","-","","","","","","",""
"חיפהdle","תומאס סולטאני","284311","עמדה","אין בשום מקור","","24/25","-","24/25","-","","","","","","",""
"חיפהdle","תומאס סולטאני","284311","שנת לידה","אין בשום מקור","","24/25","-","24/25","-","","","","","","",""
"חיפהdle","איי סוקפה","190688","עמדה","אין בשום מקור","","25/26","-","25/26","-","","","","","","",""
"חיפהdle","איי סוקפה","190688","שנת לידה","אין בשום מקור","","25/26","-","25/26","-","","","","","","",""
"חיפהdle","אלעד אמיר","162762","עמדה","אין בשום מקור","","25/26","-","25/26","-","","","","","","",""
"חיפהdle","אלעד אמיר","162762","שנת לידה","אין בשום מקור","","25/26","-","25/26","-","","","","","","",""
"חיפהdle","בנסון מנואל","319784","עמדה","אין בשום מקור","","25/26","-","25/26","-","","","","","","",""
"חיפהdle","בנסון מנואל","319784","שנת לידה","אין בשום מקור","","25/26","-","25/26","-","","","","","","",""
"חיפהdle","גאורגי ירמקוב","284937","עונות","המאגר קצר מדי","חסרות 24/25","25/26","24/25-25/26","25/26","-","GK","GK","","2002","2002","","""284937"": { ""spells"": [[2025,2026]] }"
"חיפהdle","דניאל דרזי","178172","עמדה","אין בשום מקור","","25/26","-","25/26","-","","","","","","",""
"חיפהdle","דניאל דרזי","178172","שנת לידה","אין בשום מקור","","25/26","-","25/26","-","","","","","","",""
"חיפהdle","טומי ציצואשוילי","147180","עמדה","אין בשום מקור","","25/26","-","25/26","-","","","","","","",""
"חיפהdle","טומי ציצואשוילי","147180","שנת לידה","אין בשום מקור","","25/26","-","25/26","-","","","","","","",""
"חיפהdle","טריבאנטה סטיוארט","302850","זהות","שני ערכים באותו שם","בוויקיפדיה יש יותר מערך אחד בשם הזה — אין תיקון אוטומטי","25/26","25/26","25/26","25/26","FW","","FW","2000","","2000",""
"חיפהdle","ליאור קאסה","185919","עמדה","אין בשום מקור","","25/26","-","25/26","-","","","","","","",""
"חיפהdle","ליאור קאסה","185919","שנת לידה","אין בשום מקור","","25/26","-","25/26","-","","","","","","",""
"חיפהdle","ליסב עיסאת","142938","עונות","המאגר קצר מדי","חסרות 24/25","25/26","24/25-25/26","25/26","25/26","DF","DF","DF","2005","2005","2005","""142938"": { ""spells"": [[2025,2026]] }"
"חיפהdle","מור סעדו","152256","עמדה","אין בשום מקור","","25/26","-","25/26","-","","","","","","",""
"חיפהdle","מור סעדו","152256","שנת לידה","אין בשום מקור","","25/26","-","25/26","-","","","","","","",""
"חיפהdle","מיכאל אוחנה","68383","עמדה","סתירה","מאגר: FW · ויקיפדיה: MF · worldfootball: FW","25/26","25/26","25/26","25/26","FW","MF","FW","1995","1995","1995",""
"חיפהdle","מנואל בנסון","","עונות","מקור יחיד","אין ויקיפדיה, אין התאחדות, אין worldfootball","25/26","-","-","-","FW","FW","","1997","1997","",""
"חיפהdle","פיטר אגבה","307856","זהות","שני ערכים באותו שם","בוויקיפדיה יש יותר מערך אחד בשם הזה — אין תיקון אוטומטי","25/26","25/26","25/26","-","MF","","","2002","","",""
"חיפהdle","קנג'י חורה","302847","זהות","שני ערכים באותו שם","בוויקיפדיה יש יותר מערך אחד בשם הזה — אין תיקון אוטומטי","25/26","25/26","25/26","25/26","FW","","FW","1994","","1994",""
"הפועלdle","ג'ורג' בורבה","","עונות","המאגר קצר מדי","חסרות 65/66-68/69","69/70-71/72","65/66-71/72","-","-","MF","FW","","1944","1944","","""ג'ורג' בורבה"": { ""spells"": [[1966,1972]] }"
"הפועלdle","ג'ורג' בורבה","","עמדה","סתירה","מאגר: MF · ויקיפדיה: FW","69/70-71/72","65/66-71/72","-","-","MF","FW","","1944","1944","",""
"הפועלdle","דוד פרימו","","עונות","המאגר קצר מדי","חסרות 63/64-66/67","69/70-74/75","63/64-66/67, 69/70-74/75","-","-","DF","DF","","1946","1946","","""דוד פרימו"": { ""spells"": [[1964,1967],[1970,1975]] }"
"הפועלdle","יחזקאל חזום","","עונות","המאגר קצר מדי","חסרות 64/65-68/69","69/70-76/77","64/65-76/77","-","-","FW","FW","","1947","","","""יחזקאל חזום"": { ""spells"": [[1965,1977]] }"
"הפועלdle","גילי לנדאו","","עונות","המאגר קצר מדי","חסרות 74/75","75/76-89/90","74/75-89/90","-","-","FW","FW","","1958","1958","","""גילי לנדאו"": { ""spells"": [[1975,1990]] }"
"הפועלdle","משה סיני","","עונות","המאגר קצר מדי","חסרות 87/88","80/81-86/87, 88/89, 90/91-92/93","80/81-88/89, 90/91-92/93","-","-","MF","MF","","1961","1961","","""משה סיני"": { ""spells"": [[1981,1989],[1991,1993]] }"
"הפועלdle","אלי אוזן","","עונות","המאגר ארוך מדי","ויקיפדיה לא מכירה 85/86-91/92 — ייתכן שאלה עונות השאלה","84/85-91/92","84/85","-","-","DF","DF","","1963","1963","",""
"הפועלdle","יעקב כהן","","עונות","המאגר ארוך מדי","ויקיפדיה לא מכירה 84/85 — ייתכן שאלה עונות השאלה","84/85-85/86","85/86","-","-","DF","DF","","1956","1956","",""
"הפועלdle","דוד פיזנטי","","עונות","סתירה","ויקיפדיה מוסיפה 87/88 · המאגר מוסיף 86/87","86/87","87/88","-","-","DF","DF","","1962","1962","",""
"הפועלdle","פליקס חלפון","","עונות","המאגר קצר מדי","חסרות 97/98-98/99","88/89-93/94, 96/97","88/89-93/94, 96/97-98/99","-","-","DF","DF","","1972","1972","","""פליקס חלפון"": { ""spells"": [[1989,1994],[1997,1999]] }"
"הפועלdle","אייל בן עמי","15677","עונות","המאגר קצר מדי","חסרות 00/01-01/02","93/94-99/00, 02/03-03/04","93/94-03/04","02/03","93/94-99/00, 02/03-03/04","DF","DF","DF","1976","1976","1976","""15677"": { ""spells"": [[1994,2004]] }"
"הפועלdle","דמיאן לוקאשיק","","עונות","סתירה","ויקיפדיה מוסיפה 95/96 · המאגר מוסיף 93/94","93/94-94/95","94/95-95/96","-","-","DF","DF","","1964","1964","",""
"הפועלdle","ירון בן דב","","שנת לידה","סתירה","מאגר: 1971 · ויקיפדיה: 1970","93/94","93/94","-","-","DF","DF","","1971","1970","",""
"הפועלdle","ירוסלב באקו","","עונות","המאגר ארוך מדי","ויקיפדיה לא מכירה 93/94 — ייתכן שאלה עונות השאלה","93/94-95/96","94/95-95/96","-","-","GK","GK","","1964","1964","",""
"הפועלdle","תומר אליהו","15674","עונות","המאגר ארוך מדי","ויקיפדיה לא מכירה 97/98, 02/03, 04/05 — ייתכן שאלה עונות השאלה","93/94-97/98, 02/03, 04/05","93/94-96/97","02/03, 04/05","93/94-97/98","DF","DF","DF","1975","1975","1975",""
"הפועלdle","יעקב שוורץ","","עונות","המאגר ארוך מדי","ויקיפדיה לא מכירה 95/96 — ייתכן שאלה עונות השאלה","94/95-95/96","94/95","-","-","MF","MF","","1964","1964","",""
"הפועלdle","קז'ימיש מוסקאל","","עונות","המאגר קצר מדי","חסרות 97/98","94/95-96/97","94/95-97/98","-","-","MF","MF","","1967","1967","","""קז'ימיש מוסקאל"": { ""spells"": [[1995,1998]] }"
"הפועלdle","ניסו אביטן","","עמדה","סתירה","מאגר: MF · ויקיפדיה: FW","95/96-96/97","95/96-96/97","-","-","MF","FW","","1971","1971","",""
"הפועלdle","סרגיי פוגודין","","עונות","המאגר ארוך מדי","ויקיפדיה לא מכירה 95/96, 97/98 — ייתכן שאלה עונות השאלה","95/96-97/98","96/97","-","-","MF","MF","","1968","1968","",""
"הפועלdle","שמעון גרשון","13404","עונות","המאגר ארוך מדי","ויקיפדיה לא מכירה 95/96 — ייתכן שאלה עונות השאלה","95/96-05/06","96/97-05/06","02/03-05/06","95/96-05/06","DF","DF","DF","1977","1977","1977",""
"הפועלdle","שלום תקווה","","עמדה","סתירה","מאגר: FW · ויקיפדיה: MF","96/97-99/00","96/97-99/00","-","-","FW","MF","","1965","1965","",""
"הפועלdle","זיו קבדה","","עונות","המאגר ארוך מדי","ויקיפדיה לא מכירה 97/98 — ייתכן שאלה עונות השאלה","97/98-99/00","98/99-99/00","-","-","MF","MF","","1978","1978","",""
"הפועלdle","כפיר אודי","","עונות","המאגר קצר מדי","חסרות 96/97 · בתיבה יש שנה בודדת, בדוק ידנית","97/98-02/03, 06/07","96/97-02/03, 06/07","-","-","FW","FW","","1979","1979","",""
"הפועלdle","סבסטיאן סימרוטיץ'","","עונות","המאגר ארוך מדי","ויקיפדיה לא מכירה 97/98 — ייתכן שאלה עונות השאלה","97/98-99/00","98/99-99/00","-","-","FW","FW","","1974","1974","",""
"הפועלdle","גאבור מרטון","","עונות","סתירה","ויקיפדיה מוסיפה 99/00 · המאגר מוסיף 98/99","98/99","99/00","-","-","MF","MF","","1966","1966","",""
"הפועלdle","יעקב הלל","13407","עונות","המאגר קצר מדי","חסרות 97/98","98/99-02/03","97/98-02/03","02/03","98/99-02/03","DF","DF","DF","1966","1966","1966","""13407"": { ""spells"": [[1998,2003]] }"
"הפועלdle","ישראל כהן","","עונות","המאגר קצר מדי","חסרות 97/98","98/99-99/00","97/98-99/00","-","-","DF","DF","","1971","1971","","""ישראל כהן"": { ""spells"": [[1998,2000]] }"
"הפועלdle","סלים טועמה","13414","עונות","המאגר ארוך מדי","ויקיפדיה לא מכירה 14/15 — ייתכן שאלה עונות השאלה","98/99-02/03, 06/07, 10/11-14/15","98/99-02/03, 06/07, 10/11-13/14","02/03, 06/07, 10/11-13/14","98/99-02/03, 06/07, 10/11-14/15","MF","MF","MF","1979","1979","1979",""
"הפועלdle","עידן טל","","עונות","סתירה","ויקיפדיה מוסיפה 99/00 · המאגר מוסיף 98/99","98/99","99/00","-","-","MF","MF","","1975","1975","",""
"הפועלdle","פיני בלילי","13403","עונות","המאגר קצר מדי","חסרות 97/98","98/99-02/03","97/98-02/03","02/03","98/99-02/03","FW","FW","FW","1979","1979","1979","""13403"": { ""spells"": [[1998,2003]] }"
"הפועלdle","אילן בכר","13402","עונות","המאגר ארוך מדי","ויקיפדיה לא מכירה 02/03 — ייתכן שאלה עונות השאלה","99/00-02/03","99/00-01/02","02/03","99/00-01/02","DF","DF","DF","1975","1975","1975",""
"הפועלdle","בן לוז","13416","עונות","המאגר ארוך מדי","ויקיפדיה לא מכירה 99/00-00/01 — ייתכן שאלה עונות השאלה","99/00-02/03, 08/09","01/02-02/03, 08/09","02/03, 08/09","99/00-02/03","MF","MF","MF","1978","1978","1978",""
"הפועלdle","דיאן ראצ'וניצה","","עונות","המאגר קצר מדי","חסרות 00/01","99/00","99/00-00/01","-","-","MF","MF","","1969","1969","","""דיאן ראצ'וניצה"": { ""spells"": [[2000,2001]] }"
"הפועלdle","יגאל אנטבי","13399","עונות","המאגר ארוך מדי","ויקיפדיה לא מכירה 11/12, 14/15 — ייתכן שאלה עונות השאלה","99/00-08/09, 11/12-14/15","99/00-08/09, 12/13-13/14","02/03-08/09, 11/12-13/14","99/00-08/09, 11/12-14/15","DF","DF","DF","1974","1974","1974",""
"הפועלdle","דודו דהאן","","עמדה","סתירה","מאגר: FW · ויקיפדיה: DF","00/01-01/02","00/01-01/02","-","-","FW","DF","","1971","1971","",""
"הפועלdle","אבי כנפו","","עונות","המאגר קצר מדי","חסרות 04/05","01/02-03/04","01/02-04/05","-","-","FW","FW","","1982","1982","","""אבי כנפו"": { ""spells"": [[2002,2005]] }"
"הפועלdle","אבי אזולאי","13332","עמדה","אין בשום מקור","","02/03-03/04","-","02/03-03/04","-","","","","","","",""
"הפועלdle","אבי אזולאי","13332","שנת לידה","אין בשום מקור","","02/03-03/04","-","02/03-03/04","-","","","","","","",""
"הפועלdle","אבי קנפו","13422","עמדה","אין בשום מקור","","02/03, 04/05","-","02/03, 04/05","-","","","","","","",""
"הפועלdle","אבי קנפו","13422","שנת לידה","אין בשום מקור","","02/03, 04/05","-","02/03, 04/05","-","","","","","","",""
"הפועלdle","אביב אלחדד","17233","עמדה","אין בשום מקור","","02/03","-","02/03","-","","","","","","",""
"הפועלdle","אביב אלחדד","17233","שנת לידה","אין בשום מקור","","02/03","-","02/03","-","","","","","","",""
"הפועלdle","אביב וולנרמן","13376","עמדה","אין בשום מקור","","02/03","-","02/03","-","","","","","","",""
"הפועלdle","אביב וולנרמן","13376","שנת לידה","אין בשום מקור","","02/03","-","02/03","-","","","","","","",""
"הפועלdle","אודי כפיר","13415","עמדה","אין בשום מקור","","02/03, 06/07","-","02/03, 06/07","-","","","","","","",""
"הפועלdle","אודי כפיר","13415","שנת לידה","אין בשום מקור","","02/03, 06/07","-","02/03, 06/07","-","","","","","","",""
"הפועלdle","אוהד צור","13420","עמדה","אין בשום מקור","","02/03","-","02/03","-","","","","","","",""
"הפועלdle","אוהד צור","13420","שנת לידה","אין בשום מקור","","02/03","-","02/03","-","","","","","","",""
"הפועלdle","איל אחואן","33459","עמדה","אין בשום מקור","","02/03","-","02/03","-","","","","","","",""
"הפועלdle","איל אחואן","33459","שנת לידה","אין בשום מקור","","02/03","-","02/03","-","","","","","","",""
"הפועלdle","אלון חלפון","13262","עונות","המאגר ארוך מדי","ויקיפדיה לא מכירה 04/05 — ייתכן שאלה עונות השאלה","02/03-04/05","02/03-03/04","02/03-04/05","02/03-03/04","DF","DF","DF","1973","1973","1973",""
"הפועלdle","בני חדאד","13410","עמדה","אין בשום מקור","","02/03","-","02/03","-","","","","","","",""
"הפועלdle","בני חדאד","13410","שנת לידה","אין בשום מקור","","02/03","-","02/03","-","","","","","","",""
"הפועלdle","גליל בן שאנן","13371","עונות","המאגר קצר מדי","חסרות 04/05-05/06, 08/09-09/10, 11/12-12/13","02/03-03/04, 06/07-07/08, 10/11","02/03-12/13","02/03-03/04, 06/07-07/08, 10/11","-","GK","GK","","1982","1982","","""13371"": { ""spells"": [[2003,2013]] }"
"הפועלdle","הלמאיי גאבור","13408","עמדה","אין בשום מקור","","02/03","-","02/03","-","","","","","","",""
"הפועלdle","הלמאיי גאבור","13408","שנת לידה","אין בשום מקור","","02/03","-","02/03","-","","","","","","",""
"הפועלdle","וולטון סילבה","34325","עמדה","אין בשום מקור","","02/03","-","02/03","-","","","","","","",""
"הפועלdle","וולטון סילבה","34325","שנת לידה","אין בשום מקור","","02/03","-","02/03","-","","","","","","",""
"הפועלdle","זאב חיימוביץ'","17244","עונות","סתירה","ויקיפדיה מוסיפה 12/13 · המאגר מוסיף 02/03, 04/05","02/03, 04/05, 13/14","12/13-13/14","02/03, 04/05, 13/14","-","DF","DF","","1983","1983","",""
"הפועלdle","זר /","13396","עמדה","אין בשום מקור","","02/03","-","02/03","-","","","","","","",""
"הפועלdle","זר /","13396","שנת לידה","אין בשום מקור","","02/03","-","02/03","-","","","","","","",""
"הפועלdle","יוסף אובה","14158","עמדה","אין בשום מקור","","02/03","-","02/03","-","","","","","","",""
"הפועלdle","יוסף אובה","14158","שנת לידה","אין בשום מקור","","02/03","-","02/03","-","","","","","","",""
"הפועלdle","יניב בן ניסן","17236","עמדה","אין בשום מקור","","02/03","-","02/03","-","","","","","","",""
"הפועלdle","יניב בן ניסן","17236","שנת לידה","אין בשום מקור","","02/03","-","02/03","-","","","","","","",""
"הפועלdle","יעקב שאלו","1549","עמדה","אין בשום מקור","","02/03, 04/05","-","02/03, 04/05","-","","","","","","",""
"הפועלdle","יעקב שאלו","1549","שנת לידה","אין בשום מקור","","02/03, 04/05","-","02/03, 04/05","-","","","","","","",""
"הפועלdle","ניר חדד","13411","עמדה","אין בשום מקור","","02/03","-","02/03","-","","","","","","",""
"הפועלdle","ניר חדד","13411","שנת לידה","אין בשום מקור","","02/03","-","02/03","-","","","","","","",""
"הפועלdle","ניר רחמין","13424","עונות","המאגר קצר מדי","חסרות 98/99-01/02","02/03-03/04, 05/06","98/99-03/04, 05/06","02/03-03/04, 05/06","05/06","FW","GK","FW","1980","1980","1980","""13424"": { ""spells"": [[1999,2004],[2006,2006]] }"
"הפועלdle","ניר רחמין","13424","עמדה","סתירה","מאגר: FW · ויקיפדיה: GK · worldfootball: FW","02/03-03/04, 05/06","98/99-03/04, 05/06","02/03-03/04, 05/06","05/06","FW","GK","FW","1980","1980","1980",""
"הפועלdle","עזרי בבייב","13401","עמדה","אין בשום מקור","","02/03","-","02/03","-","","","","","","",""
"הפועלdle","עזרי בבייב","13401","שנת לידה","אין בשום מקור","","02/03","-","02/03","-","","","","","","",""
"הפועלdle","צבי קוטלר","4399","עמדה","אין בשום מקור","","02/03","-","02/03","-","","","","","","",""
"הפועלdle","צבי קוטלר","4399","שנת לידה","אין בשום מקור","","02/03","-","02/03","-","","","","","","",""
"הפועלdle","קלשנקו סרגיי","13421","עמדה","אין בשום מקור","","02/03","-","02/03","-","","","","","","",""
"הפועלdle","קלשנקו סרגיי","13421","שנת לידה","אין בשום מקור","","02/03","-","02/03","-","","","","","","",""
"הפועלdle","רונן זליג","13409","עמדה","אין בשום מקור","","02/03","-","02/03","-","","","","","","",""
"הפועלdle","רונן זליג","13409","שנת לידה","אין בשום מקור","","02/03","-","02/03","-","","","","","","",""
"הפועלdle","רועי חזן","13412","עמדה","אין בשום מקור","","02/03","-","02/03","-","","","","","","",""
"הפועלdle","רועי חזן","13412","שנת לידה","אין בשום מקור","","02/03","-","02/03","-","","","","","","",""
"הפועלdle","רחמים חלייס","13413","עמדה","אין בשום מקור","","02/03-05/06","-","02/03-05/06","-","","","","","","",""
"הפועלdle","רחמים חלייס","13413","שנת לידה","אין בשום מקור","","02/03-05/06","-","02/03-05/06","-","","","","","","",""
"הפועלdle","שגיא זינגר","52","עמדה","אין בשום מקור","","02/03","-","02/03","-","","","","","","",""
"הפועלdle","שגיא זינגר","52","שנת לידה","אין בשום מקור","","02/03","-","02/03","-","","","","","","",""
"הפועלdle","איבה אוגובונה","49984","עמדה","אין בשום מקור","","03/04-06/07","-","03/04-06/07","-","","","","","","",""
"הפועלdle","איבה אוגובונה","49984","שנת לידה","אין בשום מקור","","03/04-06/07","-","03/04-06/07","-","","","","","","",""
"הפועלdle","גיא כוואז","17248","עמדה","אין בשום מקור","","03/04-04/05","-","03/04-04/05","-","","","","","","",""
"הפועלdle","גיא כוואז","17248","שנת לידה","אין בשום מקור","","03/04-04/05","-","03/04-04/05","-","","","","","","",""
"הפועלdle","גיא סלם","17256","עמדה","אין בשום מקור","","03/04-05/06","-","03/04-05/06","-","","","","","","",""
"הפועלdle","גיא סלם","17256","שנת לידה","אין בשום מקור","","03/04-05/06","-","03/04-05/06","-","","","","","","",""
"הפועלdle","יאיר צדק","33339","עמדה","אין בשום מקור","","03/04-04/05","-","03/04-04/05","-","","","","","","",""
"הפועלdle","יאיר צדק","33339","שנת לידה","אין בשום מקור","","03/04-04/05","-","03/04-04/05","-","","","","","","",""
"הפועלdle","יצחק בוחבוט","17235","עמדה","אין בשום מקור","","03/04","-","03/04","-","","","","","","",""
"הפועלdle","יצחק בוחבוט","17235","שנת לידה","אין בשום מקור","","03/04","-","03/04","-","","","","","","",""
"הפועלdle","כפיר אדרי","13274","עמדה","סתירה","מאגר: MF · ויקיפדיה: DF · worldfootball: MF","03/04-04/05","03/04-04/05","03/04-04/05","03/04","MF","DF","MF","1976","1976","1976",""
"הפועלdle","פבריציו פאריירה","49873","עמדה","אין בשום מקור","","03/04","-","03/04","-","","","","","","",""
"הפועלdle","פבריציו פאריירה","49873","שנת לידה","אין בשום מקור","","03/04","-","03/04","-","","","","","","",""
"הפועלdle","רובן פאבלו","49874","עמדה","אין בשום מקור","","03/04","-","03/04","-","","","","","","",""
"הפועלdle","רובן פאבלו","49874","שנת לידה","אין בשום מקור","","03/04","-","03/04","-","","","","","","",""
"הפועלdle","רמי אבולבן","13272","עמדה","אין בשום מקור","","03/04","-","03/04","-","","","","","","",""
"הפועלdle","רמי אבולבן","13272","שנת לידה","אין בשום מקור","","03/04","-","03/04","-","","","","","","",""
"הפועלdle","שרון בן מוחה","17238","עמדה","אין בשום מקור","","03/04","-","03/04","-","","","","","","",""
"הפועלdle","שרון בן מוחה","17238","שנת לידה","אין בשום מקור","","03/04","-","03/04","-","","","","","","",""
"הפועלdle","אילונגו נגאסניה","62177","עמדה","אין בשום מקור","","04/05","-","04/05","-","","","","","","",""
"הפועלdle","אילונגו נגאסניה","62177","שנת לידה","אין בשום מקור","","04/05","-","04/05","-","","","","","","",""
"הפועלdle","ברק בדש","13689","עונות","סתירה","ויקיפדיה מוסיפה 05/06 · המאגר מוסיף 04/05","04/05","05/06","04/05","04/05","MF","FW","MF","1982","1982","1982",""
"הפועלdle","ברק בדש","13689","עמדה","סתירה","מאגר: MF · ויקיפדיה: FW · worldfootball: MF","04/05","05/06","04/05","04/05","MF","FW","MF","1982","1982","1982",""
"הפועלdle","ג'ון פנטסיל","41769","זהות","שני ערכים באותו שם","בוויקיפדיה יש יותר מערך אחד בשם הזה — אין תיקון אוטומטי","04/05-05/06, 12/13","04/05-05/06, 12/13","04/05-05/06","-","DF","","","1981","","",""
"הפועלdle","מבאלה ביסקוט","62176","עמדה","אין בשום מקור","","04/05","-","04/05","-","","","","","","",""
"הפועלdle","מבאלה ביסקוט","62176","שנת לידה","אין בשום מקור","","04/05","-","04/05","-","","","","","","",""
"הפועלdle","משה והבה","37101","עמדה","אין בשום מקור","","04/05","-","04/05","-","","","","","","",""
"הפועלdle","משה והבה","37101","שנת לידה","אין בשום מקור","","04/05","-","04/05","-","","","","","","",""
"הפועלdle","עימנואל איילה","16288","עמדה","אין בשום מקור","","04/05","-","04/05","-","","","","","","",""
"הפועלdle","עימנואל איילה","16288","שנת לידה","אין בשום מקור","","04/05","-","04/05","-","","","","","","",""
"הפועלdle","עמר מנצור","16302","עמדה","אין בשום מקור","","04/05, 07/08","-","04/05, 07/08","-","","","","","","",""
"הפועלdle","עמר מנצור","16302","שנת לידה","אין בשום מקור","","04/05, 07/08","-","04/05, 07/08","-","","","","","","",""
"הפועלdle","רומן פאסיליוק","62181","עמדה","אין בשום מקור","","04/05","-","04/05","-","","","","","","",""
"הפועלdle","רומן פאסיליוק","62181","שנת לידה","אין בשום מקור","","04/05","-","04/05","-","","","","","","",""
"הפועלdle","רוסלו שקורוב","4940","עמדה","אין בשום מקור","","04/05","-","04/05","-","","","","","","",""
"הפועלdle","רוסלו שקורוב","4940","שנת לידה","אין בשום מקור","","04/05","-","04/05","-","","","","","","",""
"הפועלdle","אדיפימי אוליבאיו","55367","עמדה","אין בשום מקור","","05/06","-","05/06","-","","","","","","",""
"הפועלdle","אדיפימי אוליבאיו","55367","שנת לידה","אין בשום מקור","","05/06","-","05/06","-","","","","","","",""
"הפועלdle","גילי ורמוט","22107","עונות","המאגר קצר מדי","חסרות 14/15","05/06-06/07, 08/09-10/11, 12/13-13/14","05/06-06/07, 08/09-10/11, 12/13-14/15","05/06-06/07, 08/09-09/10, 12/13-13/14","-","MF","","","1985","","","""22107"": { ""spells"": [[2006,2007],[2009,2011],[2013,2015]] }"
"הפועלdle","גילי ורמוט","22107","זהות","שני ערכים באותו שם","בוויקיפדיה יש יותר מערך אחד בשם הזה — אין תיקון אוטומטי","05/06-06/07, 08/09-10/11, 12/13-13/14","05/06-06/07, 08/09-10/11, 12/13-14/15","05/06-06/07, 08/09-09/10, 12/13-13/14","-","MF","","","1985","","",""
"הפועלdle","ואליד באדיר","108","עמדה","סתירה","מאגר: MF · ויקיפדיה: DF · worldfootball: MF","05/06-12/13","05/06-12/13","05/06-12/13","06/07-12/13","MF","DF","MF","1974","1974","1974",""
"הפועלdle","חנן אלקיים","16313","עמדה","אין בשום מקור","","05/06","-","05/06","-","","","","","","",""
"הפועלdle","חנן אלקיים","16313","שנת לידה","אין בשום מקור","","05/06","-","05/06","-","","","","","","",""
"הפועלdle","יקיר לוסקי","14637","עמדה","אין בשום מקור","","05/06-06/07","-","05/06-06/07","-","","","","","","",""
"הפועלdle","יקיר לוסקי","14637","שנת לידה","אין בשום מקור","","05/06-06/07","-","05/06-06/07","-","","","","","","",""
"הפועלdle","פליקס אוגבוקה","55456","עמדה","אין בשום מקור","","05/06","-","05/06","-","","","","","","",""
"הפועלdle","פליקס אוגבוקה","55456","שנת לידה","אין בשום מקור","","05/06","-","05/06","-","","","","","","",""
"הפועלdle","איבאן יוליץ","71895","עמדה","אין בשום מקור","","06/07","-","06/07","-","","","","","","",""
"הפועלdle","איבאן יוליץ","71895","שנת לידה","אין בשום מקור","","06/07","-","06/07","-","","","","","","",""
"הפועלdle","ביברס נאתכו","17737","עונות","המאגר קצר מדי","חסרות 09/10","06/07-08/09","06/07-09/10","07/08-08/09","06/07-08/09","MF","MF","MF","1988","1988","1988","""17737"": { ""spells"": [[2007,2010]] }"
"הפועלdle","גל שיש","12924","עונות","המאגר ארוך מדי","ויקיפדיה לא מכירה 06/07, 15/16 — ייתכן שאלה עונות השאלה","06/07-11/12, 15/16-16/17","07/08-11/12, 16/17","08/09-11/12, 15/16-16/17","06/07-11/12, 15/16-16/17","DF","DF","DF","1989","1989","1989",""
"הפועלdle","דה קטזור","79345","עמדה","אין בשום מקור","","06/07","-","06/07","-","","","","","","",""
"הפועלdle","דה קטזור","79345","שנת לידה","אין בשום מקור","","06/07","-","06/07","-","","","","","","",""
"הפועלdle","דני בונדר","10147","עונות","המאגר קצר מדי","חסרות 04/05-05/06","06/07-10/11","04/05-10/11","06/07-07/08, 09/10-10/11","06/07-10/11","DF","DF","DF","1987","1987","1987","""10147"": { ""spells"": [[2005,2011]] }"
"הפועלdle","מאיר פרץ","4433","עונות","המאגר קצר מדי","חסרות 07/08-08/09","06/07","06/07-08/09","06/07","06/07","DF","DF","DF","1983","1983","1983","""4433"": { ""spells"": [[2007,2009]] }"
"הפועלdle","ניל אברבנאל","31321","עמדה","אין בשום מקור","","06/07, 09/10","-","06/07, 09/10","-","","","","","","",""
"הפועלdle","ניל אברבנאל","31321","שנת לידה","אין בשום מקור","","06/07, 09/10","-","06/07, 09/10","-","","","","","","",""
"הפועלdle","רמי דואני","14650","עונות","המאגר קצר מדי","חסרות 08/09-09/10, 11/12","06/07-07/08, 10/11","06/07-11/12","06/07-07/08, 10/11","06/07-07/08","MF","DF","MF","1987","1987","1987","""14650"": { ""spells"": [[2007,2012]] }"
"הפועלdle","רמי דואני","14650","עמדה","סתירה","מאגר: MF · ויקיפדיה: DF · worldfootball: MF","06/07-07/08, 10/11","06/07-11/12","06/07-07/08, 10/11","06/07-07/08","MF","DF","MF","1987","1987","1987",""
"הפועלdle","אומות גוזלסש","14649","עמדה","אין בשום מקור","","07/08","-","07/08","-","","","","","","",""
"הפועלdle","אומות גוזלסש","14649","שנת לידה","אין בשום מקור","","07/08","-","07/08","-","","","","","","",""
"הפועלdle","איתי אלקסלסי","26146","עונות","המאגר קצר מדי","חסרות 08/09-09/10","07/08","07/08-09/10","07/08","-","MF","MF","","1988","1988","","""26146"": { ""spells"": [[2008,2010]] }"
"הפועלdle","אלין טופוזאקוב","92804","עונות","המאגר ארוך מדי","ויקיפדיה לא מכירה 07/08 — ייתכן שאלה עונות השאלה","07/08-08/09","08/09","07/08-08/09","07/08-08/09","DF","DF","DF","1977","1977","1977",""
"הפועלdle","אליעד דדון","17722","עמדה","אין בשום מקור","","07/08","-","07/08","-","","","","","","",""
"הפועלdle","אליעד דדון","17722","שנת לידה","אין בשום מקור","","07/08","-","07/08","-","","","","","","",""
"הפועלdle","אשר טובי","17732","עמדה","אין בשום מקור","","07/08","-","07/08","-","","","","","","",""
"הפועלdle","אשר טובי","17732","שנת לידה","אין בשום מקור","","07/08","-","07/08","-","","","","","","",""
"הפועלdle","דמיטר טלקיסקי","92809","עמדה","אין בשום מקור","","07/08-08/09","-","07/08-08/09","-","","","","","","",""
"הפועלdle","דמיטר טלקיסקי","92809","שנת לידה","אין בשום מקור","","07/08-08/09","-","07/08-08/09","-","","","","","","",""
"הפועלdle","מאיר אסור","17717","עמדה","אין בשום מקור","","07/08","-","07/08","-","","","","","","",""
"הפועלdle","מאיר אסור","17717","שנת לידה","אין בשום מקור","","07/08","-","07/08","-","","","","","","",""
"הפועלdle","נסומבו מזואה","50519","עמדה","אין בשום מקור","","07/08","-","07/08","-","","","","","","",""
"הפועלdle","נסומבו מזואה","50519","שנת לידה","אין בשום מקור","","07/08","-","07/08","-","","","","","","",""
"הפועלdle","עדי סבג","16304","עמדה","אין בשום מקור","","07/08","-","07/08","-","","","","","","",""
"הפועלdle","עדי סבג","16304","שנת לידה","אין בשום מקור","","07/08","-","07/08","-","","","","","","",""
"הפועלdle","עומרי קנדה","17226","עונות","המאגר ארוך מדי","ויקיפדיה לא מכירה 07/08 — ייתכן שאלה עונות השאלה","07/08-11/12","08/09-11/12","07/08-11/12","08/09-11/12","DF","DF","DF","1986","1986","1986",""
"הפועלdle","עידן סרור","29855","עונות","המאגר קצר מדי","חסרות 04/05","07/08-08/09","04/05, 07/08-08/09","07/08","07/08-08/09","MF","MF","MF","1986","1986","1986","""29855"": { ""spells"": [[2005,2005],[2008,2009]] }"
"הפועלdle","ראובן עובד","1774","עונות","המאגר קצר מדי","חסרות 08/09","07/08","07/08-08/09","07/08","07/08","MF","MF","MF","1983","1983","1983","""1774"": { ""spells"": [[2008,2009]] }"
"הפועלdle","רועי דיין","85325","עונות","המאגר ארוך מדי","ויקיפדיה לא מכירה 16/17 — ייתכן שאלה עונות השאלה","07/08, 16/17","07/08","16/17","07/08, 16/17","FW","FW","FW","1984","1984","1984",""
"הפועלdle","שלומי ארבייטמן","26717","עונות","סתירה","ויקיפדיה מוסיפה 08/09 · המאגר מוסיף 07/08","07/08","08/09","07/08","-","FW","FW","","1985","1985","",""
"הפועלdle","אביחי ידין","19305","עונות","המאגר ארוך מדי","ויקיפדיה לא מכירה 12/13, 15/16 — ייתכן שאלה עונות השאלה","08/09-12/13, 15/16-17/18","08/09-11/12, 16/17-17/18","08/09-11/12, 15/16-17/18","08/09-12/13, 15/16-17/18","DF","MF","DF","1986","1986","1986",""
"הפועלdle","אביחי ידין","19305","עמדה","סתירה","מאגר: DF · ויקיפדיה: MF · worldfootball: DF","08/09-12/13, 15/16-17/18","08/09-11/12, 16/17-17/18","08/09-11/12, 15/16-17/18","08/09-12/13, 15/16-17/18","DF","MF","DF","1986","1986","1986",""
"הפועלdle","אריק ינקו","14200","עונות","סתירה","ויקיפדיה מוסיפה 11/12-12/13 · המאגר מוסיף 08/09, 13/14","08/09-10/11, 13/14, 17/18-19/20","09/10-12/13, 17/18-19/20","10/11, 17/18-19/20","08/09-10/11, 13/14, 17/18-19/20","GK","GK","GK","1991","1991","1991",""
"הפועלdle","דוגלאס דה סילבה","55360","עמדה","אין בשום מקור","","08/09-09/10","-","08/09-09/10","-","","","","","","",""
"הפועלdle","דוגלאס דה סילבה","55360","שנת לידה","אין בשום מקור","","08/09-09/10","-","08/09-09/10","-","","","","","","",""
"הפועלdle","ויקטור מרעי","24030","עונות","המאגר ארוך מדי","ויקיפדיה לא מכירה 08/09 — ייתכן שאלה עונות השאלה","08/09-10/11, 12/13","09/10-10/11, 12/13","08/09-10/11","08/09-10/11, 12/13","FW","FW","FW","1989","1989","1989",""
"הפועלdle","טלהון איילה","12899","עמדה","אין בשום מקור","","08/09","-","08/09","-","","","","","","",""
"הפועלdle","טלהון איילה","12899","שנת לידה","אין בשום מקור","","08/09","-","08/09","-","","","","","","",""
"הפועלdle","יהודה חוטה","12911","עמדה","אין בשום מקור","","08/09-09/10, 11/12","-","08/09-09/10, 11/12","-","","","","","","",""
"הפועלdle","יהודה חוטה","12911","שנת לידה","אין בשום מקור","","08/09-09/10, 11/12","-","08/09-09/10, 11/12","-","","","","","","",""
"הפועלdle","ליאור בקשי","32981","עמדה","אין בשום מקור","","08/09","-","08/09","-","","","","","","",""
"הפועלdle","ליאור בקשי","32981","שנת לידה","אין בשום מקור","","08/09","-","08/09","-","","","","","","",""
"הפועלdle","מהראן אל לאלה","2650","עמדה","אין בשום מקור","","08/09-11/12","-","08/09-11/12","-","","","","","","",""
"הפועלdle","מהראן אל לאלה","2650","שנת לידה","אין בשום מקור","","08/09-11/12","-","08/09-11/12","-","","","","","","",""
"הפועלdle","סמואל יבואה","70719","עונות","המאגר ארוך מדי","ויקיפדיה לא מכירה 09/10 — ייתכן שאלה עונות השאלה","08/09-09/10","08/09","08/09-09/10","08/09","FW","FW","FW","1986","1986","1986",""
"הפועלdle","עדן בן בסט","7208","עונות","סתירה","ויקיפדיה מוסיפה 09/10 · המאגר מוסיף 08/09","08/09","09/10","08/09","08/09","FW","FW","FW","1986","1986","1986",""
"הפועלdle","ערן זהבי","14064","עונות","המאגר קצר מדי","חסרות 06/07-07/08","08/09-10/11","06/07-10/11","08/09-09/10","08/09-10/11","FW","MF","FW","1987","1987","1987","""14064"": { ""spells"": [[2007,2011]] }"
"הפועלdle","ערן זהבי","14064","עמדה","סתירה","מאגר: FW · ויקיפדיה: MF · worldfootball: FW","08/09-10/11","06/07-10/11","08/09-09/10","08/09-10/11","FW","MF","FW","1987","1987","1987",""
"הפועלdle","איתי שכטר","33841","עונות","המאגר קצר מדי","חסרות 13/14","09/10-10/11","09/10-10/11, 13/14","09/10","09/10-10/11","FW","FW","FW","1987","1987","1987","""33841"": { ""spells"": [[2010,2011],[2014,2014]] }"
"הפועלdle","אסף כהן","23234","עמדה","אין בשום מקור","","09/10","-","09/10","-","","","","","","",""
"הפועלdle","אסף כהן","23234","שנת לידה","אין בשום מקור","","09/10","-","09/10","-","","","","","","",""
"הפועלdle","בוגאן ורוצינה","112050","עמדה","אין בשום מקור","","09/10","-","09/10","-","","","","","","",""
"הפועלdle","בוגאן ורוצינה","112050","שנת לידה","אין בשום מקור","","09/10","-","09/10","-","","","","","","",""
"הפועלdle","בויאן ורוצ'ינה","","עונות","סתירה","ויקיפדיה מוסיפה 10/11 · המאגר מוסיף 09/10","09/10","10/11","-","-","FW","FW","","1984","1984","",""
"הפועלdle","דדי בן דיין","1414","עונות","המאגר קצר מדי","חסרות 11/12","09/10-10/11","09/10-11/12","09/10-10/11","09/10-10/11","DF","DF","DF","1978","1978","1978","""1414"": { ""spells"": [[2010,2012]] }"
"הפועלdle","דניאל דה רידר","111923","עונות","סתירה","ויקיפדיה מוסיפה 10/11 · המאגר מוסיף 09/10","09/10","10/11","09/10","09/10","FW","MF","FW","1984","1984","1984",""
"הפועלdle","דניאל דה רידר","111923","עמדה","סתירה","מאגר: FW · ויקיפדיה: MF · worldfootball: FW","09/10","10/11","09/10","09/10","FW","MF","FW","1984","1984","1984",""
"הפועלdle","מור שושן","9595","עמדה","אין בשום מקור","","09/10, 11/12-12/13","-","09/10, 11/12-12/13","-","","","","","","",""
"הפועלdle","מור שושן","9595","שנת לידה","אין בשום מקור","","09/10, 11/12-12/13","-","09/10, 11/12-12/13","-","","","","","","",""
"הפועלdle","נמניה ווצ'יצ'ביץ'","105463","עמדה","סתירה","מאגר: FW · ויקיפדיה: MF","09/10","09/10","09/10","-","FW","MF","","1979","1979","",""
"הפועלdle","רועי גורדנה","10213","עונות","המאגר קצר מדי","חסרות 07/08-08/09, 10/11","09/10, 11/12-13/14","07/08-13/14","09/10, 11/12-13/14","09/10, 11/12-13/14","MF","MF","MF","1990","1990","1990","""10213"": { ""spells"": [[2008,2014]] }"
"הפועלdle","איוב אבו סבית","16601","עמדה","אין בשום מקור","","10/11","-","10/11","-","","","","","","",""
"הפועלdle","איוב אבו סבית","16601","שנת לידה","אין בשום מקור","","10/11","-","10/11","-","","","","","","",""
"הפועלdle","אלרואי כהן","31869","עונות","המאגר ארוך מדי","ויקיפדיה לא מכירה 10/11 — ייתכן שאלה עונות השאלה","10/11-12/13","11/12-12/13","10/11-12/13","-","MF","MF","","1989","1989","",""
"הפועלdle","ארתור אטצזיאנוב","16603","עמדה","אין בשום מקור","","10/11-11/12","-","10/11-11/12","-","","","","","","",""
"הפועלdle","ארתור אטצזיאנוב","16603","שנת לידה","אין בשום מקור","","10/11-11/12","-","10/11-11/12","-","","","","","","",""
"הפועלdle","בבאן פרנסמן","94442","עמדה","אין בשום מקור","","10/11-11/12","-","10/11-11/12","-","","","","","","",""
"הפועלdle","בבאן פרנסמן","94442","שנת לידה","אין בשום מקור","","10/11-11/12","-","10/11-11/12","-","","","","","","",""
"הפועלdle","גל מאיו","22708","עמדה","אין בשום מקור","","10/11","-","10/11","-","","","","","","",""
"הפועלdle","גל מאיו","22708","שנת לידה","אין בשום מקור","","10/11","-","10/11","-","","","","","","",""
"הפועלdle","טוטו תמוז","23161","עונות","סתירה","ויקיפדיה מוסיפה 17/18 · המאגר מוסיף 16/17","10/11-12/13, 16/17","10/11-12/13, 17/18","10/11-12/13, 16/17","10/11-12/13, 16/17","FW","FW","FW","1988","1988","1988",""
"הפועלdle","מריו פצ'אלקה","122552","עונות","סתירה","ויקיפדיה מוסיפה 11/12 · המאגר מוסיף 10/11","10/11","11/12","10/11","-","DF","DF","","1980","1980","",""
"הפועלdle","עדן שרם","25642","עונות","המאגר קצר מדי","חסרות 13/14-14/15","10/11-12/13","10/11-14/15","12/13","10/11-12/13","FW","FW","FW","1993","1993","1993","""25642"": { ""spells"": [[2011,2015]] }"
"הפועלdle","פיליפ מנה","30540","עמדה","אין בשום מקור","","10/11, 14/15","-","10/11, 14/15","-","","","","","","",""
"הפועלdle","פיליפ מנה","30540","שנת לידה","אין בשום מקור","","10/11, 14/15","-","10/11, 14/15","-","","","","","","",""
"הפועלdle","שי רביבו","4517","עונות","סתירה","ויקיפדיה מוסיפה 11/12 · המאגר מוסיף 10/11","10/11","11/12","10/11","-","MF","MF","","1986","1986","",""
"הפועלdle","אדל בטה","123414","עמדה","אין בשום מקור","","11/12-12/13, 14/15","-","11/12-12/13, 14/15","-","","","","","","",""
"הפועלdle","אדל בטה","123414","שנת לידה","אין בשום מקור","","11/12-12/13, 14/15","-","11/12-12/13, 14/15","-","","","","","","",""
"הפועלdle","אורמוש מירקו","124706","עמדה","אין בשום מקור","","11/12","-","11/12","-","","","","","","",""
"הפועלdle","אורמוש מירקו","124706","שנת לידה","אין בשום מקור","","11/12","-","11/12","-","","","","","","",""
"הפועלdle","אלכס באסוק","34404","עמדה","אין בשום מקור","","11/12","-","11/12","-","","","","","","",""
"הפועלdle","אלכס באסוק","34404","שנת לידה","אין בשום מקור","","11/12","-","11/12","-","","","","","","",""
"הפועלdle","אפולה אדל","","עונות","סתירה","ויקיפדיה מוסיפה 15/16 · המאגר מוסיף 14/15","11/12-12/13, 14/15","11/12-12/13, 15/16","-","-","GK","GK","","1986","1986","",""
"הפועלdle","בוריס קליימן","23401","עונות","המאגר קצר מדי","חסרות 09/10-10/11","11/12-13/14","09/10-13/14","11/12-13/14","11/12-13/14","GK","GK","GK","1990","1990","1990","""23401"": { ""spells"": [[2010,2014]] }"
"הפועלdle","גיל גילקרוב","34442","עמדה","אין בשום מקור","","11/12","-","11/12","-","","","","","","",""
"הפועלdle","גיל גילקרוב","34442","שנת לידה","אין בשום מקור","","11/12","-","11/12","-","","","","","","",""
"הפועלdle","מחמוד עבאס","34738","עונות","המאגר קצר מדי","חסרות 12/13","11/12","11/12-12/13","11/12","-","MF","MF","","1988","1988","","""34738"": { ""spells"": [[2012,2013]] }"
"הפועלdle","מרקו שולר","133820","עונות","סתירה","ויקיפדיה מוסיפה 12/13 · המאגר מוסיף 11/12","11/12","12/13","11/12","11/12","DF","DF","DF","1983","1983","1983",""
"הפועלdle","ניר לקס","34196","עונות","סתירה","ויקיפדיה מוסיפה 14/15, 16/17 · המאגר מוסיף 11/12","11/12-13/14, 15/16, 17/18-19/20","12/13-19/20","13/14, 15/16, 17/18-19/20","11/12-13/14, 15/16, 17/18-19/20","MF","MF","MF","1994","1994","1994",""
"הפועלdle","עומרי אטיה","10031","עמדה","אין בשום מקור","","11/12","-","11/12","-","","","","","","",""
"הפועלdle","עומרי אטיה","10031","שנת לידה","אין בשום מקור","","11/12","-","11/12","-","","","","","","",""
"הפועלdle","עמנואל איגיבור","123859","עמדה","אין בשום מקור","","11/12","-","11/12","-","","","","","","",""
"הפועלdle","עמנואל איגיבור","123859","שנת לידה","אין בשום מקור","","11/12","-","11/12","-","","","","","","",""
"הפועלdle","שון מלכה","","עונות","סתירה","ויקיפדיה מוסיפה 12/13 · המאגר מוסיף 11/12","11/12, 13/14-14/15","12/13-14/15","-","-","MF","MF","","1993","1993","",""
"הפועלdle","אלירן ברכה","34193","עמדה","אין בשום מקור","","12/13","-","12/13","-","","","","","","",""
"הפועלdle","אלירן ברכה","34193","שנת לידה","אין בשום מקור","","12/13","-","12/13","-","","","","","","",""
"הפועלdle","אלמוג כהן","27435","עונות","סתירה","ויקיפדיה מוסיפה 13/14 · המאגר מוסיף 12/13","12/13","13/14","12/13","-","MF","MF","","1988","1988","",""
"הפועלdle","אריאל טליאס","12914","עמדה","אין בשום מקור","","12/13-13/14","-","12/13-13/14","-","","","","","","",""
"הפועלdle","אריאל טליאס","12914","שנת לידה","אין בשום מקור","","12/13-13/14","-","12/13-13/14","-","","","","","","",""
"הפועלdle","דור חמו","34643","עמדה","אין בשום מקור","","12/13","-","12/13","-","","","","","","",""
"הפועלdle","דור חמו","34643","שנת לידה","אין בשום מקור","","12/13","-","12/13","-","","","","","","",""
"הפועלdle","דיויד קאלבו","144608","עמדה","אין בשום מקור","","12/13","-","12/13","-","","","","","","",""
"הפועלdle","דיויד קאלבו","144608","שנת לידה","אין בשום מקור","","12/13","-","12/13","-","","","","","","",""
"הפועלdle","טייאגו דה קוסטה","144545","עמדה","אין בשום מקור","","12/13","-","12/13","-","","","","","","",""
"הפועלdle","טייאגו דה קוסטה","144545","שנת לידה","אין בשום מקור","","12/13","-","12/13","-","","","","","","",""
"הפועלdle","טל בן חיים","23662","עמדה","יש מקור, לא נכנס","ויקיפדיה: MF","12/13","12/13","12/13","-","","MF","","","1989","","""23662"": { ""pos"": ""MF"" }"
"הפועלdle","טל בן חיים","23662","שנת לידה","יש מקור, לא נכנס","ויקיפדיה: 1989","12/13","12/13","12/13","-","","MF","","","1989","","""23662"": { ""born"": 1989 }"
"הפועלdle","כפיר אייזנשטיין","11200","עמדה","אין בשום מקור","","12/13","-","12/13","-","","","","","","",""
"הפועלdle","כפיר אייזנשטיין","11200","שנת לידה","אין בשום מקור","","12/13","-","12/13","-","","","","","","",""
"הפועלdle","ניסים ניר","4428","עמדה","אין בשום מקור","","12/13","-","12/13","-","","","","","","",""
"הפועלdle","ניסים ניר","4428","שנת לידה","אין בשום מקור","","12/13","-","12/13","-","","","","","","",""
"הפועלdle","סאבו פאביצ'ביץ'","113395","עונות","סתירה","ויקיפדיה מוסיפה 13/14 · המאגר מוסיף 12/13","12/13","13/14","12/13","12/13","DF","DF","DF","1980","1980","1980",""
"הפועלdle","שמעון הרוש","13231","עונות","המאגר ארוך מדי","ויקיפדיה לא מכירה 12/13 — ייתכן שאלה עונות השאלה","12/13-13/14","13/14","12/13-13/14","12/13-13/14","DF","DF","DF","1987","1987","1987",""
"הפועלdle","אברהם צקול","27044","עמדה","אין בשום מקור","","13/14-14/15","-","13/14-14/15","-","","","","","","",""
"הפועלdle","אברהם צקול","27044","שנת לידה","אין בשום מקור","","13/14-14/15","-","13/14-14/15","-","","","","","","",""
"הפועלdle","אורי כהן","30226","עמדה","אין בשום מקור","","13/14","-","13/14","-","","","","","","",""
"הפועלdle","אורי כהן","30226","שנת לידה","אין בשום מקור","","13/14","-","13/14","-","","","","","","",""
"הפועלdle","ביסארט עבדורחימי","147579","עמדה","אין בשום מקור","","13/14","-","13/14","-","","","","","","",""
"הפועלdle","ביסארט עבדורחימי","147579","שנת לידה","אין בשום מקור","","13/14","-","13/14","-","","","","","","",""
"הפועלdle","בריאן גרזיציץ","84632","עמדה","אין בשום מקור","","13/14","-","13/14","-","","","","","","",""
"הפועלdle","בריאן גרזיציץ","84632","שנת לידה","אין בשום מקור","","13/14","-","13/14","-","","","","","","",""
"הפועלdle","דניאל (עמוס)","14763","עמדה","אין בשום מקור","","13/14-14/15","-","13/14-14/15","-","","","","","","",""
"הפועלdle","דניאל (עמוס)","14763","שנת לידה","אין בשום מקור","","13/14-14/15","-","13/14-14/15","-","","","","","","",""
"הפועלdle","ישראל זגורי","1248","עונות","המאגר קצר מדי","חסרות 15/16-16/17","13/14-14/15","13/14-16/17","13/14-14/15","13/14-14/15","MF","MF","MF","1990","1990","1990","""1248"": { ""spells"": [[2014,2017]] }"
"הפועלdle","לוקאס אפיני","145230","עמדה","אין בשום מקור","","13/14-14/15","-","13/14-14/15","-","","","","","","",""
"הפועלdle","לוקאס אפיני","145230","שנת לידה","אין בשום מקור","","13/14-14/15","-","13/14-14/15","-","","","","","","",""
"הפועלdle","ליאור לוי","19394","עונות","סתירה","ויקיפדיה מוסיפה 11/12-12/13 · המאגר מוסיף 13/14-14/15","13/14-14/15","11/12-12/13","13/14-14/15","13/14-14/15","DF","DF","DF","1987","1987","1987",""
"הפועלdle","מוחמד זידאן","36980","עמדה","אין בשום מקור","","13/14","-","13/14","-","","","","","","",""
"הפועלdle","מוחמד זידאן","36980","שנת לידה","אין בשום מקור","","13/14","-","13/14","-","","","","","","",""
"הפועלdle","עוביידה חטאב","64438","עונות","המאגר ארוך מדי","ויקיפדיה לא מכירה 13/14 — ייתכן שאלה עונות השאלה","13/14-14/15","14/15","14/15","13/14-14/15","DF","DF","DF","1992","1992","1992",""
"הפועלdle","עומר פדידה","23391","עמדה","סתירה","מאגר: FW · ויקיפדיה: MF · worldfootball: FW","13/14-14/15","13/14-14/15","13/14","13/14-14/15","FW","MF","FW","1990","1990","1990",""
"הפועלdle","פטר אורלנדיץ'","154709","עונות","סתירה","ויקיפדיה מוסיפה 14/15 · המאגר מוסיף 13/14","13/14","14/15","13/14","13/14","FW","FW","FW","1990","1990","1990",""
"הפועלdle","פיליפ חאיכ","60230","עמדה","אין בשום מקור","","13/14","-","13/14","-","","","","","","",""
"הפועלdle","פיליפ חאיכ","60230","שנת לידה","אין בשום מקור","","13/14","-","13/14","-","","","","","","",""
"הפועלdle","רמזי ספורי","49641","עונות","המאגר קצר מדי","חסרות 16/17-17/18","13/14-15/16, 18/19","13/14-18/19","14/15-15/16, 18/19","13/14-15/16, 18/19","FW","MF","FW","1995","1995","1995","""49641"": { ""spells"": [[2014,2019]] }"
"הפועלdle","רמזי ספורי","49641","עמדה","סתירה","מאגר: FW · ויקיפדיה: MF · worldfootball: FW","13/14-15/16, 18/19","13/14-18/19","14/15-15/16, 18/19","13/14-15/16, 18/19","FW","MF","FW","1995","1995","1995",""
"הפועלdle","שגיב יחזקאל","56185","עונות","המאגר ארוך מדי","ויקיפדיה לא מכירה 13/14 — ייתכן שאלה עונות השאלה","13/14-15/16","14/15-15/16","14/15-15/16","13/14-15/16","FW","DF","FW","1995","1995","1995",""
"הפועלdle","שגיב יחזקאל","56185","עמדה","סתירה","מאגר: FW · ויקיפדיה: DF · worldfootball: FW","13/14-15/16","14/15-15/16","14/15-15/16","13/14-15/16","FW","DF","FW","1995","1995","1995",""
"הפועלdle","שלמה שון","34368","עמדה","אין בשום מקור","","13/14-14/15","-","13/14-14/15","-","","","","","","",""
"הפועלdle","שלמה שון","34368","שנת לידה","אין בשום מקור","","13/14-14/15","-","13/14-14/15","-","","","","","","",""
"הפועלdle","אבונימה איזוגבו","164974","עמדה","אין בשום מקור","","14/15","-","14/15","-","","","","","","",""
"הפועלdle","אבונימה איזוגבו","164974","שנת לידה","אין בשום מקור","","14/15","-","14/15","-","","","","","","",""
"הפועלdle","אביחי דהן","58161","עמדה","אין בשום מקור","","14/15","-","14/15","-","","","","","","",""
"הפועלdle","אביחי דהן","58161","שנת לידה","אין בשום מקור","","14/15","-","14/15","-","","","","","","",""
"הפועלdle","אמידו באלדה","164640","עונות","סתירה","ויקיפדיה מוסיפה 15/16 · המאגר מוסיף 14/15","14/15","15/16","14/15","-","FW","FW","","1991","1991","",""
"הפועלdle","בן רייכרט","35375","עונות","המאגר ארוך מדי","ויקיפדיה לא מכירה 14/15 — ייתכן שאלה עונות השאלה","14/15-16/17","15/16-16/17","14/15-16/17","14/15-16/17","MF","MF","MF","1994","1994","1994",""
"הפועלdle","גל מלכה","66272","עמדה","אין בשום מקור","","14/15","-","14/15","-","","","","","","",""
"הפועלdle","גל מלכה","66272","שנת לידה","אין בשום מקור","","14/15","-","14/15","-","","","","","","",""
"הפועלdle","דודו ביטון","26149","עונות","סתירה","ויקיפדיה מוסיפה 15/16 · המאגר מוסיף 14/15","14/15, 16/17","15/16-16/17","14/15, 16/17","14/15, 16/17","FW","FW","FW","1988","1988","1988",""
"הפועלdle","מוחמד אבו אל היגא","93081","עמדה","אין בשום מקור","","14/15","-","14/15","-","","","","","","",""
"הפועלdle","מוחמד אבו אל היגא","93081","שנת לידה","אין בשום מקור","","14/15","-","14/15","-","","","","","","",""
"הפועלdle","מיכאל חמו","78883","עמדה","אין בשום מקור","","14/15","-","14/15","-","","","","","","",""
"הפועלdle","מיכאל חמו","78883","שנת לידה","אין בשום מקור","","14/15","-","14/15","-","","","","","","",""
"הפועלdle","משה אוחיון","4408","עונות","המאגר קצר מדי","חסרות 15/16","14/15","14/15-15/16","14/15","14/15","MF","MF","MF","1983","1983","1983","""4408"": { ""spells"": [[2015,2016]] }"
"הפועלdle","מתן אוחיון","4497","עונות","סתירה","ויקיפדיה מוסיפה 15/16 · המאגר מוסיף 14/15","14/15","15/16","14/15","14/15","DF","DF","DF","1986","1986","1986",""
"הפועלdle","מתן לזמי","71489","עמדה","אין בשום מקור","","14/15","-","14/15","-","","","","","","",""
"הפועלdle","מתן לזמי","71489","שנת לידה","אין בשום מקור","","14/15","-","14/15","-","","","","","","",""
"הפועלdle","שון גולדברג","58440","עונות","סתירה","ויקיפדיה מוסיפה 15/16 · המאגר מוסיף 14/15","14/15","15/16","14/15","-","DF","DF","","1995","1995","",""
"הפועלdle","אלון תורג'מן","3916","עונות","סתירה","ויקיפדיה מוסיפה 16/17 · המאגר מוסיף 15/16","15/16","16/17","15/16","15/16","FW","FW","FW","1991","1991","1991",""
"הפועלdle","ארון שוינפלד","176219","עונות","סתירה","ויקיפדיה מוסיפה 16/17 · המאגר מוסיף 15/16","15/16","16/17","15/16","-","FW","FW","","1990","1990","",""
"הפועלdle","גיא אסולין","27645","עונות","סתירה","ויקיפדיה מוסיפה 16/17 · המאגר מוסיף 15/16","15/16","16/17","15/16","15/16","FW","MF","FW","1991","1991","1991",""
"הפועלdle","גיא אסולין","27645","עמדה","סתירה","מאגר: FW · ויקיפדיה: MF · worldfootball: FW","15/16","16/17","15/16","15/16","FW","MF","FW","1991","1991","1991",""
"הפועלdle","חמזה בארי","165963","עונות","סתירה","ויקיפדיה מוסיפה 16/17 · המאגר מוסיף 15/16","15/16","16/17","15/16","15/16","MF","MF","MF","1994","1994","1994",""
"הפועלdle","יאיר שפונגין","61047","עמדה","אין בשום מקור","","15/16","-","15/16","-","","","","","","",""
"הפועלdle","יאיר שפונגין","61047","שנת לידה","אין בשום מקור","","15/16","-","15/16","-","","","","","","",""
"הפועלdle","לוטם זינו","39166","עונות","סתירה","ויקיפדיה מוסיפה 16/17 · המאגר מוסיף 15/16","15/16","16/17","15/16","15/16","MF","MF","MF","1992","1992","1992",""
"הפועלdle","נמניה ניקוליץ'","176417","עונות","סתירה","ויקיפדיה מוסיפה 16/17 · המאגר מוסיף 15/16","15/16","16/17","15/16","-","MF","MF","","1988","1988","",""
"הפועלdle","סראג נסאר","34848","עמדה","אין בשום מקור","","15/16","-","15/16","-","","","","","","",""
"הפועלdle","סראג נסאר","34848","שנת לידה","אין בשום מקור","","15/16","-","15/16","-","","","","","","",""
"הפועלdle","עומרי אלטמן","49729","עונות","המאגר קצר מדי","חסרות 24/25","15/16-16/17, 19/20-20/21, 23/24, 25/26","15/16-16/17, 19/20-20/21, 23/24-25/26","15/16-16/17, 19/20-20/21, 23/24, 25/26","15/16-16/17, 19/20-20/21, 23/24, 25/26","FW","MF","FW","1994","1994","1994","""49729"": { ""spells"": [[2016,2017],[2020,2021],[2024,2026]] }"
"הפועלdle","עומרי אלטמן","49729","עמדה","סתירה","מאגר: FW · ויקיפדיה: MF · worldfootball: FW","15/16-16/17, 19/20-20/21, 23/24, 25/26","15/16-16/17, 19/20-20/21, 23/24-25/26","15/16-16/17, 19/20-20/21, 23/24, 25/26","15/16-16/17, 19/20-20/21, 23/24, 25/26","FW","MF","FW","1994","1994","1994",""
"הפועלdle","פרחאת עבדי","73209","עמדה","אין בשום מקור","","15/16, 18/19-19/20","-","15/16, 18/19-19/20","-","","","","","","",""
"הפועלdle","פרחאת עבדי","73209","שנת לידה","אין בשום מקור","","15/16, 18/19-19/20","-","15/16, 18/19-19/20","-","","","","","","",""
"הפועלdle","צליל חתוכה","23351","עמדה","אין בשום מקור","","15/16-16/17","-","15/16-16/17","-","","","","","","",""
"הפועלdle","צליל חתוכה","23351","שנת לידה","אין בשום מקור","","15/16-16/17","-","15/16-16/17","-","","","","","","",""
"הפועלdle","קאווה ססיליו דה סילבה","176381","עונות","סתירה","ויקיפדיה מוסיפה 16/17 · המאגר מוסיף 15/16","15/16","16/17","15/16","-","MF","MF","","1989","1989","",""
"הפועלdle","רוי מליקה","57752","עמדה","אין בשום מקור","","15/16","-","15/16","-","","","","","","",""
"הפועלdle","רוי מליקה","57752","שנת לידה","אין בשום מקור","","15/16","-","15/16","-","","","","","","",""
"הפועלdle","שמואל שיימן","135072","עונות","המאגר קצר מדי","חסרות 16/17","15/16","15/16-16/17","15/16","15/16","DF","DF","DF","1987","1987","1987","""135072"": { ""spells"": [[2016,2017]] }"
"הפועלdle","אברהים ספורי","76795","עמדה","אין בשום מקור","","16/17","-","16/17","-","","","","","","",""
"הפועלdle","אברהים ספורי","76795","שנת לידה","אין בשום מקור","","16/17","-","16/17","-","","","","","","",""
"הפועלdle","אור אוסטוינד","21442","עונות","המאגר ארוך מדי","ויקיפדיה לא מכירה 16/17 — ייתכן שאלה עונות השאלה","16/17-17/18","17/18","16/17-17/18","-","MF","MF","","1987","1987","",""
"הפועלdle","אזקיאל נדואסל","","עונות","סתירה","ויקיפדיה מוסיפה 17/18 · המאגר מוסיף 16/17","16/17","17/18","-","-","FW","FW","","1988","1988","",""
"הפועלdle","אייל משומר","19048","עונות","סתירה","ויקיפדיה מוסיפה 17/18 · המאגר מוסיף 16/17","16/17","17/18","16/17","16/17","DF","DF","DF","1983","1983","1983",""
"הפועלdle","איציק שולמייסטר","89082","עונות","סתירה","ויקיפדיה מוסיפה 17/18 · המאגר מוסיף 16/17","16/17","17/18","16/17","-","DF","DF","","1997","1997","",""
"הפועלdle","ג'וזף גנדה","72027","עונות","המאגר ארוך מדי","ויקיפדיה לא מכירה 16/17 — ייתכן שאלה עונות השאלה","16/17-18/19","17/18-18/19","16/17-18/19","16/17-18/19","FW","MF","FW","1997","1997","1997",""
"הפועלdle","ג'וזף גנדה","72027","עמדה","סתירה","מאגר: FW · ויקיפדיה: MF · worldfootball: FW","16/17-18/19","17/18-18/19","16/17-18/19","16/17-18/19","FW","MF","FW","1997","1997","1997",""
"הפועלdle","דוד אלון","72247","עמדה","אין בשום מקור","","16/17-17/18","-","16/17-17/18","-","","","","","","",""
"הפועלdle","דוד אלון","72247","שנת לידה","אין בשום מקור","","16/17-17/18","-","16/17-17/18","-","","","","","","",""
"הפועלdle","דסליי טגניה","84639","עמדה","אין בשום מקור","","16/17","-","16/17","-","","","","","","",""
"הפועלdle","דסליי טגניה","84639","שנת לידה","אין בשום מקור","","16/17","-","16/17","-","","","","","","",""
"הפועלdle","חסן אבו זייד","77839","עונות","סתירה","ויקיפדיה מוסיפה 17/18 · המאגר מוסיף 16/17","16/17","17/18","16/17","16/17","MF","MF","MF","1991","1991","1991",""
"הפועלdle","מוטי ברשצקי","57490","עונות","סתירה","ויקיפדיה מוסיפה 18/19 · המאגר מוסיף 16/17","16/17-17/18, 19/20","17/18-19/20","16/17-17/18, 19/20","16/17-17/18, 19/20","MF","MF","MF","1996","1996","1996",""
"הפועלdle","מייקל סיטון","177784","עונות","סתירה","ויקיפדיה מוסיפה 17/18 · המאגר מוסיף 16/17","16/17","17/18","16/17","-","FW","FW","","1996","1996","",""
"הפועלdle","סער בנבנישתי","39380","עונות","סתירה","ויקיפדיה מוסיפה 17/18 · המאגר מוסיף 16/17","16/17","17/18","16/17","-","MF","MF","","1991","1991","",""
"הפועלdle","עדן הרשקוביץ","69463","עמדה","אין בשום מקור","","16/17-17/18","-","16/17-17/18","-","","","","","","",""
"הפועלdle","עדן הרשקוביץ","69463","שנת לידה","אין בשום מקור","","16/17-17/18","-","16/17-17/18","-","","","","","","",""
"הפועלdle","עמית ביטון","74751","עונות","סתירה","ויקיפדיה מוסיפה 17/18 · המאגר מוסיף 16/17","16/17","17/18","16/17","16/17","DF","DF","DF","1996","1996","1996",""
"הפועלdle","עמנואל ציבויקה","188617","עמדה","אין בשום מקור","","16/17","-","16/17","-","","","","","","",""
"הפועלdle","עמנואל ציבויקה","188617","שנת לידה","אין בשום מקור","","16/17","-","16/17","-","","","","","","",""
"הפועלdle","רז שלמה","81874","עונות","המאגר ארוך מדי","ויקיפדיה לא מכירה 21/22 — ייתכן שאלה עונות השאלה","16/17-21/22","16/17-20/21","18/19-20/21","16/17-21/22","DF","DF","DF","1999","1999","1999",""
"הפועלdle","שחר הירש","36655","עונות","סתירה","ויקיפדיה מוסיפה 20/21 · המאגר מוסיף 16/17, 18/19","16/17-19/20","17/18, 19/20-20/21","16/17-19/20","16/17-19/20","FW","FW","FW","1993","1993","1993",""
"הפועלdle","שי אליאס","92982","עונות","סתירה","ויקיפדיה מוסיפה 19/20 · המאגר מוסיף 16/17-18/19","16/17-18/19, 20/21-21/22","19/20-21/22","18/19, 20/21-21/22","16/17-18/19, 20/21-21/22","MF","MF","MF","1999","1999","1999",""
"הפועלdle","אופיר טקיאר","76697","עמדה","אין בשום מקור","","17/18","-","17/18","-","","","","","","",""
"הפועלdle","אופיר טקיאר","76697","שנת לידה","אין בשום מקור","","17/18","-","17/18","-","","","","","","",""
"הפועלdle","אמיר עגאייב","22549","עמדה","אין בשום מקור","","17/18","-","17/18","-","","","","","","",""
"הפועלdle","אמיר עגאייב","22549","שנת לידה","אין בשום מקור","","17/18","-","17/18","-","","","","","","",""
"הפועלdle","בנימין טרידובסקי","100895","עמדה","אין בשום מקור","","17/18, 21/22","-","17/18, 21/22","-","","","","","","",""
"הפועלdle","בנימין טרידובסקי","100895","שנת לידה","אין בשום מקור","","17/18, 21/22","-","17/18, 21/22","-","","","","","","",""
"הפועלdle","דור חוגי","49847","עונות","סתירה","ויקיפדיה מוסיפה 18/19 · המאגר מוסיף 17/18","17/18","18/19","17/18","17/18","FW","FW","FW","1995","1995","1995",""
"הפועלdle","דניאל גרץ","35442","עמדה","אין בשום מקור","","17/18","-","17/18","-","","","","","","",""
"הפועלdle","דניאל גרץ","35442","שנת לידה","אין בשום מקור","","17/18","-","17/18","-","","","","","","",""
"הפועלdle","האבטאמו אמבה","125179","עמדה","אין בשום מקור","","17/18","-","17/18","-","","","","","","",""
"הפועלdle","האבטאמו אמבה","125179","שנת לידה","אין בשום מקור","","17/18","-","17/18","-","","","","","","",""
"הפועלdle","טל בניש","23663","עמדה","אין בשום מקור","","17/18","-","17/18","-","","","","","","",""
"הפועלdle","טל בניש","23663","שנת לידה","אין בשום מקור","","17/18","-","17/18","-","","","","","","",""
"הפועלdle","מוליק פגסל","189640","עמדה","אין בשום מקור","","17/18","-","17/18","-","","","","","","",""
"הפועלdle","מוליק פגסל","189640","שנת לידה","אין בשום מקור","","17/18","-","17/18","-","","","","","","",""
"הפועלdle","מור נעמן","83608","עמדה","אין בשום מקור","","17/18","-","17/18","-","","","","","","",""
"הפועלdle","מור נעמן","83608","שנת לידה","אין בשום מקור","","17/18","-","17/18","-","","","","","","",""
"הפועלdle","מרווין פירסמן","","עונות","המאגר ארוך מדי","ויקיפדיה לא מכירה 17/18 — ייתכן שאלה עונות השאלה","17/18-19/20","18/19-19/20","-","-","DF","DF","","1991","1991","",""
"הפועלdle","מרווין פרינס","201009","עמדה","אין בשום מקור","","17/18-19/20","-","17/18-19/20","-","","","","","","",""
"הפועלdle","מרווין פרינס","201009","שנת לידה","אין בשום מקור","","17/18-19/20","-","17/18-19/20","-","","","","","","",""
"הפועלdle","עידן כהן","76208","עונות","המאגר קצר מדי","חסרות 15/16-16/17","17/18-19/20","15/16-19/20","17/18-19/20","17/18-18/19","DF","DF","DF","1996","1996","1996","""76208"": { ""spells"": [[2016,2020]] }"
"הפועלdle","עמית מלכה","74980","עמדה","אין בשום מקור","","17/18","-","17/18","-","","","","","","",""
"הפועלdle","עמית מלכה","74980","שנת לידה","אין בשום מקור","","17/18","-","17/18","-","","","","","","",""
"הפועלdle","פייסל מוליץ'","","עונות","המאגר ארוך מדי","ויקיפדיה לא מכירה 17/18 — ייתכן שאלה עונות השאלה","17/18-18/19","18/19","-","-","FW","FW","","1994","1994","",""
"הפועלdle","רז נחמיאס","58499","עונות","המאגר קצר מדי","חסרות 14/15-16/17, 18/19","17/18","14/15-18/19","17/18","-","DF","DF","","1996","1996","","""58499"": { ""spells"": [[2015,2019]] }"
"הפועלdle","אושר דוידה","105732","עונות","המאגר ארוך מדי","ויקיפדיה לא מכירה 18/19 — ייתכן שאלה עונות השאלה","18/19-21/22","19/20-21/22","20/21-21/22","18/19-21/22","FW","MF","FW","2001","2001","2001",""
"הפועלdle","אושר דוידה","105732","עמדה","סתירה","מאגר: FW · ויקיפדיה: MF · worldfootball: FW","18/19-21/22","19/20-21/22","20/21-21/22","18/19-21/22","FW","MF","FW","2001","2001","2001",""
"הפועלdle","אחמד עאבד","38802","עונות","המאגר קצר מדי","חסרות 19/20","18/19, 24/25","18/19-19/20, 24/25","18/19, 24/25","18/19, 24/25","FW","FW","FW","1990","1990","1990","""38802"": { ""spells"": [[2019,2020],[2025,2025]] }"
"הפועלdle","אפק בלס","92610","עמדה","אין בשום מקור","","18/19, 20/21","-","18/19, 20/21","-","","","","","","",""
"הפועלdle","אפק בלס","92610","שנת לידה","אין בשום מקור","","18/19, 20/21","-","18/19, 20/21","-","","","","","","",""
"הפועלdle","דניאל קוניצקי","110867","עמדה","אין בשום מקור","","18/19","-","18/19","-","","","","","","",""
"הפועלdle","דניאל קוניצקי","110867","שנת לידה","אין בשום מקור","","18/19","-","18/19","-","","","","","","",""
"הפועלdle","מועין חלבי","102125","עמדה","אין בשום מקור","","18/19-19/20","-","18/19-19/20","-","","","","","","",""
"הפועלdle","מועין חלבי","102125","שנת לידה","אין בשום מקור","","18/19-19/20","-","18/19-19/20","-","","","","","","",""
"הפועלdle","נריגוס ולסקיס","188382","עמדה","אין בשום מקור","","18/19","-","18/19","-","","","","","","",""
"הפועלdle","נריגוס ולסקיס","188382","שנת לידה","אין בשום מקור","","18/19","-","18/19","-","","","","","","",""
"הפועלdle","נריוס ואלסקיס","","עונות","סתירה","ויקיפדיה מוסיפה 19/20 · המאגר מוסיף 18/19","18/19","19/20","-","-","FW","FW","","1987","1987","",""
"הפועלdle","עלי אל עברה","103145","עמדה","אין בשום מקור","","18/19","-","18/19","-","","","","","","",""
"הפועלdle","עלי אל עברה","103145","שנת לידה","אין בשום מקור","","18/19","-","18/19","-","","","","","","",""
"הפועלdle","עמנואל בואטנג","319808","עונות","המאגר ארוך מדי","ויקיפדיה לא מכירה 25/26 — ייתכן שאלה עונות השאלה","18/19-20/21, 25/26","18/19-20/21","25/26","-","MF","","","1997","","",""
"הפועלdle","עמנואל בואטנג","319808","זהות","שני ערכים באותו שם","בוויקיפדיה יש יותר מערך אחד בשם הזה — אין תיקון אוטומטי","18/19-20/21, 25/26","18/19-20/21","25/26","-","MF","","","1997","","",""
"הפועלdle","קלאודמיר דה סילבה","155344","עמדה","אין בשום מקור","","18/19","-","18/19","-","","","","","","",""
"הפועלdle","קלאודמיר דה סילבה","155344","שנת לידה","אין בשום מקור","","18/19","-","18/19","-","","","","","","",""
"הפועלdle","רועי זיקרי","8584","עונות","המאגר קצר מדי","חסרות 19/20","18/19, 20/21","18/19-20/21","18/19, 20/21","-","FW","","","1992","","","""8584"": { ""spells"": [[2019,2021]] }"
"הפועלdle","רועי זיקרי","8584","זהות","שני ערכים באותו שם","בוויקיפדיה יש יותר מערך אחד בשם הזה — אין תיקון אוטומטי","18/19, 20/21","18/19-20/21","18/19, 20/21","-","FW","","","1992","","",""
"הפועלdle","שי אייזן","107221","עונות","המאגר ארוך מדי","ויקיפדיה לא מכירה 18/19 — ייתכן שאלה עונות השאלה","18/19-21/22","19/20-21/22","19/20-21/22","-","MF","MF","","2000","2000","",""
"הפועלdle","איליי טמם","","עונות","סתירה","ויקיפדיה מוסיפה 20/21-21/22 · המאגר מוסיף 19/20","19/20","20/21-21/22","-","-","MF","MF","","2001","2001","",""
"הפועלdle","דורון ליידנר","111677","עונות","המאגר ארוך מדי","ויקיפדיה לא מכירה 19/20 — ייתכן שאלה עונות השאלה","19/20-21/22, 25/26","20/21-21/22, 25/26","21/22, 25/26","19/20-21/22, 25/26","DF","DF","DF","2002","2002","2002",""
"הפועלdle","דני גרופר","87699","עונות","המאגר קצר מדי","חסרות 21/22","19/20-20/21","19/20-21/22","19/20-20/21","19/20-20/21","MF","DF","MF","1999","1999","1999","""87699"": { ""spells"": [[2020,2022]] }"
"הפועלdle","דני גרופר","87699","עמדה","סתירה","מאגר: MF · ויקיפדיה: DF · worldfootball: MF","19/20-20/21","19/20-21/22","19/20-20/21","19/20-20/21","MF","DF","MF","1999","1999","1999",""
"הפועלdle","יעקב בריהון","61093","עונות","המאגר ארוך מדי","ויקיפדיה לא מכירה 19/20-20/21 — ייתכן שאלה עונות השאלה","19/20-20/21, 24/25","24/25","24/25","19/20-20/21, 24/25","FW","MF","FW","1993","1993","1993",""
"הפועלdle","יעקב בריהון","61093","עמדה","סתירה","מאגר: FW · ויקיפדיה: MF · worldfootball: FW","19/20-20/21, 24/25","24/25","24/25","19/20-20/21, 24/25","FW","MF","FW","1993","1993","1993",""
"הפועלdle","מאור בוזגלו","17719","עונות","המאגר ארוך מדי","ויקיפדיה לא מכירה 20/21 — ייתכן שאלה עונות השאלה","19/20-20/21","19/20","19/20","19/20-20/21","FW","MF","FW","1988","1988","1988",""
"הפועלdle","מאור בוזגלו","17719","עמדה","סתירה","מאגר: FW · ויקיפדיה: MF · worldfootball: FW","19/20-20/21","19/20","19/20","19/20-20/21","FW","MF","FW","1988","1988","1988",""
"הפועלdle","מייקל אולהה","224056","עונות","המאגר קצר מדי","חסרות 20/21","19/20","19/20-20/21","19/20","19/20","FW","FW","FW","1997","1997","1996","""224056"": { ""spells"": [[2020,2021]] }"
"הפועלdle","מייקל אולהה","224056","שנת לידה","סתירה","מאגר: 1997 · ויקיפדיה: 1997 · worldfootball: 1996","19/20","19/20-20/21","19/20","19/20","FW","FW","FW","1997","1997","1996",""
"הפועלdle","עלי כנאנה","73727","עמדה","אין בשום מקור","","19/20","-","19/20","-","","","","","","",""
"הפועלdle","עלי כנאנה","73727","שנת לידה","אין בשום מקור","","19/20","-","19/20","-","","","","","","",""
"הפועלdle","עמית מאיר","","עונות","סתירה","ויקיפדיה מוסיפה 20/21 · המאגר מוסיף 19/20","19/20","20/21","-","-","MF","MF","","2001","2001","",""
"הפועלdle","פיליפ רודריגז","224362","עמדה","אין בשום מקור","","19/20","-","19/20","-","","","","","","",""
"הפועלdle","פיליפ רודריגז","224362","שנת לידה","אין בשום מקור","","19/20","-","19/20","-","","","","","","",""
"הפועלdle","פיני גראפי","38799","עמדה","אין בשום מקור","","19/20","-","19/20","-","","","","","","",""
"הפועלdle","פיני גראפי","38799","שנת לידה","אין בשום מקור","","19/20","-","19/20","-","","","","","","",""
"הפועלdle","רוי קורין","126128","עונות","המאגר ארוך מדי","ויקיפדיה לא מכירה 19/20-20/21, 22/23 — ייתכן שאלה עונות השאלה","19/20-20/21, 22/23, 24/25-25/26","24/25-25/26","24/25-25/26","19/20-20/21, 22/23, 24/25","GK","FW","GK","2002","2002","2002",""
"הפועלdle","רוי קורין","126128","עמדה","סתירה","מאגר: GK · ויקיפדיה: FW · worldfootball: GK","19/20-20/21, 22/23, 24/25-25/26","24/25-25/26","24/25-25/26","19/20-20/21, 22/23, 24/25","GK","FW","GK","2002","2002","2002",""
"הפועלdle","אופק ביטון","92565","עונות","סתירה","ויקיפדיה מוסיפה 21/22 · המאגר מוסיף 20/21","20/21","21/22","20/21","20/21","MF","MF","MF","1999","1999","1999",""
"הפועלdle","אל ים קנצפולסקי","124778","עונות","המאגר ארוך מדי","ויקיפדיה לא מכירה 20/21 — ייתכן שאלה עונות השאלה","20/21-25/26","21/22-25/26","22/23-25/26","20/21-25/26","MF","MF","MF","2003","2003","2003",""
"הפועלdle","ארנסטאס סטקוס","189785","עמדה","אין בשום מקור","","20/21-21/22","-","20/21-21/22","-","","","","","","",""
"הפועלdle","ארנסטאס סטקוס","189785","שנת לידה","אין בשום מקור","","20/21-21/22","-","20/21-21/22","-","","","","","","",""
"הפועלdle","בן ביטון","16607","עונות","סתירה","ויקיפדיה מוסיפה 10/11-12/13 · המאגר מוסיף 20/21","20/21-22/23","10/11-12/13, 21/22-22/23","20/21-22/23","20/21-22/23","DF","DF","DF","1991","1991","1991",""
"הפועלdle","דן איינבינדר","28623","עונות","המאגר ארוך מדי","ויקיפדיה לא מכירה 20/21 — ייתכן שאלה עונות השאלה","20/21-23/24","21/22-23/24","20/21-23/24","20/21-23/24","MF","MF","MF","1989","1989","1989",""
"הפועלdle","יגאל בקר","111072","עמדה","אין בשום מקור","","20/21-21/22","-","20/21-21/22","-","","","","","","",""
"הפועלdle","יגאל בקר","111072","שנת לידה","אין בשום מקור","","20/21-21/22","-","20/21-21/22","-","","","","","","",""
"הפועלdle","לי און מזרחי","110513","עונות","המאגר ארוך מדי","ויקיפדיה לא מכירה 20/21 — ייתכן שאלה עונות השאלה","20/21-21/22","21/22","21/22","20/21-21/22","MF","DF","MF","2002","2002","2002",""
"הפועלdle","לי און מזרחי","110513","עמדה","סתירה","מאגר: MF · ויקיפדיה: DF · worldfootball: MF","20/21-21/22","21/22","21/22","20/21-21/22","MF","DF","MF","2002","2002","2002",""
"הפועלdle","ניב סרדל","35655","עמדה","אין בשום מקור","","20/21","-","20/21","-","","","","","","",""
"הפועלdle","ניב סרדל","35655","שנת לידה","אין בשום מקור","","20/21","-","20/21","-","","","","","","",""
"הפועלdle","סיאנדה קולו","225493","עונות","המאגר קצר מדי","חסרות 21/22","20/21","20/21-21/22","20/21","20/21","DF","DF","DF","1991","1991","1991","""225493"": { ""spells"": [[2021,2022]] }"
"הפועלdle","סתיו למקין","132052","עונות","המאגר ארוך מדי","ויקיפדיה לא מכירה 20/21-21/22 — ייתכן שאלה עונות השאלה","20/21-22/23","22/23","22/23","20/21-22/23","DF","DF","DF","2003","2003","2003",""
"הפועלdle","עומר סניור","132037","עמדה","סתירה","מאגר: FW · ויקיפדיה: MF · worldfootball: FW","20/21-23/24","20/21-23/24","22/23-23/24","20/21-23/24","FW","MF","FW","2003","2003","2003",""
"הפועלdle","רוי ברנס","117394","עמדה","אין בשום מקור","","20/21-21/22, 23/24","-","20/21-21/22, 23/24","-","","","","","","",""
"הפועלdle","רוי ברנס","117394","שנת לידה","אין בשום מקור","","20/21-21/22, 23/24","-","20/21-21/22, 23/24","-","","","","","","",""
"הפועלdle","אחמד מצרי","130668","עמדה","אין בשום מקור","","21/22","-","21/22","-","","","","","","",""
"הפועלdle","אחמד מצרי","130668","שנת לידה","אין בשום מקור","","21/22","-","21/22","-","","","","","","",""
"הפועלdle","אלון אזוגי","94906","עונות","המאגר קצר מדי","חסרות 22/23-23/24","21/22","21/22-23/24","21/22","-","DF","DF","","1999","1999","","""94906"": { ""spells"": [[2022,2024]] }"
"הפועלdle","אנג פלימיין","201745","עמדה","אין בשום מקור","","21/22","-","21/22","-","","","","","","",""
"הפועלdle","אנג פלימיין","201745","שנת לידה","אין בשום מקור","","21/22","-","21/22","-","","","","","","",""
"הפועלdle","אנז'-פרדי פלומה","","עונות","סתירה","ויקיפדיה מוסיפה 22/23 · המאגר מוסיף 21/22","21/22","22/23","-","-","FW","FW","","1995","1995","",""
"הפועלdle","בוגדאן סרנבסקי","247918","עמדה","אין בשום מקור","","21/22","-","21/22","-","","","","","","",""
"הפועלdle","בוגדאן סרנבסקי","247918","שנת לידה","אין בשום מקור","","21/22","-","21/22","-","","","","","","",""
"הפועלdle","טום מרדכי","103834","עמדה","אין בשום מקור","","21/22","-","21/22","-","","","","","","",""
"הפועלdle","טום מרדכי","103834","שנת לידה","אין בשום מקור","","21/22","-","21/22","-","","","","","","",""
"הפועלdle","יואב ליברוס","128092","עמדה","אין בשום מקור","","21/22","-","21/22","-","","","","","","",""
"הפועלdle","יואב ליברוס","128092","שנת לידה","אין בשום מקור","","21/22","-","21/22","-","","","","","","",""
"הפועלdle","מרקו ינקוביץ","233346","עמדה","אין בשום מקור","","21/22","-","21/22","-","","","","","","",""
"הפועלdle","מרקו ינקוביץ","233346","שנת לידה","אין בשום מקור","","21/22","-","21/22","-","","","","","","",""
"הפועלdle","עידן ורד","709","עונות","המאגר קצר מדי","חסרות 22/23","21/22","21/22-22/23","21/22","21/22","FW","MF","FW","1989","1989","1989","""709"": { ""spells"": [[2022,2023]] }"
"הפועלdle","עידן ורד","709","עמדה","סתירה","מאגר: FW · ויקיפדיה: MF · worldfootball: FW","21/22","21/22-22/23","21/22","21/22","FW","MF","FW","1989","1989","1989",""
"הפועלdle","רז טויזר","109879","עמדה","אין בשום מקור","","21/22-22/23","-","21/22-22/23","-","","","","","","",""
"הפועלdle","רז טויזר","109879","שנת לידה","אין בשום מקור","","21/22-22/23","-","21/22-22/23","-","","","","","","",""
"הפועלdle","שלומי אזולאי","15560","זהות","שני ערכים באותו שם","בוויקיפדיה יש יותר מערך אחד בשם הזה — אין תיקון אוטומטי","21/22-22/23","-","21/22-22/23","-","","","","","","",""
"הפועלdle","שלומי אזולאי","15560","עמדה","אין בשום מקור","","21/22-22/23","-","21/22-22/23","-","","","","","","",""
"הפועלdle","שלומי אזולאי","15560","שנת לידה","אין בשום מקור","","21/22-22/23","-","21/22-22/23","-","","","","","","",""
"הפועלdle","אלכסנדר בולייביץ'","264309","עונות","סתירה","ויקיפדיה מוסיפה 23/24 · המאגר מוסיף 22/23","22/23","23/24","22/23","22/23","FW","MF","FW","1995","1995","1995",""
"הפועלdle","אלכסנדר בולייביץ'","264309","עמדה","סתירה","מאגר: FW · ויקיפדיה: MF · worldfootball: FW","22/23","23/24","22/23","22/23","FW","MF","FW","1995","1995","1995",""
"הפועלdle","אמיליוס זובאס","178129","עונות","המאגר ארוך מדי","ויקיפדיה לא מכירה 22/23 — ייתכן שאלה עונות השאלה","22/23-23/24","23/24","22/23-23/24","22/23-23/24","GK","GK","GK","1990","1990","1990",""
"הפועלdle","אנטואן קונט","188686","זהות","שני ערכים באותו שם","בוויקיפדיה יש יותר מערך אחד בשם הזה — אין תיקון אוטומטי","22/23","22/23","22/23","-","DF","","","1994","","",""
"הפועלdle","אריאל כהן","132280","עמדה","אין בשום מקור","","22/23, 24/25","-","22/23, 24/25","-","","","","","","",""
"הפועלdle","אריאל כהן","132280","שנת לידה","אין בשום מקור","","22/23, 24/25","-","22/23, 24/25","-","","","","","","",""
"הפועלdle","דוד קלטינס","58550","עמדה","סתירה","מאגר: MF · ויקיפדיה: DF · worldfootball: MF","22/23","22/23","22/23","22/23","MF","DF","MF","1995","1995","1995",""
"הפועלdle","הרוויה איליץ","264436","עמדה","אין בשום מקור","","22/23","-","22/23","-","","","","","","",""
"הפועלdle","הרוויה איליץ","264436","שנת לידה","אין בשום מקור","","22/23","-","22/23","-","","","","","","",""
"הפועלdle","חוטפריט רומראטו","248733","זהות","שני ערכים באותו שם","בוויקיפדיה יש יותר מערך אחד בשם הזה — אין תיקון אוטומטי","22/23","22/23","22/23","-","MF","","","1999","","",""
"הפועלdle","טל ארצל","131593","עמדה","אין בשום מקור","","22/23-23/24, 25/26","-","22/23-23/24, 25/26","-","","","","","","",""
"הפועלdle","טל ארצל","131593","שנת לידה","אין בשום מקור","","22/23-23/24, 25/26","-","22/23-23/24, 25/26","-","","","","","","",""
"הפועלdle","יהב גורפינקל","103100","עונות","המאגר קצר מדי","חסרות 23/24","22/23","22/23-23/24","22/23","22/23","DF","DF","DF","1998","1998","1998","""103100"": { ""spells"": [[2023,2024]] }"
"הפועלdle","ליאור גליקליך","131678","עונות","סתירה","ויקיפדיה מוסיפה 23/24-24/25 · המאגר מוסיף 22/23","22/23","23/24-24/25","22/23","-","GK","GK","","2003","2003","",""
"הפועלdle","סבסטיאן לאנוס","153922","עמדה","אין בשום מקור","","22/23","-","22/23","-","","","","","","",""
"הפועלdle","סבסטיאן לאנוס","153922","שנת לידה","אין בשום מקור","","22/23","-","22/23","-","","","","","","",""
"הפועלdle","עידו שרון","126159","עמדה","אין בשום מקור","","22/23, 24/25","-","22/23, 24/25","-","","","","","","",""
"הפועלdle","עידו שרון","126159","שנת לידה","אין בשום מקור","","22/23, 24/25","-","22/23, 24/25","-","","","","","","",""
"הפועלdle","רווה אסייג","106698","עמדה","אין בשום מקור","","22/23","-","22/23","-","","","","","","",""
"הפועלdle","רווה אסייג","106698","שנת לידה","אין בשום מקור","","22/23","-","22/23","-","","","","","","",""
"הפועלdle","איהאב גנאים","106184","עונות","סתירה","ויקיפדיה מוסיפה 24/25 · המאגר מוסיף 23/24","23/24","24/25","23/24","-","MF","MF","","1996","1996","",""
"הפועלdle","אליאן רוחנא","75373","עמדה","אין בשום מקור","","23/24","-","23/24","-","","","","","","",""
"הפועלdle","אליאן רוחנא","75373","שנת לידה","אין בשום מקור","","23/24","-","23/24","-","","","","","","",""
"הפועלdle","בובאקר טאמבדו","283325","עונות","סתירה","ויקיפדיה מוסיפה 24/25 · המאגר מוסיף 23/24","23/24","24/25","23/24","-","FW","FW","","2002","2002","",""
"הפועלdle","דוד קופרמן","248428","עונות","המאגר ארוך מדי","ויקיפדיה לא מכירה 23/24 — ייתכן שאלה עונות השאלה","23/24-24/25","24/25","23/24-24/25","-","DF","DF","","1996","1996","",""
"הפועלdle","זיו מורגן","94625","עונות","המאגר ארוך מדי","ויקיפדיה לא מכירה 23/24 — ייתכן שאלה עונות השאלה","23/24-25/26","24/25-25/26","23/24-25/26","23/24-25/26","DF","DF","DF","2000","2000","2000",""
"הפועלdle","ליאו בנבניסטי","143738","עמדה","אין בשום מקור","","23/24","-","23/24","-","","","","","","",""
"הפועלdle","ליאו בנבניסטי","143738","שנת לידה","אין בשום מקור","","23/24","-","23/24","-","","","","","","",""
"הפועלdle","ליעד רמות","179535","עמדה","אין בשום מקור","","23/24","-","23/24","-","","","","","","",""
"הפועלdle","ליעד רמות","179535","שנת לידה","אין בשום מקור","","23/24","-","23/24","-","","","","","","",""
"הפועלdle","מאויס דפונו","155286","עמדה","אין בשום מקור","","23/24","-","23/24","-","","","","","","",""
"הפועלdle","מאויס דפונו","155286","שנת לידה","אין בשום מקור","","23/24","-","23/24","-","","","","","","",""
"הפועלdle","מתיו פרנק","266049","עמדה","אין בשום מקור","","23/24","-","23/24","-","","","","","","",""
"הפועלdle","מתיו פרנק","266049","שנת לידה","אין בשום מקור","","23/24","-","23/24","-","","","","","","",""
"הפועלdle","סתיו טוריאל","109403","עונות","המאגר ארוך מדי","ויקיפדיה לא מכירה 23/24 — ייתכן שאלה עונות השאלה","23/24-25/26","24/25-25/26","23/24-25/26","23/24-25/26","FW","FW","FW","2001","2001","2001",""
"הפועלdle","רז מאיר","79298","עונות","סתירה","ויקיפדיה מוסיפה 24/25 · המאגר מוסיף 23/24","23/24","24/25","23/24","23/24","DF","DF","DF","1996","1996","1996",""
"הפועלdle","שגיא גניס","169007","עמדה","אין בשום מקור","","23/24","-","23/24","-","","","","","","",""
"הפועלdle","שגיא גניס","169007","שנת לידה","אין בשום מקור","","23/24","-","23/24","-","","","","","","",""
"הפועלdle","אבי תורגמן","164976","עמדה","אין בשום מקור","","24/25","-","24/25","-","","","","","","",""
"הפועלdle","אבי תורגמן","164976","שנת לידה","אין בשום מקור","","24/25","-","24/25","-","","","","","","",""
"הפועלdle","איתמר שבירו","116054","עונות","סתירה","ויקיפדיה מוסיפה 25/26 · המאגר מוסיף 24/25","24/25","25/26","24/25","24/25","FW","FW","FW","1998","1998","1998",""
"הפועלdle","גוני נאור","97295","עמדה","סתירה","מאגר: MF · ויקיפדיה: DF · worldfootball: MF","24/25","24/25","24/25","24/25","MF","DF","MF","1999","1999","1999",""
"הפועלdle","גיא מיכאלי","282481","עמדה","אין בשום מקור","","24/25","-","24/25","-","","","","","","",""
"הפועלdle","גיא מיכאלי","282481","שנת לידה","אין בשום מקור","","24/25","-","24/25","-","","","","","","",""
"הפועלdle","דור בנימיני","156051","עמדה","אין בשום מקור","","24/25-25/26","-","24/25-25/26","-","","","","","","",""
"הפועלdle","דור בנימיני","156051","שנת לידה","אין בשום מקור","","24/25-25/26","-","24/25-25/26","-","","","","","","",""
"הפועלdle","הנריקה גוקו","301797","עמדה","אין בשום מקור","","24/25","-","24/25","-","","","","","","",""
"הפועלdle","הנריקה גוקו","301797","שנת לידה","אין בשום מקור","","24/25","-","24/25","-","","","","","","",""
"הפועלdle","יובל כהן","148367","עמדה","אין בשום מקור","","24/25","-","24/25","-","","","","","","",""
"הפועלdle","יובל כהן","148367","שנת לידה","אין בשום מקור","","24/25","-","24/25","-","","","","","","",""
"הפועלdle","לירן רוטמן","64761","עונות","המאגר קצר מדי","חסרות 25/26","24/25","24/25-25/26","24/25","24/25","FW","MF","FW","1996","1996","1996","""64761"": { ""spells"": [[2025,2026]] }"
"הפועלdle","לירן רוטמן","64761","עמדה","סתירה","מאגר: FW · ויקיפדיה: MF · worldfootball: FW","24/25","24/25-25/26","24/25","24/25","FW","MF","FW","1996","1996","1996",""
"הפועלdle","עמית למקין","156061","עמדה","אין בשום מקור","","24/25-25/26","-","24/25-25/26","-","","","","","","",""
"הפועלdle","עמית למקין","156061","שנת לידה","אין בשום מקור","","24/25-25/26","-","24/25-25/26","-","","","","","","",""
"הפועלdle","רועי אלקוקין","148927","עונות","המאגר קצר מדי","חסרות 23/24","24/25-25/26","23/24-25/26","24/25-25/26","-","","","","2004","2004","","""148927"": { ""spells"": [[2024,2026]] }"
"הפועלdle","רועי אלקוקין","148927","עמדה","אין בשום מקור","","24/25-25/26","23/24-25/26","24/25-25/26","-","","","","2004","2004","",""
"הפועלdle","רועי לוי","162788","עמדה","אין בשום מקור","","24/25","-","24/25","-","","","","","","",""
"הפועלdle","רועי לוי","162788","שנת לידה","אין בשום מקור","","24/25","-","24/25","-","","","","","","",""
"הפועלdle","רותם חטואל","99604","עונות","סתירה","ויקיפדיה מוסיפה 25/26 · המאגר מוסיף 24/25","24/25","25/26","24/25","24/25","FW","FW","FW","1998","1998","1998",""
"הפועלdle","שחר פיבן","56756","עונות","המאגר ארוך מדי","ויקיפדיה לא מכירה 24/25 — ייתכן שאלה עונות השאלה","24/25-25/26","25/26","24/25-25/26","24/25-25/26","DF","DF","DF","1995","1995","1995",""
"הפועלdle","אנס מחאמיד","109439","עונות","המאגר קצר מדי","חסרות 15/16-16/17","25/26","15/16-16/17, 25/26","25/26","-","FW","FW","","1998","1998","","""109439"": { ""spells"": [[2016,2017],[2026,2026]] }"
"הפועלdle","גד עמוס","9592","עונות","סתירה","ויקיפדיה מוסיפה 26/27 · המאגר מוסיף 25/26","25/26","26/27","25/26","25/26","GK","GK","GK","1988","1988","1988",""
"הפועלdle","גיאורגי קופרבה","161288","עמדה","אין בשום מקור","","25/26","-","25/26","-","","","","","","",""
"הפועלdle","גיאורגי קופרבה","161288","שנת לידה","אין בשום מקור","","25/26","-","25/26","-","","","","","","",""
"הפועלdle","ירין שיוביץ","194279","עמדה","אין בשום מקור","","25/26","-","25/26","-","","","","","","",""
"הפועלdle","ירין שיוביץ","194279","שנת לידה","אין בשום מקור","","25/26","-","25/26","-","","","","","","",""
"הפועלdle","לואיזוס לואיזו","309750","זהות","שני ערכים באותו שם","בוויקיפדיה יש יותר מערך אחד בשם הזה — אין תיקון אוטומטי","25/26","25/26","25/26","-","MF","","","2003","","",""
"הפועלdle","מורדכי בוסקילה","179526","עמדה","אין בשום מקור","","25/26","-","25/26","-","","","","","","",""
"הפועלdle","מורדכי בוסקילה","179526","שנת לידה","אין בשום מקור","","25/26","-","25/26","-","","","","","","",""
"הפועלdle","מרקוס קוקו","319406","עמדה","סתירה","מאגר: FW · ויקיפדיה: DF · worldfootball: FW","25/26","-","25/26","25/26","FW","DF","FW","1996","1996","1996",""
"הפועלdle","עופר גלברד","159714","עמדה","אין בשום מקור","","25/26","-","25/26","-","","","","","","",""
"הפועלdle","עופר גלברד","159714","שנת לידה","אין בשום מקור","","25/26","-","25/26","-","","","","","","",""
"הפועלdle","פרננד מאיימבו","266350","עמדה","אין בשום מקור","","25/26","-","25/26","-","","","","","","",""
"הפועלdle","פרננד מאיימבו","266350","שנת לידה","אין בשום מקור","","25/26","-","25/26","-","","","","","","",""
"הפועלdle","ציקו אלבס","303478","עמדה","אין בשום מקור","","25/26","-","25/26","-","","","","","","",""
"הפועלdle","ציקו אלבס","303478","שנת לידה","אין בשום מקור","","25/26","-","25/26","-","","","","","","",""
"הפועלdle","שאנדה סילבה","304418","עמדה","סתירה","מאגר: FW · ויקיפדיה: MF · worldfootball: FW","25/26","25/26","25/26","25/26","FW","MF","FW","1997","1997","1997",""
"הפועלdle","שגיא פנחס","121362","עמדה","אין בשום מקור","","25/26","-","25/26","-","","","","","","",""
"הפועלdle","שגיא פנחס","121362","שנת לידה","אין בשום מקור","","25/26","-","25/26","-","","","","","","",""
