"מועדון","שם","מפתח","רמה","סיכון","מקורות","כמה","עמדה","לאום","לידה","עונות","תקופה","תארים","בבריכה","חידה מספר","מועדונים בערך האנגלי"
"ביתרdle","חיים לוין","","מאושר","","worldfootball · קטגוריה · קריירה-עברית · קריירה-אנגלית · הגרסה שבייצור","4","GK","IL","1937","2","69/70-70/71","0","","",""
"ביתרdle","ארצי בן יעקב","","מאושר","","קטגוריה · קריירה-עברית · הגרסה שבייצור","2","FW","IL","1946","1","70/71","0","","",""
"ביתרdle","דני נוימן","","מאושר","","קטגוריה · קריירה-עברית · קריירה-אנגלית · הגרסה שבייצור · Transfermarkt","4","MF","IL","1955","11","71/72-79/80, 82/83-83/84","2","כן","1",""
"ביתרdle","יוסף סורינוב","","מאושר","","worldfootball · קטגוריה · קריירה-עברית · קריירה-אנגלית · הגרסה שבייצור","4","GK","IL","1946","4","71/72-74/75","0","כן","38",""
"ביתרdle","אורי מלמיליאן","","מאושר","","worldfootball · קטגוריה · קריירה-עברית · קריירה-אנגלית · הגרסה שבייצור · Transfermarkt","5","MF","IL","1957","17","73/74-89/90","6","כן","94",""
"ביתרdle","יוסי אברהמי","","מאושר","","קטגוריה · קריירה-עברית · הגרסה שבייצור","2","FW","IL","1957","10","74/75-83/84","2","כן","72",""
"ביתרdle","יוסי מזרחי","","מאושר","","worldfootball · קטגוריה · קריירה-עברית · קריירה-אנגלית · הגרסה שבייצור · Transfermarkt","5","GK","IL","1953","14","74/75-87/88","5","כן","35",""
"ביתרdle","דוד קרקו","","מאושר","","worldfootball · קטגוריה · קריירה-עברית · קריירה-אנגלית · הגרסה שבייצור","4","DF","IL","1945","1","75/76","1","","",""
"ביתרdle","אברהם לב","","מאושר","","קטגוריה · קריירה-עברית · הגרסה שבייצור","2","DF","IL","1948","1","76/77","0","","",""
"ביתרdle","שלמה כירת","","מאושר","","worldfootball (גשר תעתיק) · הגרסה שבייצור","2","DF","IL","1954","1","77/78","0","","",""
"ביתרdle","אבי כהן","","מאושר","","קטגוריה · קריירה-עברית · הגרסה שבייצור","2","DF","IL","1962","9","79/80-84/85, 86/87-88/89","3","כן","17",""
"ביתרdle","אלי אוחנה","","מאושר","","worldfootball · קטגוריה · קריירה-עברית · קריירה-אנגלית · הגרסה שבייצור · Transfermarkt","5","FW","IL","1964","15","80/81-86/87, 91/92-98/99","6","כן","85",""
"ביתרdle","יעקב שוורץ","","מאושר","","worldfootball (גשר תעתיק) · קטגוריה · קריירה-עברית · קריירה-אנגלית · הגרסה שבייצור","4","MF","IL","1964","11","83/84-93/94","5","כן","50",""
"ביתרdle","מאיר קדוש","","מאושר","","worldfootball · קטגוריה · קריירה-עברית · קריירה-אנגלית · הגרסה שבייצור · Transfermarkt","5","MF","IL","1965","11","84/85-94/95","5","כן","121",""
"ביתרdle","שלמה שירזי","","מאושר","","worldfootball · קטגוריה · קריירה-אנגלית · הגרסה שבייצור · Transfermarkt","5","DF","IL","1960","5","84/85-88/89","4","כן","20",""
"ביתרdle","אופיר שמואלי","","מאושר","","worldfootball (גשר תעתיק) · קטגוריה · קריירה-עברית · הגרסה שבייצור · Transfermarkt","4","DF","IL","1966","6","86/87-91/92","2","כן","23",""
"ביתרdle","יעקב בוזגלו","","מאושר","","worldfootball (גשר תעתיק) · קטגוריה · קריירה-עברית · קריירה-אנגלית · הגרסה שבייצור · Transfermarkt","5","FW","IL","1957","1","86/87","1","","",""
"ביתרdle","משה סלקטר","","מאושר","","worldfootball · קטגוריה · קריירה-עברית · קריירה-אנגלית · הגרסה שבייצור · Transfermarkt","5","MF","IL","1961","1","87/88","0","","",""
"ביתרdle","איתן מזרחי","28790","מאושר","","התאחדות · worldfootball (גשר תעתיק) · קטגוריה · קריירה-עברית · קריירה-אנגלית · הגרסה שבייצור · Transfermarkt","6","DF","IL","1972","15","88/89-02/03","4","כן","15",""
"ביתרdle","בוני גינצבורג","","מאושר","","worldfootball · קטגוריה · קריירה-עברית · קריירה-אנגלית · הגרסה שבייצור · Transfermarkt","5","GK","IL","1964","1","88/89","1","","",""
"ביתרdle","אטאנס פשב","","מקור יחיד","נמוך","הגרסה שבייצור","1","MF","BG","1963","1","89/90","0","","",""
"ביתרdle","גורם אדז'ואב","","מאושר","","worldfootball (גשר תעתיק) · הגרסה שבייצור · Transfermarkt","3","DF","GE","1961","1","89/90","0","","",""
"ביתרdle","שמואל לוי","28789","מאושר","","התאחדות · worldfootball (גשר תעתיק) · הגרסה שבייצור","3","DF","IL","1972","12","89/90-00/01","3","כן","49",""
"ביתרdle","יורי טרסוב","","מאושר","","worldfootball (גשר תעתיק) · הגרסה שבייצור · Transfermarkt","3","FW","UA","1960","1","90/91","0","","",""
"ביתרdle","ולדימיר גרצ'נב","","מאושר","","worldfootball (גשר תעתיק) · הגרסה שבייצור · Transfermarkt","3","MF","RU","1964","2","92/93-93/94","1","","",""
"ביתרdle","יעקב אסייג","","מאושר","","worldfootball (גשר תעתיק) · קטגוריה · קריירה-עברית · קריירה-אנגלית · הגרסה שבייצור · Transfermarkt","5","GK","IL","1959","2","92/93-93/94","1","","",""
"ביתרdle","סרגיי טרטיאק","","מאושר","","worldfootball · קטגוריה · קריירה-עברית · קריירה-אנגלית · הגרסה שבייצור · Transfermarkt","5","DF","UA","1963","8","92/93-99/00","3","כן","12",""
"ביתרdle","רונן חרזי","","מאושר","","worldfootball · קטגוריה · קריירה-עברית · קריירה-אנגלית · הגרסה שבייצור · Transfermarkt","5","FW","IL","1970","5","92/93-96/97","2","כן","11",""
"ביתרdle","אהוד כחילה","33040","מאושר","","התאחדות · worldfootball (גשר תעתיק) · קטגוריה · קריירה-עברית · קריירה-אנגלית · הגרסה שבייצור · Transfermarkt","6","DF","IL","1968","6","93/94-97/98, 02/03","2","כן","61",""
"ביתרdle","אולג קושלוק","","מאושר","","worldfootball (גשר תעתיק) · קטגוריה · קריירה-עברית · קריירה-אנגלית · הגרסה שבייצור","4","MF","UA","1969","1","93/94","0","","",""
"ביתרdle","אילן אלהרר","","מאושר","","worldfootball (גשר תעתיק) · קטגוריה · קריירה-עברית · הגרסה שבייצור · Transfermarkt","4","DF","IL","1970","3","93/94-95/96","0","כן","120",""
"ביתרdle","יהיב כרדי","","מאושר","","worldfootball (גשר תעתיק) · הגרסה שבייצור · Transfermarkt","3","DF","IL","","2","93/94-94/95","0","","",""
"ביתרdle","יובל מימון","","מאושר","","worldfootball (גשר תעתיק) · הגרסה שבייצור · Transfermarkt","3","DF","IL","","1","93/94","0","","",""
"ביתרdle","מאיר סלמי","","מאושר","","worldfootball (גשר תעתיק) · הגרסה שבייצור","2","MF","IL","","2","93/94-94/95","0","","",""
"ביתרdle","ניר לוין","","מאושר","","worldfootball (גשר תעתיק) · הגרסה שבייצור","2","FW","IL","1962","1","93/94","0","","",""
"ביתרdle","רונן שוויג","","מאושר","","worldfootball (גשר תעתיק) · קטגוריה · קריירה-עברית · הגרסה שבייצור · Transfermarkt","4","FW","IL","1969","2","93/94, 96/97","1","","",""
"ביתרdle","רענן דרעי","28780","מאושר","","התאחדות · worldfootball (גשר תעתיק) · קטגוריה · קריירה-עברית · הגרסה שבייצור · Transfermarkt","5","DF","IL","1976","13","93/94-05/06","2","כן","48",""
"ביתרdle","תומר אזולאי","","מאושר","","worldfootball (גשר תעתיק) · קטגוריה · קריירה-עברית · הגרסה שבייצור","3","DF","IL","1974","9","93/94-01/02","2","כן","101",""
"ביתרdle","א. ואזנה","","מקור יחיד","נמוך","הגרסה שבייצור","1","MF","IL","","1","94/95","0","","",""
"ביתרdle","אייל כהן","","מאושר","","worldfootball (גשר תעתיק) · הגרסה שבייצור","2","DF","IL","","1","94/95","0","","",""
"ביתרdle","אישטוון שאלוי","","מאושר","","worldfootball · קטגוריה · קריירה-עברית · קריירה-אנגלית · הגרסה שבייצור · Transfermarkt","5","MF","HU","1966","5","94/95-98/99","2","כן","37",""
"ביתרdle","אריק בנדו","","מאושר","","worldfootball · קטגוריה · קריירה-עברית · קריירה-אנגלית · הגרסה שבייצור · Transfermarkt","5","DF","IL","1973","6","94/95-95/96, 06/07-09/10","4","כן","64",""
"ביתרdle","דוד כסלסי","","מאושר","","worldfootball (גשר תעתיק) · הגרסה שבייצור · Transfermarkt","3","FW","IL","","1","94/95","0","","",""
"ביתרdle","דמיטרי גורמן","","מאושר","","worldfootball (גשר תעתיק) · הגרסה שבייצור","2","MF","IL","","1","94/95","0","","",""
"ביתרdle","ירון דרורי","","מאושר","","worldfootball (גשר תעתיק) · הגרסה שבייצור · Transfermarkt","3","MF","IL","1967","1","94/95","0","","",""
"ביתרdle","מיקי דהן","","מאושר","","worldfootball (גשר תעתיק) · הגרסה שבייצור · Transfermarkt","3","GK","IL","","2","94/95-95/96","0","","",""
"ביתרdle","סהר סעדו","","מאושר","","worldfootball (גשר תעתיק) · הגרסה שבייצור · Transfermarkt","3","MF","IL","","2","94/95-95/96","0","","",""
"ביתרdle","עופר דגמי","","מאושר","","worldfootball (גשר תעתיק) · קטגוריה · קריירה-עברית · הגרסה שבייצור","3","MF","IL","1967","1","94/95","0","","",""
"ביתרdle","איציק קורנפיין","","מאושר","","worldfootball (גשר תעתיק) · קטגוריה · קריירה-עברית · קריירה-אנגלית · הגרסה שבייצור","4","GK","IL","1971","12","95/96-06/07","3","כן","77",""
"ביתרdle","אישטוון פישונט","","מאושר","","worldfootball · קטגוריה · קריירה-עברית · קריירה-אנגלית · הגרסה שבייצור · Transfermarkt","5","MF","HU","1970","3","95/96-97/98","2","כן","21",""
"ביתרdle","דוד אמסלם","28778","מאושר","","התאחדות · worldfootball (גשר תעתיק) · קטגוריה · קריירה-עברית · הגרסה שבייצור · Transfermarkt","5","DF","IL","1971","12","95/96-97/98, 00/01-08/09","6","כן","28",""
"ביתרdle","יוסי אבוקסיס","","מאושר","","worldfootball · קטגוריה · קריירה-עברית · קריירה-אנגלית · הגרסה שבייצור · Transfermarkt","5","MF","IL","1970","6","95/96-00/01","2","כן","73",""
"ביתרdle","נועם אלבוים","","מאושר","","worldfootball (גשר תעתיק) · הגרסה שבייצור · Transfermarkt","3","DF","IL","","2","95/96-96/97","1","","",""
"ביתרdle","איציק זוהר","28782","מאושר","","התאחדות · קטגוריה · קריירה-עברית · קריירה-אנגלית · הגרסה שבייצור · Transfermarkt","5","MF","IL","1970","1","96/97","1","","",""
"ביתרdle","אסי דומב","","מאושר","","worldfootball · קטגוריה · קריירה-עברית · קריירה-אנגלית · הגרסה שבייצור · Transfermarkt","5","DF","IL","1974","3","96/97, 98/99-99/00","1","כן","58",""
"ביתרdle","ז'אן טלסניקוב","28785","מאושר","","התאחדות · worldfootball · קטגוריה · קריירה-עברית · קריירה-אנגלית · הגרסה שבייצור · Transfermarkt","6","MF","IL","1972","6","96/97-98/99, 00/01-02/03","2","כן","117",""
"ביתרdle","ניר סביליה","","מאושר","","worldfootball · קטגוריה · קריירה-אנגלית · הגרסה שבייצור · Transfermarkt","5","FW","IL","1975","5","96/97-00/01","2","כן","96",""
"ביתרdle","שלמה ממן","","מאושר","","worldfootball (גשר תעתיק) · הגרסה שבייצור · Transfermarkt","3","GK","IL","","2","96/97-97/98","2","","",""
"ביתרdle","אושרי אוחנה","","מאושר","","worldfootball (גשר תעתיק) · הגרסה שבייצור","2","MF","IL","","1","97/98","1","","",""
"ביתרdle","אישטוון האמר","","מאושר","","worldfootball · קטגוריה · קריירה-עברית · קריירה-אנגלית · הגרסה שבייצור · Transfermarkt","5","MF","HU","1970","3","97/98-99/00","1","כן","95",""
"ביתרdle","אלון חרזי","","מאושר","","worldfootball · קטגוריה · קריירה-עברית · קריירה-אנגלית · הגרסה שבייצור · Transfermarkt","5","DF","IL","1971","1","97/98","1","","",""
"ביתרdle","אלעד יעקובי","28787","מאושר","","התאחדות · worldfootball (גשר תעתיק) · הגרסה שבייצור · Transfermarkt","4","FW","IL","1981","9","97/98-05/06","1","כן","25",""
"ביתרdle","גיא גריף","13762","מאושר","","התאחדות · worldfootball (גשר תעתיק) · הגרסה שבייצור · Transfermarkt","4","GK","IL","1975","9","97/98-05/06","1","כן","14",""
"ביתרdle","גילי כהן","","מאושר","","worldfootball (גשר תעתיק) · הגרסה שבייצור · Transfermarkt","3","MF","IL","1978","1","97/98","1","","",""
"ביתרdle","דוד פרץ","","מאושר","","worldfootball (גשר תעתיק) · הגרסה שבייצור · Transfermarkt","3","DF","IL","1971","1","97/98","1","","",""
"ביתרdle","יוסף שמואלי","","מאושר","","worldfootball (גשר תעתיק) · הגרסה שבייצור","2","MF","IL","","2","97/98-98/99","1","","",""
"ביתרdle","יעקב הלל","","מאושר","","קטגוריה · קריירה-עברית · הגרסה שבייצור","2","DF","IL","1966","1","97/98","1","","",""
"ביתרdle","ראובן עטר","","מאושר","","worldfootball · קטגוריה · קריירה-עברית · קריירה-אנגלית · הגרסה שבייצור · Transfermarkt","5","MF","IL","1969","1","97/98","1","","",""
"ביתרdle","שי הולצמן","","מאושר","","worldfootball · קטגוריה · קריירה-עברית · קריירה-אנגלית · הגרסה שבייצור","4","FW","IL","1974","1","97/98","1","","",""
"ביתרdle","אילן בכר","","מאושר","","worldfootball (גשר תעתיק) · קטגוריה · קריירה-עברית · הגרסה שבייצור · Transfermarkt","4","DF","IL","1975","1","98/99","0","","",""
"ביתרdle","אמיר שלח","","מאושר","","worldfootball (גשר תעתיק) · קטגוריה · קריירה-עברית · קריירה-אנגלית · הגרסה שבייצור · Transfermarkt","5","DF","IL","1970","1","98/99","0","","",""
"ביתרdle","ניר רייכמן","28801","מאושר","","התאחדות · worldfootball (גשר תעתיק) · קטגוריה · קריירה-עברית · הגרסה שבייצור · Transfermarkt","5","MF","IL","1975","6","98/99-02/03, 05/06","0","כן","30",""
"ביתרdle","עופר שטרית","","מאושר","","worldfootball · קטגוריה · קריירה-עברית · קריירה-אנגלית · הגרסה שבייצור · Transfermarkt","5","FW","IL","1970","1","98/99","0","","",""
"ביתרdle","תמאש שנדור","","מאושר","","worldfootball · קטגוריה · קריירה-עברית · קריירה-אנגלית · הגרסה שבייצור · Transfermarkt","5","MF","HU","1974","4","98/99-01/02","0","כן","29",""
"ביתרdle","אלון כהן","","מאושר","","worldfootball (גשר תעתיק) · הגרסה שבייצור","2","DF","IL","1979","1","99/00","0","","",""
"ביתרdle","אלון מזרחי","","מאושר","","worldfootball · קטגוריה · קריירה-עברית · קריירה-אנגלית · הגרסה שבייצור · Transfermarkt","5","FW","IL","1971","3","99/00-00/01, 05/06","0","כן","34",""
"ביתרdle","בני חדד","","מאושר","","worldfootball (גשר תעתיק) · קטגוריה · קריירה-עברית · הגרסה שבייצור · Transfermarkt","4","MF","IL","1977","2","99/00-00/01","0","","",""
"ביתרdle","גולן דרעי","","מאושר","","worldfootball (גשר תעתיק) · קטגוריה · קריירה-עברית · הגרסה שבייצור · Transfermarkt","4","DF","IL","1975","1","99/00","0","","",""
"ביתרdle","חיים סילבס","","מאושר","","worldfootball · קטגוריה · קריירה-עברית · קריירה-אנגלית · הגרסה שבייצור · Transfermarkt","5","MF","IL","1975","1","99/00","0","","",""
"ביתרdle","קובי גנון","","מאושר","","worldfootball · קטגוריה · קריירה-עברית · קריירה-אנגלית · הגרסה שבייצור · Transfermarkt","5","DF","IL","1976","2","99/00-00/01","0","","",""
"ביתרdle","אוהד כהן","","מאושר","","worldfootball · קטגוריה · קריירה-עברית · קריירה-אנגלית · הגרסה שבייצור · Transfermarkt","5","GK","IL","1975","1","00/01","0","","",""
"ביתרdle","אלון אופיר","","מאושר","","worldfootball (גשר תעתיק) · קטגוריה · קריירה-עברית · הגרסה שבייצור · Transfermarkt","4","MF","IL","1973","2","00/01-01/02","0","","",""
"ביתרdle","אלון סגיר","28795","מאושר","","התאחדות · worldfootball (גשר תעתיק) · הגרסה שבייצור","3","FW","IL","1981","4","00/01-03/04","0","כן","8",""
"ביתרdle","בראנקו סאביץ'","","מאושר","","worldfootball (גשר תעתיק) · הגרסה שבייצור · Transfermarkt","3","DF","RS","1972","1","00/01","0","","",""
"ביתרdle","ג'ובאני רוסו","","מאושר","","worldfootball · קטגוריה · קריירה-עברית · קריירה-אנגלית · הגרסה שבייצור","4","MF","HR","1972","1","00/01","0","","",""
"ביתרdle","דראגן איסאילוביץ'","","מאושר","","worldfootball (גשר תעתיק) · הגרסה שבייצור","2","FW","RS","1976","1","00/01","0","","",""
"ביתרdle","ויקטור פאסו","","מאושר","","worldfootball (גשר תעתיק) · הגרסה שבייצור · Transfermarkt","3","FW","AL","1974","2","00/01-01/02","0","","",""
"ביתרdle","ולדימיר פטרוביץ'","","מאושר","","worldfootball (גשר תעתיק) · הגרסה שבייצור · Transfermarkt","3","FW","HR","1972","1","00/01","0","","",""
"ביתרdle","יניב אברג'יל","","מאושר","","קטגוריה · קריירה-עברית · קריירה-אנגלית · הגרסה שבייצור · Transfermarkt","4","FW","IL","1977","1","00/01","0","","",""
"ביתרdle","ישראל כהן","","מאושר","","worldfootball (גשר תעתיק) · קטגוריה · קריירה-עברית · הגרסה שבייצור · Transfermarkt","4","DF","IL","1971","3","00/01, 04/05-05/06","0","כן","109",""
"ביתרdle","מילאן סטויאנוסקי","","מאושר","","worldfootball · קטגוריה · קריירה-אנגלית · הגרסה שבייצור · Transfermarkt","5","DF","MK","1973","1","00/01","0","","",""
"ביתרdle","פליקס חלפון","","מאושר","","worldfootball · קטגוריה · קריירה-עברית · קריירה-אנגלית · הגרסה שבייצור · Transfermarkt","5","DF","IL","1972","3","00/01, 04/05-05/06","0","כן","108",""
"ביתרdle","גולן חרמון","13343","מאושר","","התאחדות · קטגוריה · קריירה-עברית · קריירה-אנגלית · הגרסה שבייצור · Transfermarkt","5","GK","IL","1969","2","01/02-02/03","0","","",""
"ביתרdle","דמיטרו מיכאילנקו","","מאושר","","worldfootball (גשר תעתיק) · קטגוריה · קריירה-עברית · קריירה-אנגלית · הגרסה שבייצור · Transfermarkt","5","MF","UA","1973","1","01/02","0","","",""
"ביתרdle","מנור חסן","","מאושר","","worldfootball · קטגוריה · קריירה-עברית · קריירה-אנגלית · הגרסה שבייצור · Transfermarkt","5","MF","IL","1979","1","01/02","0","","",""
"ביתרdle","סרגיי קונובלוב","","מאושר","","worldfootball · קטגוריה · קריירה-עברית · קריירה-אנגלית · הגרסה שבייצור · Transfermarkt","5","FW","UA","1972","1","01/02","0","","",""
"ביתרdle","עופר טלקר","28786","מאושר","","התאחדות · worldfootball · קטגוריה · קריירה-עברית · קריירה-אנגלית · הגרסה שבייצור · Transfermarkt","6","DF","IL","1973","4","01/02-04/05","0","כן","18",""
"ביתרdle","קורנליו פפורה","","מאושר","","worldfootball (גשר תעתיק) · הגרסה שבייצור · Transfermarkt","3","MF","RO","1973","1","01/02","0","","",""
"ביתרdle","אנדז'יי קוביקה","","מאושר","","worldfootball · קטגוריה · קריירה-עברית · קריירה-אנגלית · הגרסה שבייצור · Transfermarkt","5","FW","PL","1972","1","02/03","0","","",""
"ביתרdle","דמיטרי אוליאנוב","","מאושר","","worldfootball (גשר תעתיק) · קטגוריה · קריירה-עברית · קריירה-אנגלית · הגרסה שבייצור · Transfermarkt","5","MF","RU","1970","1","02/03","0","","",""
"ביתרdle","כפיר אדרי","13274","מאושר","","התאחדות · worldfootball · קטגוריה · קריירה-עברית · קריירה-אנגלית · הגרסה שבייצור · Transfermarkt","6","MF","IL","1976","1","02/03","0","","",""
"ביתרdle","מאור מליקסון","2410","מאושר","","התאחדות · worldfootball · קטגוריה · קריירה-עברית · קריירה-אנגלית · הגרסה שבייצור · Transfermarkt","6","MF","IL","1984","4","02/03-05/06","0","כן","3",""
"ביתרdle","משה ביטון","1525","מאושר","","התאחדות · קטגוריה · קריירה-עברית · קריירה-אנגלית · הגרסה שבייצור · Transfermarkt","5","FW","IL","1982","3","02/03-04/05","0","כן","106",""
"ביתרdle","צ'וקוודי נוורגו","","מאושר","","worldfootball (גשר תעתיק) · הגרסה שבייצור · Transfermarkt","3","FW","NG","1981","1","02/03","0","","",""
"ביתרdle","אבי נמני","1426","מאושר","","התאחדות · קטגוריה · קריירה-עברית · קריירה-אנגלית · הגרסה שבייצור · Transfermarkt","5","MF","IL","1972","2","03/04-04/05","0","","",""
"ביתרdle","אבי פרץ","13270","מאושר","","התאחדות · קטגוריה · קריירה-עברית · הגרסה שבייצור · Transfermarkt","4","GK","IL","1971","1","03/04","0","","",""
"ביתרdle","אבירם ברוכיאן","28842","מאושר","","התאחדות · worldfootball · קטגוריה · קריירה-עברית · קריירה-אנגלית · הגרסה שבייצור · Transfermarkt","6","MF","IL","1985","9","03/04-10/11, 13/14","4","כן","51",""
"ביתרdle","אנדרה קלדיירה","","מאושר","","worldfootball (גשר תעתיק) · הגרסה שבייצור · Transfermarkt","3","MF","BR","1980","2","03/04-04/05","0","","",""
"ביתרdle","ברק יצחקי","17434","מאושר","","התאחדות · קטגוריה · קריירה-עברית · קריירה-אנגלית · הגרסה שבייצור","4","FW","IL","1984","6","03/04-06/07, 08/09-09/10","2","כן","27",""
"ביתרdle","דניאל היידמן","1419","מאושר","","התאחדות · קטגוריה · קריירה-עברית · קריירה-אנגלית · הגרסה שבייצור · Transfermarkt","5","MF","IL","1982","2","03/04-04/05","0","","",""
"ביתרdle","חנן פדידה","4395","מאושר","","התאחדות · worldfootball · קטגוריה · קריירה-עברית · קריירה-אנגלית · הגרסה שבייצור · Transfermarkt","6","FW","IL","1981","1","03/04","0","","",""
"ביתרdle","עידן מליחי","1539","מאושר","","התאחדות · worldfootball · קטגוריה · קריירה-עברית · קריירה-אנגלית · הגרסה שבייצור · Transfermarkt","6","MF","IL","1979","3","03/04-05/06","0","כן","105",""
"ביתרdle","עמיר תורג'מן","1422","מאושר","","התאחדות · worldfootball · קטגוריה · קריירה-עברית · קריירה-אנגלית · הגרסה שבייצור · Transfermarkt","6","FW","IL","1972","1","03/04","0","","",""
"ביתרdle","קפונה","","מאושר","","worldfootball (גשר תעתיק) · הגרסה שבייצור · Transfermarkt","3","DF","BR","1972","1","03/04","0","","",""
"ביתרdle","שלומי ארבייטמן","","מאושר","","worldfootball · קטגוריה · קריירה-עברית · קריירה-אנגלית · הגרסה שבייצור · Transfermarkt","5","FW","IL","1985","1","03/04","0","","",""
"ביתרdle","אדם מורינו","","מאושר","","worldfootball (גשר תעתיק) · הגרסה שבייצור","2","GK","IL","1981","2","04/05-05/06","0","","",""
"ביתרdle","אופיר עזו","13355","מאושר","","התאחדות · worldfootball (גשר תעתיק) · קטגוריה · קריירה-עברית · קריירה-אנגלית · הגרסה שבייצור · Transfermarkt","6","MF","IL","1982","2","04/05-05/06","0","","",""
"ביתרdle","אייל אלג","","מאושר","","worldfootball (גשר תעתיק) · הגרסה שבייצור","2","MF","IL","1986","2","04/05-05/06","0","","",""
"ביתרdle","אלי ששון","28803","מאושר","","התאחדות · worldfootball (גשר תעתיק) · קטגוריה · קריירה-עברית · הגרסה שבייצור · Transfermarkt","5","MF","IL","1982","3","04/05-05/06, 09/10","0","כן","42",""
"ביתרdle","אליאב יוני","","מאושר","","worldfootball (גשר תעתיק) · הגרסה שבייצור · Transfermarkt","3","MF","IL","1985","2","04/05-05/06","0","","",""
"ביתרdle","אלירן דנין","26787","מאושר","","התאחדות · worldfootball · קטגוריה · קריירה-עברית · קריירה-אנגלית · הגרסה שבייצור · Transfermarkt","6","DF","IL","1984","5","04/05-06/07, 08/09-09/10","2","כן","76",""
"ביתרdle","אלירן חודדה","399","מאושר","","התאחדות · worldfootball · קטגוריה · קריירה-עברית · קריירה-אנגלית · הגרסה שבייצור · Transfermarkt","6","DF","IL","1981","1","04/05","0","","",""
"ביתרdle","גיא סולומון","64","מאושר","","התאחדות · worldfootball (גשר תעתיק) · הגרסה שבייצור · Transfermarkt","4","GK","IL","1977","2","04/05-05/06","0","","",""
"ביתרdle","דניאל שמשיאלשווילי","","מאושר","","worldfootball (גשר תעתיק) · הגרסה שבייצור","2","DF","IL","1986","2","04/05-05/06","0","","",""
"ביתרdle","טל בנין","1416","מאושר","","התאחדות · worldfootball · קטגוריה · קריירה-עברית · קריירה-אנגלית · הגרסה שבייצור · Transfermarkt","6","MF","IL","1971","1","04/05","0","","",""
"ביתרdle","יוני קים","27922","מאושר","","התאחדות · worldfootball (גשר תעתיק) · הגרסה שבייצור · Transfermarkt","4","DF","IL","1986","2","04/05-05/06","0","","",""
"ביתרdle","ליאור אסולין","45","מאושר","","התאחדות · worldfootball · קטגוריה · קריירה-עברית · קריירה-אנגלית · הגרסה שבייצור · Transfermarkt","6","FW","IL","1980","2","04/05-05/06","0","","",""
"ביתרdle","מור אפרים","","מאושר","","worldfootball (גשר תעתיק) · הגרסה שבייצור · Transfermarkt","3","MF","IL","1985","2","04/05-05/06","0","","",""
"ביתרdle","ניסים נאור","","מאושר","","worldfootball (גשר תעתיק) · הגרסה שבייצור · Transfermarkt","3","DF","IL","1987","2","04/05-05/06","0","","",""
"ביתרdle","עמית בן שושן","28841","מאושר","","התאחדות · worldfootball (גשר תעתיק) · קטגוריה · קריירה-עברית · קריירה-אנגלית · הגרסה שבייצור · Transfermarkt","6","FW","IL","1985","9","04/05-12/13","4","כן","26",""
"ביתרdle","עמית שמש","26472","מאושר","","התאחדות · הגרסה שבייצור · Transfermarkt","3","GK","IL","1987","3","04/05-06/07","1","כן","59",""
"ביתרdle","רועי לויאן","27902","מאושר","","התאחדות · worldfootball (גשר תעתיק) · הגרסה שבייצור · Transfermarkt","4","DF","IL","1986","2","04/05-05/06","0","","",""
"ביתרdle","שחר מתן","","מאושר","","worldfootball (גשר תעתיק) · הגרסה שבייצור","2","DF","IL","1987","1","04/05","0","","",""
"ביתרdle","שי חדד","26449","מאושר","","התאחדות · worldfootball (גשר תעתיק) · קטגוריה · קריירה-עברית · קריירה-אנגלית · הגרסה שבייצור · Transfermarkt","6","MF","IL","1987","8","04/05-07/08, 10/11-13/14","3","כן","10",""
"ביתרdle","שלומי משה","28969","מאושר","","התאחדות · worldfootball (גשר תעתיק) · הגרסה שבייצור · Transfermarkt","4","FW","IL","1983","3","04/05-05/06, 08/09","1","כן","40",""
"ביתרdle","שמואל קוז'וקין","33805","מאושר","","התאחדות · worldfootball (גשר תעתיק) · קטגוריה · קריירה-עברית · קריירה-אנגלית · הגרסה שבייצור · Transfermarkt","6","DF","IL","1987","8","04/05-05/06, 07/08-12/13","3","כן","118",""
"ביתרdle","אגנסו","","מאושר","","worldfootball (גשר תעתיק) · הגרסה שבייצור · Transfermarkt","3","FW","ES","1981","1","05/06","0","","",""
"ביתרdle","איגור מיטרסקי","70745","מאושר","","התאחדות · worldfootball · קטגוריה · קריירה-עברית · קריירה-אנגלית · הגרסה שבייצור · Transfermarkt","6","DF","MK","1979","1","05/06","0","","",""
"ביתרdle","איתמר יחיא","","מאושר","","worldfootball (גשר תעתיק) · הגרסה שבייצור · Transfermarkt","3","DF","IL","1986","1","05/06","0","","",""
"ביתרdle","איתן טיבי","650","מאושר","","התאחדות · worldfootball · קטגוריה · קריירה-עברית · קריירה-אנגלית · הגרסה שבייצור · Transfermarkt","6","DF","IL","1987","3","05/06-06/07, 09/10","1","כן","89",""
"ביתרdle","ג'ף טוטואנה","","מאושר","","worldfootball · קטגוריה · קריירה-עברית · קריירה-אנגלית · הגרסה שבייצור · Transfermarkt","5","FW","CD","1982","1","05/06","0","","",""
"ביתרdle","גל אלברמן","3408","מאושר","","התאחדות · worldfootball · קטגוריה · קריירה-עברית · קריירה-אנגלית · הגרסה שבייצור · Transfermarkt","6","MF","IL","1983","3","05/06-07/08","3","כן","56",""
"ביתרdle","ז'רום לרואה","","מאושר","","קטגוריה · קריירה-עברית · קריירה-אנגלית · הגרסה שבייצור","3","MF","FR","1974","1","05/06","0","","",""
"ביתרdle","חן עזריאל","21740","מאושר","","התאחדות · worldfootball (גשר תעתיק) · קטגוריה · קריירה-עברית · קריירה-אנגלית · הגרסה שבייצור · Transfermarkt","6","FW","IL","1988","5","05/06-07/08, 09/10-10/11","3","כן","83",""
"ביתרdle","יואב זיו","13261","מאושר","","התאחדות · worldfootball · קטגוריה · קריירה-עברית · קריירה-אנגלית · הגרסה שבייצור · Transfermarkt","6","DF","IL","1981","3","05/06-07/08","3","כן","67",""
"ביתרdle","לבן סילגדזה","","מאושר","","worldfootball (גשר תעתיק) · הגרסה שבייצור","2","DF","GE","1976","1","05/06","0","","",""
"ביתרdle","נסומבו מזואה","50519","מאושר","","התאחדות · worldfootball (גשר תעתיק) · הגרסה שבייצור · Transfermarkt","4","MF","CD","1982","1","05/06","0","","",""
"ביתרdle","פבריס פרננדס","71174","מאושר","","התאחדות · worldfootball · קטגוריה · קריירה-עברית · קריירה-אנגלית · הגרסה שבייצור · Transfermarkt","6","MF","FR","1979","1","05/06","0","","",""
"ביתרdle","תומר בן יוסף","1527","מאושר","","התאחדות · worldfootball (גשר תעתיק) · קטגוריה · קריירה-עברית · קריירה-אנגלית · הגרסה שבייצור · Transfermarkt","6","DF","IL","1979","7","05/06-11/12","4","כן","33",""
"ביתרdle","תומר חליבה","","מאושר","","קטגוריה · קריירה-עברית · קריירה-אנגלית · הגרסה שבייצור · Transfermarkt","4","DF","IL","1979","1","05/06","0","","",""
"ביתרdle","אבי איבגי","33030","מאושר","","התאחדות · worldfootball · קטגוריה · קריירה-עברית · קריירה-אנגלית · הגרסה שבייצור · Transfermarkt","6","GK","IL","1978","1","06/07","1","","",""
"ביתרdle","דרק בואטנג","72010","מאושר","","התאחדות · worldfootball · קטגוריה · קריירה-עברית · קריירה-אנגלית · הגרסה שבייצור · Transfermarkt","6","MF","GH","1983","2","06/07-07/08","3","","",""
"ביתרdle","טוטו","","מקור יחיד","נמוך","הגרסה שבייצור","1","MF","BR","1978","1","06/07","1","","",""
"ביתרdle","טוטו תמוז","23161","מאושר","","התאחדות · worldfootball · קטגוריה · קריירה-עברית · קריירה-אנגלית · הגרסה שבייצור · Transfermarkt","6","FW","IL","1988","4","06/07-09/10","4","כן","44",""
"ביתרdle","מיכאל זנדברג","13312","מאושר","","התאחדות · worldfootball · קטגוריה · קריירה-עברית · קריירה-אנגלית · הגרסה שבייצור · Transfermarkt","6","MF","IL","1980","3","06/07-08/09","4","כן","75",""
"ביתרdle","מילובאן מירושביץ'","","מאושר","","worldfootball · קטגוריה · קריירה-עברית · קריירה-אנגלית · הגרסה שבייצור · Transfermarkt","5","MF","CL","1980","1","06/07","1","","",""
"ביתרdle","עמרי אפק","13400","מאושר","","התאחדות · worldfootball · קטגוריה · קריירה-עברית · קריירה-אנגלית · הגרסה שבייצור · Transfermarkt","6","MF","IL","1979","1","06/07","1","","",""
"ביתרdle","קובי מויאל","13822","מאושר","","התאחדות · worldfootball · קטגוריה · קריירה-עברית · קריירה-אנגלית · הגרסה שבייצור · Transfermarkt","6","MF","IL","1987","7","06/07, 09/10-12/13, 15/16-16/17","1","כן","110",""
"ביתרdle","רוני גפני","33037","מאושר","","התאחדות · קטגוריה · קריירה-עברית · קריירה-אנגלית · הגרסה שבייצור","4","DF","IL","1980","1","06/07","1","","",""
"ביתרdle","רמאליו","","מאושר","","worldfootball (גשר תעתיק) · הגרסה שבייצור · Transfermarkt","3","MF","BR","1980","1","06/07","1","","",""
"ביתרdle","שוונק","","מקור יחיד","נמוך","הגרסה שבייצור","1","FW","BR","1979","1","06/07","1","","",""
"ביתרdle","שמעון גרשון","13404","מאושר","","התאחדות · worldfootball · קטגוריה · קריירה-עברית · קריירה-אנגלית · הגרסה שבייצור · Transfermarkt","6","DF","IL","1977","5","06/07-10/11","4","כן","16",""
"ביתרdle","אריאל הרוש","21721","מאושר","","התאחדות · worldfootball · קטגוריה · קריירה-עברית · קריירה-אנגלית · הגרסה שבייצור · Transfermarkt","6","GK","IL","1988","7","07/08-13/14","3","כן","57",""
"ביתרdle","ג'וניור ויסה","","מאושר","","worldfootball · קטגוריה · קריירה-עברית · קריירה-אנגלית · הגרסה שבייצור · Transfermarkt","5","MF","PE","1985","2","07/08, 09/10","2","","",""
"ביתרdle","דן אביאנדר","","מקור יחיד","נמוך","הגרסה שבייצור","1","MF","IL","","1","07/08","2","","",""
"ביתרdle","טברטקו קאלה","","מאושר","","worldfootball · קטגוריה · קריירה-עברית · קריירה-אנגלית · הגרסה שבייצור · Transfermarkt","5","GK","HR","1974","2","07/08-08/09","3","","",""
"ביתרdle","יהונתן זדה","29558","מאושר","","התאחדות · worldfootball (גשר תעתיק) · הגרסה שבייצור","3","FW","IL","","1","07/08","2","","",""
"ביתרdle","יוסי זאנה","","מאושר","","worldfootball (גשר תעתיק) · קטגוריה · קריירה-עברית · קריירה-אנגלית · הגרסה שבייצור","4","FW","IL","1957","1","07/08","2","","",""
"ביתרdle","כריסטיאן אלווארז","83595","מאושר","","התאחדות · worldfootball (גשר תעתיק) · הגרסה שבייצור · Transfermarkt","4","DF","CL","1980","2","07/08-08/09","3","","",""
"ביתרdle","מתן בראשי","29552","מאושר","","התאחדות · worldfootball · קטגוריה · קריירה-עברית · קריירה-אנגלית · הגרסה שבייצור · Transfermarkt","6","DF","IL","1988","6","07/08-12/13","3","כן","74",""
"ביתרdle","עידן טל","41775","מאושר","","התאחדות · worldfootball · קטגוריה · קריירה-עברית · קריירה-אנגלית · הגרסה שבייצור · Transfermarkt","6","MF","IL","1975","4","07/08-10/11","3","כן","60",""
"ביתרdle","רומולו","","מקור יחיד","נמוך","הגרסה שבייצור","1","FW","BR","1982","1","07/08","2","","",""
"ביתרdle","שגיא שטראוס","13621","מאושר","","התאחדות · worldfootball · קטגוריה · קריירה-עברית · קריירה-אנגלית · הגרסה שבייצור · Transfermarkt","6","GK","IL","1976","1","07/08","2","","",""
"ביתרdle","אוהד סיידוף","26462","מאושר","","התאחדות · worldfootball (גשר תעתיק) · הגרסה שבייצור · Transfermarkt","4","GK","IL","1987","6","08/09-13/14","1","כן","19",""
"ביתרdle","גל בראל","","מאושר","","worldfootball (גשר תעתיק) · הגרסה שבייצור","2","MF","IL","1990","1","08/09","1","","",""
"ביתרdle","דן איינבינדר","28623","מאושר","","התאחדות · worldfootball · קטגוריה · קריירה-עברית · קריירה-אנגלית · הגרסה שבייצור · Transfermarkt","6","MF","IL","1989","8","08/09-11/12, 15/16-16/17, 18/19-19/20","1","כן","90",""
"ביתרdle","דריו פרננדס","","מאושר","","worldfootball · קטגוריה · קריירה-עברית · קריירה-אנגלית · הגרסה שבייצור · Transfermarkt","5","MF","AR","1978","3","08/09, 11/12-12/13","1","כן","54",""
"ביתרdle","טל אלמשעלי","28625","מאושר","","התאחדות · worldfootball (גשר תעתיק) · הגרסה שבייצור · Transfermarkt","4","FW","IL","1989","3","08/09, 10/11-11/12","1","כן","81",""
"ביתרdle","משה אוחיון","","מאושר","","קטגוריה · קריירה-עברית · הגרסה שבייצור","2","MF","IL","1983","1","08/09","1","","",""
"ביתרdle","עידן ורד","709","מאושר","","התאחדות · worldfootball · קטגוריה · קריירה-עברית · קריירה-אנגלית · הגרסה שבייצור · Transfermarkt","6","MF","IL","1989","7","08/09-09/10, 16/17-20/21","1","כן","5",""
"ביתרdle","אבי ריקן","","מאושר","","worldfootball · קטגוריה · קריירה-עברית · קריירה-אנגלית · הגרסה שבייצור · Transfermarkt","5","MF","IL","1988","4","09/10-12/13","0","כן","69",""
"ביתרdle","אביתר ברוכיאן","48853","מאושר","","התאחדות · worldfootball (גשר תעתיק) · הגרסה שבייצור · Transfermarkt","4","MF","IL","1989","4","09/10-12/13","0","כן","91",""
"ביתרdle","ברק משה","","מאושר","","worldfootball (גשר תעתיק) · הגרסה שבייצור · Transfermarkt","3","MF","IL","1991","4","09/10-12/13","0","כן","36",""
"ביתרdle","דן אילוז","27714","מאושר","","התאחדות · worldfootball (גשר תעתיק) · הגרסה שבייצור · Transfermarkt","4","DF","IL","1990","1","09/10","0","","",""
"ביתרdle","יחזקאל פנחס","26921","מאושר","","התאחדות · worldfootball (גשר תעתיק) · הגרסה שבייצור · Transfermarkt","4","MF","IL","1990","1","09/10","0","","",""
"ביתרdle","ליעד עובד","27735","מאושר","","התאחדות · worldfootball (גשר תעתיק) · הגרסה שבייצור","3","MF","IL","1990","1","09/10","0","","",""
"ביתרdle","סבסטיאן ואסקס","","מאושר","","worldfootball (גשר תעתיק) · הגרסה שבייצור · Transfermarkt","3","DF","UY","1980","1","09/10","0","","",""
"ביתרdle","עדן נחמני","27732","מאושר","","התאחדות · worldfootball (גשר תעתיק) · הגרסה שבייצור · Transfermarkt","4","FW","IL","1990","3","09/10-11/12","0","כן","71",""
"ביתרdle","פאולו האסה","104991","מאושר","","התאחדות · worldfootball · קטגוריה · קריירה-עברית · קריירה-אנגלית · הגרסה שבייצור · Transfermarkt","6","DF","PE","1983","1","09/10","0","","",""
"ביתרdle","אופיר קריאף","27403","מאושר","","התאחדות · worldfootball · קטגוריה · קריירה-עברית · קריירה-אנגלית · הגרסה שבייצור · Transfermarkt","6","MF","IL","1991","12","10/11-14/15, 17/18-23/24","1","כן","116",""
"ביתרdle","אלי דסה","31209","מאושר","","התאחדות · worldfootball · קטגוריה · קריירה-עברית · קריירה-אנגלית · הגרסה שבייצור · Transfermarkt","6","DF","IL","1992","5","10/11-14/15","0","כן","39",""
"ביתרdle","כריסטיאן גונזאלס","","מאושר","","worldfootball (גשר תעתיק) · קטגוריה · קריירה-עברית · קריירה-אנגלית · הגרסה שבייצור · Transfermarkt","5","DF","UY","1976","1","10/11","0","","",""
"ביתרdle","ליאור ראובן","13907","מאושר","","התאחדות · worldfootball · קטגוריה · קריירה-עברית · קריירה-אנגלית · הגרסה שבייצור · Transfermarkt","6","DF","IL","1980","1","10/11","0","","",""
"ביתרdle","משה בן לולו","8643","מאושר","","התאחדות · worldfootball (גשר תעתיק) · קטגוריה · קריירה-עברית · הגרסה שבייצור · Transfermarkt","5","FW","IL","1988","1","10/11","0","","",""
"ביתרdle","משה מישאלוף","","מאושר","","worldfootball (גשר תעתיק) · קטגוריה · קריירה-עברית · קריירה-אנגלית · הגרסה שבייצור · Transfermarkt","5","MF","IL","1983","1","10/11","0","","",""
"ביתרdle","סטיבן כהן","104960","מאושר","","התאחדות · קטגוריה · קריירה-עברית · קריירה-אנגלית · הגרסה שבייצור","4","MF","FR","1986","3","10/11-12/13","0","כן","4",""
"ביתרdle","סמואל יבואה","","מאושר","","worldfootball · קטגוריה · קריירה-עברית · קריירה-אנגלית · הגרסה שבייצור · Transfermarkt","5","FW","GH","1986","1","10/11","0","","",""
"ביתרdle","עדן מלכה","28317","מאושר","","התאחדות · worldfootball (גשר תעתיק) · הגרסה שבייצור · Transfermarkt","4","FW","IL","1991","2","10/11-11/12","0","","",""
"ביתרdle","צחי אליחן","45180","מאושר","","התאחדות · worldfootball (גשר תעתיק) · קטגוריה · קריירה-עברית · קריירה-אנגלית · הגרסה שבייצור","5","MF","IL","1991","4","10/11-13/14","0","כן","92",""
"ביתרdle","אבירם זיאת","35622","מאושר","","התאחדות · הגרסה שבייצור","2","GK","IL","1992","2","11/12-12/13","0","","",""
"ביתרdle","אופיר עמרם","11552","מאושר","","התאחדות · worldfootball (גשר תעתיק) · הגרסה שבייצור · Transfermarkt","4","MF","IL","1986","2","11/12-12/13","0","","",""
"ביתרdle","אנדריי פילאבסקי","","מאושר","","worldfootball (גשר תעתיק) · קטגוריה · קריירה-עברית · קריירה-אנגלית · הגרסה שבייצור · Transfermarkt","5","DF","UA","1988","1","11/12","0","","",""
"ביתרdle","אריאל עוז","","מאושר","","worldfootball (גשר תעתיק) · הגרסה שבייצור","2","MF","IL","1992","1","11/12","0","","",""
"ביתרdle","הראל פולק","65125","מאושר","","התאחדות · worldfootball (גשר תעתיק) · הגרסה שבייצור · Transfermarkt","4","FW","IL","1992","2","11/12-12/13","0","","",""
"ביתרdle","הרמוני איקנדה","","מאושר","","worldfootball · קטגוריה · קריירה-עברית · קריירה-אנגלית · הגרסה שבייצור · Transfermarkt","5","MF","NG","1990","1","11/12","0","","",""
"ביתרdle","חיים מגרלשוילי","13265","מאושר","","התאחדות · worldfootball (גשר תעתיק) · קטגוריה · קריירה-עברית · קריירה-אנגלית · הגרסה שבייצור · Transfermarkt","6","DF","IL","1982","2","11/12-12/13","0","","",""
"ביתרdle","טל כחילה","72438","מאושר","","התאחדות · worldfootball (גשר תעתיק) · קטגוריה · קריירה-עברית · קריירה-אנגלית · הגרסה שבייצור · Transfermarkt","6","DF","IL","1992","8","11/12-18/19","0","כן","41",""
"ביתרdle","לירון דיאמנט","23273","מאושר","","התאחדות · worldfootball · קטגוריה · קריירה-עברית · קריירה-אנגלית · הגרסה שבייצור · Transfermarkt","6","FW","IL","1990","2","11/12-12/13","0","","",""
"ביתרdle","מותי שי","","מאושר","","worldfootball (גשר תעתיק) · הגרסה שבייצור","2","MF","IL","1991","1","11/12","0","","",""
"ביתרdle","מיגל פורטיו","","מקור יחיד","נמוך","הגרסה שבייצור","1","DF","AR","1982","1","11/12","0","","",""
"ביתרdle","ערן לוי","571","מאושר","","התאחדות · worldfootball (גשר תעתיק) · קטגוריה · קריירה-עברית · הגרסה שבייצור · Transfermarkt","5","FW","IL","1985","2","11/12-12/13","0","","",""
"ביתרdle","שי נסים","29566","מאושר","","התאחדות · worldfootball (גשר תעתיק) · הגרסה שבייצור · Transfermarkt","4","MF","IL","1988","1","11/12","0","","",""
"ביתרdle","תומר ירוחם","59041","מאושר","","התאחדות · worldfootball (גשר תעתיק) · הגרסה שבייצור · Transfermarkt","4","DF","IL","1993","4","11/12, 13/14-15/16","0","כן","104",""
"ביתרdle","אוראל חורב","59257","מאושר","","התאחדות · הגרסה שבייצור","2","DF","IL","1994","2","12/13, 16/17","0","","",""
"ביתרdle","ג'בראיל קדייב","","מקור יחיד","נמוך","הגרסה שבייצור","1","DF","RU","1994","1","12/13","0","","",""
"ביתרdle","דומיניק גלאבינה","136075","מאושר","","התאחדות · worldfootball · קטגוריה · קריירה-עברית · קריירה-אנגלית · הגרסה שבייצור · Transfermarkt","6","FW","HR","1992","1","12/13","0","","",""
"ביתרdle","דינו שקוורץ","","מאושר","","worldfootball · קטגוריה · קריירה-עברית · קריירה-אנגלית · הגרסה שבייצור · Transfermarkt","5","DF","HR","1990","1","12/13","0","","",""
"ביתרdle","זאור סדאייב","","מאושר","","worldfootball (גשר תעתיק) · קטגוריה · קריירה-עברית · קריירה-אנגלית · הגרסה שבייצור · Transfermarkt","5","FW","RU","1989","1","12/13","0","","",""
"ביתרdle","אבישי כהן","119009","מאושר","","התאחדות · קטגוריה · קריירה-עברית · הגרסה שבייצור","3","DF","IL","1995","5","13/14-16/17, 22/23","1","כן","98",""
"ביתרdle","בריאן","","מאושר","","worldfootball (גשר תעתיק) · הגרסה שבייצור","2","FW","BR","1990","1","13/14","0","","",""
"ביתרdle","ג'ונתן פריירה","154322","מאושר","","התאחדות · הגרסה שבייצור · Transfermarkt","3","DF","ES","1986","1","13/14","0","","",""
"ביתרdle","דור מלול","15402","מאושר","","התאחדות · worldfootball · קטגוריה · קריירה-עברית · קריירה-אנגלית · הגרסה שבייצור · Transfermarkt","6","DF","IL","1989","1","13/14","0","","",""
"ביתרdle","דושאן מאטוביץ'","","מאושר","","worldfootball · קטגוריה · קריירה-עברית · קריירה-אנגלית · הגרסה שבייצור · Transfermarkt","5","DF","RS","1983","3","13/14-15/16","0","כן","112",""
"ביתרdle","דני פרדה","4901","מאושר","","התאחדות · worldfootball (גשר תעתיק) · קטגוריה · קריירה-עברית · קריירה-אנגלית · הגרסה שבייצור · Transfermarkt","6","MF","IL","1987","4","13/14-16/17","0","כן","2",""
"ביתרdle","יצחק כהן","16650","מאושר","","התאחדות · הגרסה שבייצור","2","FW","IL","1990","3","13/14-15/16","0","כן","22",""
"ביתרdle","משה לוגסי","39644","מאושר","","התאחדות · worldfootball · קטגוריה · קריירה-עברית · קריירה-אנגלית · הגרסה שבייצור · Transfermarkt","6","DF","IL","1991","1","13/14","0","","",""
"ביתרdle","ניסו קפילוטו","","מאושר","","worldfootball · קטגוריה · קריירה-עברית · קריירה-אנגלית · הגרסה שבייצור · Transfermarkt","5","DF","IL","1989","2","13/14, 15/16","0","","",""
"ביתרdle","סינטאיהו סלליך","54337","מאושר","","התאחדות · worldfootball · קטגוריה · קריירה-עברית · קריירה-אנגלית · הגרסה שבייצור · Transfermarkt","6","FW","IL","1991","1","13/14","0","","",""
"ביתרdle","עומר אצילי","34253","מאושר","","התאחדות · worldfootball · קטגוריה · קריירה-עברית · קריירה-אנגלית · הגרסה שבייצור · Transfermarkt","6","MF","IL","1993","5","13/14-15/16, 24/25-25/26","0","כן","66",""
"ביתרdle","פבלו ברנדאן","","מאושר","","worldfootball · קטגוריה · קריירה-עברית · קריירה-אנגלית · הגרסה שבייצור · Transfermarkt","5","MF","AR","1983","1","13/14","0","","",""
"ביתרdle","רועי זכרי","8584","מאושר","","התאחדות · worldfootball (גשר תעתיק) · הגרסה שבייצור · Transfermarkt","4","FW","IL","1992","2","13/14, 15/16","0","","",""
"ביתרdle","שלומי אזולאי","15560","מאושר","","התאחדות · worldfootball (גשר תעתיק) · קטגוריה · קריירה-עברית · הגרסה שבייצור · Transfermarkt","5","FW","IL","1989","2","13/14, 19/20","0","","",""
"ביתרdle","אור ואקנין","66594","מאושר","","התאחדות · worldfootball (גשר תעתיק) · הגרסה שבייצור · Transfermarkt","4","MF","IL","1995","3","14/15, 17/18-18/19","0","כן","55",""
"ביתרdle","בוריס קליימן","23401","מאושר","","התאחדות · worldfootball (גשר תעתיק) · קטגוריה · קריירה-עברית · קריירה-אנגלית · הגרסה שבייצור · Transfermarkt","6","GK","IL","1990","4","14/15-17/18","0","כן","86",""
"ביתרdle","בן רהב","26061","מאושר","","התאחדות · הגרסה שבייצור","2","GK","IL","1989","1","14/15","0","","",""
"ביתרdle","דוד קלטינס","58550","מאושר","","התאחדות · worldfootball · קטגוריה · קריירה-עברית · קריירה-אנגלית · הגרסה שבייצור · Transfermarkt","6","DF","IL","1995","5","14/15-18/19","0","כן","46",""
"ביתרdle","זאב חיימוביץ'","","מאושר","","קטגוריה · קריירה-עברית · קריירה-אנגלית · הגרסה שבייצור","3","DF","IL","1983","1","14/15","0","","",""
"ביתרdle","חנן ממן","2187","מאושר","","התאחדות · worldfootball · קטגוריה · קריירה-עברית · קריירה-אנגלית · הגרסה שבייצור · Transfermarkt","6","MF","IL","1989","2","14/15, 19/20","0","","",""
"ביתרdle","ליביו אנטל","164952","מאושר","","התאחדות · worldfootball · קטגוריה · קריירה-עברית · קריירה-אנגלית · הגרסה שבייצור · Transfermarkt","6","MF","RO","1989","1","14/15","0","","",""
"ביתרdle","לידור כהן","2832","מאושר","","התאחדות · worldfootball · קטגוריה · קריירה-עברית · קריירה-אנגלית · הגרסה שבייצור · Transfermarkt","6","MF","IL","1992","2","14/15-15/16","0","","",""
"ביתרdle","ססאר ארסו","","מאושר","","worldfootball · קטגוריה · קריירה-עברית · קריירה-אנגלית · הגרסה שבייצור · Transfermarkt","5","DF","ES","1986","1","14/15","0","","",""
"ביתרdle","עומר נחמני","34252","מאושר","","התאחדות · worldfootball (גשר תעתיק) · הגרסה שבייצור","3","FW","IL","1993","3","14/15-16/17","0","כן","99",""
"ביתרdle","קלאודמיר","","מאושר","","worldfootball (גשר תעתיק) · הגרסה שבייצור · Transfermarkt","3","MF","BR","1984","4","14/15-17/18","0","כן","45",""
"ביתרdle","שמואל מלול","","מאושר","","worldfootball (גשר תעתיק) · קטגוריה · קריירה-עברית · קריירה-אנגלית · הגרסה שבייצור · Transfermarkt","5","DF","IL","1994","1","14/15","0","","",""
"ביתרdle","תומר סויסה","12556","מאושר","","התאחדות · worldfootball · קטגוריה · קריירה-עברית · קריירה-אנגלית · הגרסה שבייצור · Transfermarkt","6","MF","IL","1988","1","14/15","0","","",""
"ביתרdle","אוגוסטין קוום","","מאושר","","worldfootball (גשר תעתיק) · הגרסה שבייצור","2","FW","NG","1997","1","15/16","0","","",""
"ביתרdle","אופק מרום","","מאושר","","worldfootball (גשר תעתיק) · הגרסה שבייצור","2","FW","IL","1997","1","15/16","0","","",""
"ביתרdle","אורי מגבו","35276","מאושר","","התאחדות · worldfootball · קטגוריה · קריירה-עברית · קריירה-אנגלית · הגרסה שבייצור · Transfermarkt","6","DF","IL","1987","3","15/16, 19/20-20/21","0","כן","113",""
"ביתרdle","איתי שכטר","33841","מאושר","","התאחדות · worldfootball · קטגוריה · קריירה-עברית · קריירה-אנגלית · הגרסה שבייצור · Transfermarkt","6","FW","IL","1987","3","15/16-17/18","0","כן","53",""
"ביתרdle","אלעד גבאי","33401","מאושר","","התאחדות · worldfootball (גשר תעתיק) · קטגוריה · קריירה-עברית · קריירה-אנגלית · הגרסה שבייצור · Transfermarkt","6","DF","IL","1985","1","15/16","0","","",""
"ביתרdle","ארסניו ולפורט","","מאושר","","worldfootball · קטגוריה · קריירה-עברית · קריירה-אנגלית · הגרסה שבייצור · Transfermarkt","5","FW","NL","1992","1","15/16","0","","",""
"ביתרdle","דובב גבאי","13202","מאושר","","התאחדות · worldfootball · קטגוריה · קריירה-עברית · קריירה-אנגלית · הגרסה שבייצור · Transfermarkt","6","FW","IL","1987","1","15/16","0","","",""
"ביתרdle","דן מורי","33178","מאושר","","התאחדות · worldfootball · קטגוריה · קריירה-עברית · קריירה-אנגלית · הגרסה שבייצור · Transfermarkt","6","DF","IL","1988","2","15/16-16/17","0","","",""
"ביתרdle","חסוס רואדה","","מאושר","","התאחדות · קטגוריה · קריירה-עברית · קריירה-אנגלית · הגרסה שבייצור","4","DF","ES","1987","2","15/16-16/17","0","","",""
"ביתרdle","יואכים אסקלינג","152081","מאושר","","התאחדות · הגרסה שבייצור · Transfermarkt","3","DF","SE","1990","1","15/16","0","","",""
"ביתרdle","יעקב בריהון","61093","מאושר","","התאחדות · worldfootball · קטגוריה · קריירה-עברית · קריירה-אנגלית · הגרסה שבייצור · Transfermarkt","6","FW","IL","1993","4","15/16-18/19","0","כן","7",""
"ביתרdle","לירוי צעירי","1093","מאושר","","התאחדות · worldfootball · קטגוריה · קריירה-עברית · קריירה-אנגלית · הגרסה שבייצור · Transfermarkt","6","MF","IL","1989","1","15/16","0","","",""
"ביתרdle","נאור סבג","48709","מאושר","","התאחדות · worldfootball · קטגוריה · קריירה-עברית · קריירה-אנגלית · הגרסה שבייצור · Transfermarkt","6","MF","IL","1993","2","15/16, 17/18","0","","",""
"ביתרdle","ניקיטה רוקאביציה","166889","מאושר","","התאחדות · worldfootball · קטגוריה · קריירה-עברית · קריירה-אנגלית · הגרסה שבייצור · Transfermarkt","6","FW","AU","1987","1","15/16","0","","",""
"ביתרdle","נס זמיר","10217","מאושר","","התאחדות · worldfootball · קטגוריה · קריירה-עברית · קריירה-אנגלית · הגרסה שבייצור · Transfermarkt","6","FW","IL","1990","1","15/16","0","","",""
"ביתרdle","סתיו שושן","66020","מאושר","","התאחדות · worldfootball (גשר תעתיק) · הגרסה שבייצור · Transfermarkt","4","GK","IL","1995","3","15/16-17/18","0","כן","93",""
"ביתרdle","שמעון אבו חצירא","","מאושר","","worldfootball (גשר תעתיק) · קטגוריה · קריירה-עברית · קריירה-אנגלית · הגרסה שבייצור","4","FW","IL","1986","1","15/16","0","","",""
"ביתרdle","שניר משען","18830","מאושר","","התאחדות · worldfootball · קטגוריה · קריירה-עברית · קריירה-אנגלית · הגרסה שבייצור · Transfermarkt","6","DF","IL","1988","1","15/16","0","","",""
"ביתרdle","אדם פרידריך","","מקור יחיד","נמוך","הגרסה שבייצור","1","DF","US","1993","1","16/17","0","","",""
"ביתרdle","אמיר עגייב","","מאושר","","worldfootball · קטגוריה · קריירה-עברית · קריירה-אנגלית · הגרסה שבייצור · Transfermarkt","5","FW","IL","1992","1","16/17","0","","",""
"ביתרdle","אנדרסון רוזה","","מאושר","","worldfootball (גשר תעתיק) · הגרסה שבייצור","2","MF","BR","1993","1","16/17","0","","",""
"ביתרdle","אנטואן קונט","","מאושר","","worldfootball · קטגוריה · קריירה-עברית · קריירה-אנגלית · הגרסה שבייצור · Transfermarkt","5","DF","GN","1994","4","16/17-19/20","0","כן","70",""
"ביתרdle","אריק סאבו","","מאושר","","worldfootball · קטגוריה · קריירה-עברית · קריירה-אנגלית · הגרסה שבייצור · Transfermarkt","5","MF","SK","1991","2","16/17-17/18","0","","",""
"ביתרdle","ג'ורג' פאולינו","165840","מאושר","","התאחדות · הגרסה שבייצור","2","MF","BR","1991","3","16/17-18/19","0","כן","62",""
"ביתרdle","גאטאן וארן","","מאושר","","worldfootball · קטגוריה · קריירה-עברית · קריירה-אנגלית · הגרסה שבייצור","4","FW","IL","1990","3","16/17-18/19","0","כן","65",""
"ביתרdle","ז'והאן אודל","","מאושר","","worldfootball · קטגוריה · קריירה-עברית · קריירה-אנגלית · הגרסה שבייצור · Transfermarkt","5","FW","MQ","1983","1","16/17","0","","",""
"ביתרdle","חן דילמוני","3944","מאושר","","התאחדות · worldfootball (גשר תעתיק) · קטגוריה · קריירה-עברית · קריירה-אנגלית · הגרסה שבייצור · Transfermarkt","6","DF","IL","1989","2","16/17-17/18","0","","",""
"ביתרdle","חן עזרא","22596","מאושר","","התאחדות · worldfootball · קטגוריה · קריירה-עברית · קריירה-אנגלית · הגרסה שבייצור · Transfermarkt","6","FW","IL","1989","2","16/17-17/18","0","","",""
"ביתרdle","יוסי בניון","111","מאושר","","התאחדות · worldfootball · קטגוריה · קריירה-עברית · קריירה-אנגלית · הגרסה שבייצור","5","MF","IL","1980","1","16/17","0","","",""
"ביתרdle","ישראל זגורי","1248","מאושר","","התאחדות · worldfootball (גשר תעתיק) · קטגוריה · קריירה-עברית · קריירה-אנגלית · הגרסה שבייצור · Transfermarkt","6","MF","IL","1990","1","16/17","0","","",""
"ביתרdle","מיכאל סירושטיין","23993","מאושר","","התאחדות · worldfootball (גשר תעתיק) · הגרסה שבייצור · Transfermarkt","4","DF","IL","1989","3","16/17-18/19","0","כן","84",""
"ביתרdle","מרסל הייסטר","177025","מאושר","","התאחדות · worldfootball · קטגוריה · קריירה-עברית · קריירה-אנגלית · הגרסה שבייצור · Transfermarkt","6","DF","DE","1992","2","16/17-17/18","0","","",""
"ביתרdle","עדן עזורי","85170","מאושר","","התאחדות · worldfootball (גשר תעתיק) · הגרסה שבייצור · Transfermarkt","4","FW","IL","1999","2","16/17, 18/19","0","","",""
"ביתרdle","עוז ראלי","31339","מאושר","","התאחדות · worldfootball (גשר תעתיק) · קטגוריה · קריירה-עברית · קריירה-אנגלית · הגרסה שבייצור · Transfermarkt","6","MF","IL","1987","2","16/17, 18/19","0","","",""
"ביתרdle","שלומי אביסידריס","","מאושר","","worldfootball · קטגוריה · קריירה-עברית · קריירה-אנגלית · הגרסה שבייצור · Transfermarkt","5","FW","IL","1989","1","16/17","0","","",""
"ביתרdle","תמיר לאלו","","מאושר","","worldfootball (גשר תעתיק) · הגרסה שבייצור · Transfermarkt","3","GK","IL","1997","1","16/17","0","","",""
"ביתרdle","אוהד אלבז","","מאושר","","worldfootball (גשר תעתיק) · הגרסה שבייצור · Transfermarkt","3","MF","IL","1998","1","17/18","0","","",""
"ביתרdle","בני פרץ","","מאושר","","worldfootball (גשר תעתיק) · הגרסה שבייצור","2","GK","IL","1998","1","17/18","0","","",""
"ביתרdle","ג'ייקוב סילבסטר","201042","מאושר","","התאחדות · worldfootball (גשר תעתיק) · הגרסה שבייצור · Transfermarkt","4","FW","SK","1989","1","17/18","0","","",""
"ביתרdle","דוד בויסן","","מאושר","","worldfootball (גשר תעתיק) · הגרסה שבייצור · Transfermarkt","3","FW","DK","1991","1","17/18","0","","",""
"ביתרdle","דור קונסטנטינוס","73528","מאושר","","התאחדות · worldfootball (גשר תעתיק) · הגרסה שבייצור","3","MF","IL","1997","2","17/18, 20/21","0","","",""
"ביתרdle","יום טוב עופר","","מאושר","","worldfootball (גשר תעתיק) · הגרסה שבייצור","2","DF","IL","1990","1","17/18","0","","",""
"ביתרdle","יעקב מזרחי","","מאושר","","הגרסה שבייצור · Transfermarkt","2","DF","IL","1998","2","17/18, 23/24","0","","",""
"ביתרdle","עוז סיטון","76773","מאושר","","התאחדות · worldfootball (גשר תעתיק) · הגרסה שבייצור","3","MF","IL","1998","1","17/18","0","","",""
"ביתרdle","עופר ורטה","4955","מאושר","","התאחדות · worldfootball · קטגוריה · קריירה-עברית · קריירה-אנגלית · הגרסה שבייצור · Transfermarkt","6","DF","IL","1990","1","17/18","0","","",""
"ביתרdle","פול אקואוקו","","מקור יחיד","נמוך","הגרסה שבייצור","1","MF","CI","1997","1","17/18","0","","",""
"ביתרdle","שון גולדברג","58440","מאושר","","התאחדות · worldfootball (גשר תעתיק) · קטגוריה · קריירה-עברית · קריירה-אנגלית · הגרסה שבייצור · Transfermarkt","6","MF","IL","1995","1","17/18","0","","",""
"ביתרdle","אופק עברי","","מאושר","","worldfootball (גשר תעתיק) · הגרסה שבייצור","2","GK","IL","1999","2","18/19, 20/21","0","","",""
"ביתרdle","אור אינברום","","מאושר","","worldfootball (גשר תעתיק) · קטגוריה · קריירה-עברית · קריירה-אנגלית · הגרסה שבייצור · Transfermarkt","5","MF","IL","1996","1","18/19","0","","",""
"ביתרdle","אור זהבי","69070","מאושר","","התאחדות · worldfootball · קטגוריה · קריירה-עברית · קריירה-אנגלית · הגרסה שבייצור · Transfermarkt","6","DF","IL","1996","4","18/19-20/21, 22/23","1","כן","115",""
"ביתרdle","איתמר ניצן","1898","מאושר","","התאחדות · worldfootball (גשר תעתיק) · קטגוריה · קריירה-עברית · קריירה-אנגלית · הגרסה שבייצור · Transfermarkt","6","GK","IL","1987","4","18/19-21/22","0","כן","6",""
"ביתרdle","אנז' פרדי פלומה","","מאושר","","worldfootball · קטגוריה · קריירה-עברית · קריירה-אנגלית · הגרסה שבייצור · Transfermarkt","5","FW","GP","1995","2","18/19-19/20","0","","",""
"ביתרdle","אנתוני אנאן","","מאושר","","worldfootball · קטגוריה · קריירה-עברית · קריירה-אנגלית · הגרסה שבייצור · Transfermarkt","5","MF","GH","1986","1","18/19","0","","",""
"ביתרdle","אפונסו טיירה","","מאושר","","worldfootball · קטגוריה · קריירה-עברית · קריירה-אנגלית · הגרסה שבייצור · Transfermarkt","5","MF","PT","1992","1","18/19","0","","",""
"ביתרdle","גדי קינדה","48643","מאושר","","התאחדות · worldfootball · קטגוריה · קריירה-עברית · קריירה-אנגלית · הגרסה שבייצור · Transfermarkt","6","MF","IL","1994","1","18/19","0","","",""
"ביתרdle","דודו גורש","","מאושר","","worldfootball (גשר תעתיק) · קטגוריה · קריירה-עברית · קריירה-אנגלית · הגרסה שבייצור · Transfermarkt","5","GK","IL","1980","1","18/19","0","","",""
"ביתרdle","טל בן חיים","1415","מאושר","","התאחדות · worldfootball (גשר תעתיק) · קטגוריה · קריירה-עברית · הגרסה שבייצור · Transfermarkt","5","DF","IL","1982","3","18/19-20/21","0","כן","100",""
"ביתרdle","מאור בוזגלו","17719","מאושר","","התאחדות · worldfootball · קטגוריה · קריירה-עברית · קריירה-אנגלית · הגרסה שבייצור · Transfermarkt","6","FW","IL","1988","1","18/19","0","","",""
"ביתרdle","מיכאי וודוץ","","מאושר","","worldfootball · קטגוריה · קריירה-עברית · קריירה-אנגלית · הגרסה שבייצור · Transfermarkt","5","FW","RO","1994","1","18/19","0","","",""
"ביתרdle","מתן פלג","","מאושר","","worldfootball (גשר תעתיק) · קטגוריה · קריירה-עברית · הגרסה שבייצור · Transfermarkt","4","DF","GT","1993","1","18/19","0","","",""
"ביתרdle","נועם חפצדי","","מאושר","","worldfootball (גשר תעתיק) · הגרסה שבייצור","2","DF","IL","1997","1","18/19","0","","",""
"ביתרdle","נתנאל דלויה","98804","מאושר","","התאחדות · worldfootball (גשר תעתיק) · הגרסה שבייצור · Transfermarkt","4","GK","IL","1998","5","18/19-22/23","1","כן","47",""
"ביתרdle","עוזיאל פרדו","130450","מאושר","","התאחדות · worldfootball (גשר תעתיק) · הגרסה שבייצור · Transfermarkt","4","FW","IL","1999","4","18/19, 20/21-21/22, 23/24","0","כן","119",""
"ביתרdle","רועי פדידה","98862","מאושר","","התאחדות · worldfootball (גשר תעתיק) · הגרסה שבייצור · Transfermarkt","4","FW","IL","2000","2","18/19, 20/21","0","","",""
"ביתרdle","שמואל שיימן","135072","מאושר","","התאחדות · worldfootball · קטגוריה · קריירה-עברית · קריירה-אנגלית · הגרסה שבייצור · Transfermarkt","6","DF","IL","1987","1","18/19","0","","",""
"ביתרdle","אביאל זרגרי","119318","מאושר","","התאחדות · קטגוריה · קריירה-עברית · קריירה-אנגלית · הגרסה שבייצור · Transfermarkt","5","MF","IL","2002","3","19/20-21/22","0","כן","24",""
"ביתרdle","אלירן עטר","31335","מאושר","","התאחדות · worldfootball · קטגוריה · קריירה-עברית · קריירה-אנגלית · הגרסה שבייצור · Transfermarkt","6","FW","IL","1987","2","19/20-20/21","0","","",""
"ביתרdle","דוד דגו","","מאושר","","worldfootball (גשר תעתיק) · הגרסה שבייצור · Transfermarkt","3","MF","IL","2001","3","19/20-21/22","0","כן","107",""
"ביתרdle","דיוגו ורדשקה","","מאושר","","worldfootball · קטגוריה · קריירה-עברית · קריירה-אנגלית · הגרסה שבייצור · Transfermarkt","5","DF","PT","1996","2","19/20-20/21","0","","",""
"ביתרdle","יקיר ארצי","60175","מאושר","","התאחדות · worldfootball (גשר תעתיק) · הגרסה שבייצור","3","DF","IL","1995","2","19/20-20/21","0","","",""
"ביתרdle","לוי גארסיה","201652","מאושר","","התאחדות · worldfootball (גשר תעתיק) · הגרסה שבייצור · Transfermarkt","4","FW","TT","1997","1","19/20","0","","",""
"ביתרdle","לי און מזרחי","","מאושר","","התאחדות · worldfootball · קטגוריה · קריירה-עברית · קריירה-אנגלית · הגרסה שבייצור · Transfermarkt","6","DF","IL","2002","4","19/20, 22/23-24/25","1","כן","102",""
"ביתרdle","לירן רוטמן","64761","מאושר","","התאחדות · worldfootball · קטגוריה · קריירה-עברית · קריירה-אנגלית · הגרסה שבייצור · Transfermarkt","6","MF","IL","1996","2","19/20, 21/22","0","","",""
"ביתרdle","מיכאל אוחנה","68383","מאושר","","התאחדות · worldfootball · קטגוריה · קריירה-עברית · קריירה-אנגלית · הגרסה שבייצור · Transfermarkt","6","MF","IL","1995","3","19/20-21/22","0","כן","13",""
"ביתרdle","מקסים גרצ'קין","59498","מאושר","","התאחדות · worldfootball (גשר תעתיק) · קטגוריה · קריירה-עברית · קריירה-אנגלית · הגרסה שבייצור · Transfermarkt","6","DF","IL","1996","3","19/20, 21/22-22/23","1","כן","9",""
"ביתרdle","עלי מוחמד","","מאושר","","התאחדות · worldfootball (גשר תעתיק) · קטגוריה · קריירה-עברית · הגרסה שבייצור · Transfermarkt","5","MF","NE","1995","2","19/20-20/21","0","","",""
"ביתרdle","רוי דוגה","121003","מאושר","","התאחדות · worldfootball (גשר תעתיק) · הגרסה שבייצור · Transfermarkt","4","FW","IL","2002","3","19/20-21/22","0","כן","80",""
"ביתרdle","רוי ששון","110990","מאושר","","התאחדות · worldfootball (גשר תעתיק) · הגרסה שבייצור","3","GK","IL","2001","5","19/20-23/24","1","כן","82",""
"ביתרdle","שי קונסטנטין","","מאושר","","worldfootball · קטגוריה · קריירה-עברית · קריירה-אנגלית · הגרסה שבייצור · Transfermarkt","5","DF","IL","1996","2","19/20-20/21","0","","",""
"ביתרdle","שלום אדרי","39728","מאושר","","התאחדות · worldfootball · קטגוריה · קריירה-עברית · קריירה-אנגלית · הגרסה שבייצור · Transfermarkt","6","MF","IL","1994","1","19/20","0","","",""
"ביתרdle","תמיר עדי","","מאושר","","worldfootball (גשר תעתיק) · קטגוריה · קריירה-עברית · הגרסה שבייצור · Transfermarkt","4","MF","IL","1993","4","19/20-22/23","1","כן","78",""
"ביתרdle","אוראל דגני","2177","מאושר","","התאחדות · worldfootball · קטגוריה · קריירה-עברית · קריירה-אנגלית · הגרסה שבייצור · Transfermarkt","6","DF","IL","1989","4","20/21-23/24","1","כן","32",""
"ביתרdle","אורן ביטון","64200","מאושר","","התאחדות · worldfootball · קטגוריה · קריירה-עברית · קריירה-אנגלית · הגרסה שבייצור · Transfermarkt","6","DF","IL","1994","2","20/21-21/22","0","","",""
"ביתרdle","דוד חוג'ה","102370","מאושר","","התאחדות · worldfootball (גשר תעתיק) · הגרסה שבייצור · Transfermarkt","4","DF","IL","2001","2","20/21-21/22","0","","",""
"ביתרdle","חלאופילו פלייטר","","מאושר","","worldfootball · קטגוריה · קריירה-עברית · קריירה-אנגלית · הגרסה שבייצור · Transfermarkt","5","FW","SR","1999","3","20/21-22/23","1","כן","87",""
"ביתרdle","ירדן שועה","86636","מאושר","","התאחדות · worldfootball · קטגוריה · קריירה-עברית · קריירה-אנגלית · הגרסה שבייצור · Transfermarkt","6","FW","IL","1999","6","20/21-25/26","1","כן","31",""
"ביתרdle","מירון טל","119314","מאושר","","התאחדות · worldfootball (גשר תעתיק) · הגרסה שבייצור · Transfermarkt","4","MF","IL","2002","5","20/21-23/24, 25/26","1","כן","88",""
"ביתרdle","מרקו יאנקוביץ'","","מאושר","","worldfootball (גשר תעתיק) · קטגוריה · קריירה-עברית · קריירה-אנגלית · הגרסה שבייצור · Transfermarkt","5","FW","ME","1995","1","20/21","0","","",""
"ביתרdle","מתאוזיניו","","מאושר","","worldfootball (גשר תעתיק) · הגרסה שבייצור · Transfermarkt","3","MF","BR","1998","1","20/21","0","","",""
"ביתרdle","ניקו אולסק","","מאושר","","worldfootball · קטגוריה · קריירה-עברית · קריירה-אנגלית · הגרסה שבייצור","4","MF","IL","1991","1","20/21","0","","",""
"ביתרdle","סנטיאגו אוקמפוס","","מאושר","","worldfootball (גשר תעתיק) · הגרסה שבייצור · Transfermarkt","3","DF","PY","2002","1","20/21","0","","",""
"ביתרdle","קים זיבת","161937","מאושר","","התאחדות · הגרסה שבייצור · Transfermarkt","3","GK","IL","2003","2","20/21, 23/24","0","","",""
"ביתרdle","רז ברוכיאן","","מאושר","","worldfootball (גשר תעתיק) · הגרסה שבייצור · Transfermarkt","3","DF","IL","2002","1","20/21","0","","",""
"ביתרdle","אדווין גיאסי","235236","מאושר","","התאחדות · worldfootball · קטגוריה · קריירה-עברית · קריירה-אנגלית · הגרסה שבייצור · Transfermarkt","6","FW","GH","1991","1","21/22","0","","",""
"ביתרdle","גלאופילו וליגטר","200695","מאושר","","התאחדות · worldfootball (גשר תעתיק) · הגרסה שבייצור · Transfermarkt","4","MF","IL","","1","21/22","0","","",""
"ביתרdle","דן עזריה","49913","מאושר","","התאחדות · worldfootball (גשר תעתיק) · קטגוריה · קריירה-עברית · הגרסה שבייצור","4","MF","IL","1995","3","21/22-23/24","1","כן","114",""
"ביתרdle","חוסואה מחיאס","","מאושר","","worldfootball · קטגוריה · קריירה-עברית · קריירה-אנגלית · הגרסה שבייצור · Transfermarkt","5","DF","VE","1997","2","21/22-22/23","1","","",""
"ביתרdle","ליאל דרעי","175746","מאושר","","התאחדות · worldfootball (גשר תעתיק) · הגרסה שבייצור · Transfermarkt","4","DF","IL","2003","3","21/22-22/23, 24/25","1","כן","63",""
"ביתרdle","נהוראי דבוש","142991","מאושר","","התאחדות · worldfootball · קטגוריה · קריירה-עברית · קריירה-אנגלית · הגרסה שבייצור · Transfermarkt","6","FW","IL","2004","4","21/22-24/25","1","כן","68",""
"ביתרdle","ניב זריהן","50070","מאושר","","התאחדות · worldfootball · קטגוריה · קריירה-עברית · קריירה-אנגלית · הגרסה שבייצור · Transfermarkt","6","FW","IL","1994","1","21/22","0","","",""
"ביתרdle","עדי יונה","148934","מאושר","","התאחדות · worldfootball · קטגוריה · קריירה-עברית · קריירה-אנגלית · הגרסה שבייצור · Transfermarkt","6","MF","IL","2004","5","21/22-25/26","1","כן","52",""
"ביתרdle","עומר לקאו","102436","מאושר","","התאחדות · worldfootball (גשר תעתיק) · קטגוריה · קריירה-עברית · הגרסה שבייצור · Transfermarkt","5","MF","IL","1998","1","21/22","0","","",""
"ביתרdle","עמית כהן","76603","מאושר","","התאחדות · worldfootball (גשר תעתיק) · קטגוריה · קריירה-עברית · הגרסה שבייצור · Transfermarkt","5","DF","IL","1998","2","21/22-22/23","1","","",""
"ביתרdle","קמסו מארה","","מאושר","","worldfootball · קטגוריה · קריירה-עברית · קריירה-אנגלית · הגרסה שבייצור · Transfermarkt","5","MF","GN","1994","1","21/22","0","","",""
"ביתרdle","רועי הרמן","97940","מאושר","","התאחדות · worldfootball (גשר תעתיק) · קטגוריה · קריירה-עברית · הגרסה שבייצור · Transfermarkt","5","DF","IL","2000","1","21/22","0","","",""
"ביתרdle","ריצ'מונד בואצ'י","236195","מאושר","","התאחדות · worldfootball · קטגוריה · קריירה-עברית · קריירה-אנגלית · הגרסה שבייצור · Transfermarkt","6","FW","GH","1993","1","21/22","0","","",""
"ביתרdle","אורי דהן","107824","מאושר","","התאחדות · worldfootball (גשר תעתיק) · קטגוריה · קריירה-עברית · קריירה-אנגלית · הגרסה שבייצור · Transfermarkt","6","DF","IL","1999","4","22/23-25/26","1","כן","43",""
"ביתרdle","איתמר ישראלי","20529","מאושר","","התאחדות · worldfootball · קטגוריה · קריירה-עברית · קריירה-אנגלית · הגרסה שבייצור · Transfermarkt","6","GK","IL","1992","1","22/23","1","","",""
"ביתרdle","בר כהן","108572","מאושר","","התאחדות · worldfootball (גשר תעתיק) · קטגוריה · קריירה-עברית · הגרסה שבייצור · Transfermarkt","5","MF","IL","2001","1","22/23","1","","",""
"ביתרdle","גריגורי מורוזוב","264398","מאושר","","התאחדות · worldfootball · קטגוריה · קריירה-עברית · קריירה-אנגלית · הגרסה שבייצור · Transfermarkt","6","DF","RU","1994","4","22/23-25/26","1","כן","103",""
"ביתרdle","דנילו אספרייה","235447","מאושר","","התאחדות · worldfootball · קטגוריה · קריירה-עברית · קריירה-אנגלית · הגרסה שבייצור · Transfermarkt","6","FW","CO","1989","1","22/23","1","","",""
"ביתרdle","טראזייה תומא","","מאושר","","worldfootball · קטגוריה · קריירה-עברית · קריירה-אנגלית · הגרסה שבייצור · Transfermarkt","5","MF","CI","1999","1","22/23","1","","",""
"ביתרdle","יון ניקולאסקו","","מאושר","","worldfootball · קטגוריה · קריירה-עברית · קריירה-אנגלית · הגרסה שבייצור · Transfermarkt","5","FW","MD","1998","1","22/23","1","","",""
"ביתרdle","מיגל סילבה","","מאושר","","קטגוריה · קריירה-עברית · קריירה-אנגלית · הגרסה שבייצור · Transfermarkt","4","GK","PT","1995","4","22/23-25/26","1","כן","79",""
"ביתרdle","סרג'י בורודין","264044","מאושר","","התאחדות · worldfootball (גשר תעתיק) · הגרסה שבייצור · Transfermarkt","4","DF","RU","1999","1","22/23","1","","",""
"ביתרdle","עילאי מדמון","","מאושר","","worldfootball (גשר תעתיק) · הגרסה שבייצור · Transfermarkt","3","MF","IL","2003","1","22/23","1","","",""
"ביתרdle","פרד פריידיי","264400","מאושר","","התאחדות · worldfootball · קטגוריה · קריירה-עברית · קריירה-אנגלית · הגרסה שבייצור · Transfermarkt","6","FW","NG","1995","2","22/23-23/24","1","","",""
"ביתרdle","אדי גוטליב","50210","מאושר","","התאחדות · worldfootball (גשר תעתיק) · קטגוריה · קריירה-עברית · קריירה-אנגלית · הגרסה שבייצור · Transfermarkt","6","DF","IL","1992","1","23/24","0","","",""
"ביתרdle","אופיר גודוסי","","מאושר","","worldfootball (גשר תעתיק) · הגרסה שבייצור","2","FW","IL","2004","1","23/24","0","","",""
"ביתרdle","איסמאילה סורו","200651","מאושר","","התאחדות · worldfootball · קטגוריה · קריירה-עברית · קריירה-אנגלית · הגרסה שבייצור · Transfermarkt","6","MF","CI","1998","2","23/24-24/25","0","","",""
"ביתרdle","אלון בן עמי","148940","מאושר","","התאחדות · worldfootball (גשר תעתיק) · הגרסה שבייצור · Transfermarkt","4","DF","IL","2004","2","23/24-24/25","0","","",""
"ביתרdle","בן ביטון","16607","מאושר","","התאחדות · worldfootball · קטגוריה · קריירה-עברית · קריירה-אנגלית · הגרסה שבייצור · Transfermarkt","6","DF","IL","1991","1","23/24","0","","",""
"ביתרdle","דור מיכה","5283","מאושר","","התאחדות · worldfootball · קטגוריה · קריירה-עברית · קריירה-אנגלית · הגרסה שבייצור · Transfermarkt","6","MF","IL","1992","3","23/24-25/26","0","כן","111",""
"ביתרdle","זוהר זסנו","165543","מאושר","","התאחדות · קטגוריה · קריירה-עברית · קריירה-אנגלית · הגרסה שבייצור","4","DF","IL","2001","2","23/24-24/25","0","","",""
"ביתרdle","טימוטי מוזי","111690","מאושר","","התאחדות · worldfootball · קטגוריה · קריירה-עברית · קריירה-אנגלית · הגרסה שבייצור · Transfermarkt","6","MF","IL","2001","3","23/24-25/26","0","כן","97",""
"ביתרdle","יאן יוסופוב","139150","מאושר","","התאחדות · הגרסה שבייצור","2","FW","IL","2005","2","23/24-24/25","0","","",""
"ביתרdle","יובל אשכנזי","20909","מאושר","","התאחדות · worldfootball (גשר תעתיק) · קטגוריה · קריירה-עברית · הגרסה שבייצור · Transfermarkt","5","MF","IL","1992","1","23/24","0","","",""
"ביתרdle","לירן כהן","","מאושר","","worldfootball (גשר תעתיק) · הגרסה שבייצור","2","DF","IL","2001","1","23/24","0","","",""
"ביתרdle","מיירון ג'ורג'","","מאושר","","worldfootball · קטגוריה · קריירה-עברית · קריירה-אנגלית · הגרסה שבייצור · Transfermarkt","5","FW","CR","1993","2","23/24-24/25","0","","",""
"ביתרdle","ניקה חורחלי","283350","מאושר","","התאחדות · worldfootball · קטגוריה · קריירה-עברית · קריירה-אנגלית · הגרסה שבייצור · Transfermarkt","6","MF","GE","2001","1","23/24","0","","",""
"ביתרdle","עומר קורסיה","117792","מאושר","","התאחדות · worldfootball (גשר תעתיק) · הגרסה שבייצור","3","DF","IL","2002","1","23/24","0","","",""
"ביתרdle","פלמן גלבוב","","מאושר","","worldfootball · קטגוריה · קריירה-עברית · קריירה-אנגלית · הגרסה שבייצור · Transfermarkt","5","DF","BG","1995","1","23/24","0","","",""
"ביתרdle","רום אליגון","158064","מאושר","","התאחדות · worldfootball (גשר תעתיק) · הגרסה שבייצור · Transfermarkt","4","FW","IL","2002","1","23/24","0","","",""
"ביתרdle","רועי בן שמעון","105733","מאושר","","התאחדות · worldfootball (גשר תעתיק) · קטגוריה · קריירה-עברית · קריירה-אנגלית · הגרסה שבייצור · Transfermarkt","6","FW","IL","2000","1","23/24","0","","",""
"ביתרdle","גיל כהן","108582","מאושר","","התאחדות · worldfootball (גשר תעתיק) · הגרסה שבייצור · Transfermarkt","4","DF","IL","2000","2","24/25-25/26","0","","",""
"ביתרdle","ז'אן מרסלן","","מאושר","","worldfootball · קטגוריה · קריירה-עברית · קריירה-אנגלית · הגרסה שבייצור · Transfermarkt","5","DF","MG","2000","1","24/25","0","","",""
"ביתרdle","יאקוב ג'נו","","מקור יחיד","נמוך","הגרסה שבייצור","1","MF","NC","2000","1","24/25","0","","",""
"ביתרdle","יובל שלו","206673","מאושר","","התאחדות · worldfootball (גשר תעתיק) · הגרסה שבייצור · Transfermarkt","4","DF","IL","2005","2","24/25-25/26","0","","",""
"ביתרdle","ירין לוי","180775","מאושר","","התאחדות · worldfootball · קטגוריה · קריירה-עברית · קריירה-אנגלית · הגרסה שבייצור · Transfermarkt","6","MF","IL","2005","2","24/25-25/26","0","","",""
"ביתרdle","סילבה קאני","","מאושר","","קטגוריה · קריירה-עברית · קריירה-אנגלית · הגרסה שבייצור","3","FW","TG","2003","1","24/25","0","","",""
"ביתרdle","עילאי חדד","","מקור יחיד","נמוך","הגרסה שבייצור","1","DF","IL","2005","1","24/25","0","","",""
"ביתרdle","עמית קורנפיין","","מאושר","","worldfootball (גשר תעתיק) · הגרסה שבייצור · Transfermarkt","3","GK","IL","2005","2","24/25-25/26","0","","",""
"ביתרdle","פטריק טוומאסי","247546","מאושר","","התאחדות · קטגוריה · קריירה-עברית · קריירה-אנגלית · הגרסה שבייצור · Transfermarkt","5","FW","GH","1994","1","24/25","0","","",""
"ביתרdle","צחי יצחק","171001","מאושר","","התאחדות · הגרסה שבייצור","2","MF","IL","2005","1","24/25","0","","",""
"ביתרdle","רז כרמי","67828","מאושר","","התאחדות · worldfootball (גשר תעתיק) · הגרסה שבייצור · Transfermarkt","4","GK","IL","1996","1","24/25","0","","",""
"ביתרdle","שגיא ישראלי","132446","מאושר","","התאחדות · worldfootball (גשר תעתיק) · הגרסה שבייצור · Transfermarkt","4","MF","IL","2004","1","24/25","0","","",""
"ביתרdle","איילסון טאברס","302744","מאושר","","התאחדות · worldfootball (גשר תעתיק) · הגרסה שבייצור · Transfermarkt","4","MF","CV","1998","1","25/26","0","","",""
"ביתרdle","איתי יוסף שושן","","מאושר","","worldfootball (גשר תעתיק) · הגרסה שבייצור","2","MF","IL","2007","1","25/26","0","","",""
"ביתרdle","איתי סניור","191467","מאושר","","התאחדות · worldfootball (גשר תעתיק) · הגרסה שבייצור · Transfermarkt","4","GK","IL","2006","1","25/26","0","","",""
"ביתרdle","אלכסנדר סוטסקוב","164667","מאושר","","התאחדות · worldfootball (גשר תעתיק) · הגרסה שבייצור","3","MF","IL","2006","1","25/26","0","","",""
"ביתרdle","בוריס אינו","","מאושר","","worldfootball · קטגוריה · קריירה-עברית · קריירה-אנגלית · הגרסה שבייצור · Transfermarkt","5","MF","CM","2000","1","25/26","0","","",""
"ביתרdle","בריאן קרבאלי","302741","מאושר","","התאחדות · worldfootball (גשר תעתיק) · הגרסה שבייצור · Transfermarkt","4","DF","CO","1999","1","25/26","0","","",""
"ביתרdle","ג'ונבוסקו קאלו","","מאושר","","worldfootball · קטגוריה · קריירה-עברית · קריירה-אנגלית · הגרסה שבייצור","4","FW","NG","1997","1","25/26","0","","",""
"ביתרdle","דור חוגי","49847","מאושר","","התאחדות · worldfootball · קטגוריה · קריירה-עברית · קריירה-אנגלית · הגרסה שבייצור · Transfermarkt","6","FW","IL","1995","1","25/26","0","","",""
"ביתרdle","זיו בן שמול","","מאושר","","worldfootball (גשר תעתיק) · הגרסה שבייצור · Transfermarkt","3","MF","IL","2004","1","25/26","0","","",""
"ביתרdle","חאסונד גונסאלס","319584","מאושר","","התאחדות · קטגוריה · קריירה-עברית · קריירה-אנגלית · הגרסה שבייצור","4","FW","CO","1999","1","25/26","0","","",""
"ביתרdle","יאן שיקוט","","מאושר","","worldfootball (גשר תעתיק) · הגרסה שבייצור · Transfermarkt","3","FW","IL","2007","1","25/26","0","","",""
"ביתרdle","יהונתן עוזר","106754","מאושר","","התאחדות · worldfootball (גשר תעתיק) · הגרסה שבייצור · Transfermarkt","4","GK","IL","2000","1","25/26","0","","",""
"ביתרdle","ירדן כהן","75390","מאושר","","התאחדות · worldfootball (גשר תעתיק) · קטגוריה · קריירה-עברית · קריירה-אנגלית · הגרסה שבייצור · Transfermarkt","6","DF","IL","1997","1","25/26","0","","",""
"ביתרdle","לוקה גדראני","306375","מאושר","","התאחדות · worldfootball · קטגוריה · קריירה-עברית · קריירה-אנגלית · הגרסה שבייצור · Transfermarkt","6","DF","GE","1997","1","25/26","0","","",""
"ביתרdle","נאנה אנטווי","","מאושר","","worldfootball (גשר תעתיק) · קטגוריה · קריירה-אנגלית · הגרסה שבייצור · Transfermarkt","5","DF","GH","2000","1","25/26","0","","",""
"ביתרdle","עדו זברו","","מאושר","","worldfootball (גשר תעתיק) · הגרסה שבייצור · Transfermarkt","3","GK","IL","","1","25/26","0","","",""
"ביתרdle","עדי יששכר","","מאושר","","worldfootball (גשר תעתיק) · הגרסה שבייצור","2","GK","IL","2006","1","25/26","0","","",""
"ביתרdle","רועי אלימלך","120960","מאושר","","התאחדות · worldfootball (גשר תעתיק) · קריירה-עברית · הגרסה שבייצור · Transfermarkt","5","DF","IL","2002","1","25/26","0","","",""
"ביתרdle","שחר ויסגי","152943","מאושר","","התאחדות · worldfootball (גשר תעתיק) · הגרסה שבייצור · Transfermarkt","4","MF","IL","2006","1","25/26","0","","",""
"באר־שבעdle","שלום אביטן","","מאושר","","worldfootball · קטגוריה · קריירה-עברית · קריירה-אנגלית","3","FW","IL","1951","1","72/73","0","","",""
"באר־שבעdle","יעקב כהן","","מאושר","","worldfootball · קטגוריה · קריירה-עברית","2","DF","IL","1956","6","74/75-79/80","2","כן","43",""
"באר־שבעdle","אלון בן דור","","מאושר","","worldfootball · קטגוריה · קריירה-עברית · קריירה-אנגלית · Transfermarkt","4","DF","IL","1952","2","75/76-76/77","1","","",""
"באר־שבעdle","שלמה אילוז","","מאושר","","worldfootball · קטגוריה · קריירה-עברית · קריירה-אנגלית · Transfermarkt","4","DF","IL","1959","19","77/78-95/96","0","כן","37",""
"באר־שבעdle","אפרים דוידי","","מאושר","","worldfootball (גשר תעתיק) · קטגוריה · קריירה-עברית · Transfermarkt","3","DF","IL","1959","15","78/79-89/90, 92/93-94/95","0","כן","67",""
"באר־שבעdle","אלי אוזן","","מאושר","","worldfootball · קטגוריה · קריירה-עברית · קריירה-אנגלית · Transfermarkt","4","DF","IL","1963","4","80/81-83/84","0","כן","1",""
"באר־שבעdle","סתיו אלימלך","13276","מאושר","","התאחדות · worldfootball · קטגוריה · קריירה-עברית · קריירה-אנגלית · Transfermarkt","5","MF","IL","1969","19","87/88-96/97, 98/99-06/07","1","כן","20",""
"באר־שבעdle","אסי רחמים","","מאושר","","worldfootball · קטגוריה · קריירה-עברית · קריירה-אנגלית · Transfermarkt","4","GK","IL","1971","15","88/89, 91/92-94/95, 98/99-03/04, 05/06-08/09","0","כן","35",""
"באר־שבעdle","גדי חזות","","מאושר","","worldfootball · קטגוריה · קריירה-עברית · קריירה-אנגלית · Transfermarkt","4","DF","IL","1969","9","88/89-96/97","1","כן","25",""
"באר־שבעdle","ניסו אביטן","","מאושר","","worldfootball · קטגוריה · קריירה-עברית · Transfermarkt","3","MF","IL","1971","3","90/91, 94/95, 98/99","0","כן","50",""
"באר־שבעdle","אורן סגרון","28730","מאושר","","התאחדות · worldfootball · קטגוריה · קריירה-עברית · קריירה-אנגלית · Transfermarkt","5","FW","IL","1972","15","91/92-05/06","1","כן","18",""
"באר־שבעdle","שאול סמדג'ה","13292","מאושר","","התאחדות · worldfootball · קטגוריה · קריירה-עברית · קריירה-אנגלית · Transfermarkt","5","GK","IL","1972","8","92/93-97/98, 01/02-02/03","1","כן","2",""
"באר־שבעdle","אמיר אביגדור","","מאושר","","worldfootball · קטגוריה · קריירה-עברית · קריירה-אנגלית · Transfermarkt","4","FW","IL","1970","5","93/94-97/98","1","כן","15",""
"באר־שבעdle","ויקטור מורוז","","מאושר","","worldfootball · קטגוריה · קריירה-עברית · קריירה-אנגלית · Transfermarkt","4","MF","UA","1968","2","93/94-94/95","0","","",""
"באר־שבעdle","מיקה אלטונן","","מאושר","","worldfootball · קטגוריה · קריירה-עברית · קריירה-אנגלית · Transfermarkt","4","MF","FI","1965","1","93/94","0","","",""
"באר־שבעdle","מריאן קלפטיאנו","","מאושר","","worldfootball · קטגוריה · קריירה-עברית · קריירה-אנגלית · Transfermarkt","4","MF","RO","1965","1","94/95","0","","",""
"באר־שבעdle","אבי פרץ","","מאושר","","worldfootball · קטגוריה · קריירה-עברית","2","GK","IL","1971","2","95/96-96/97","1","","",""
"באר־שבעdle","ג'ובאני רוסו","","מאושר","","worldfootball · קטגוריה · קריירה-עברית · קריירה-אנגלית","3","MF","HR","1972","1","96/97","1","","",""
"באר־שבעdle","סיאד חלילוביץ'","","מאושר","","worldfootball · קטגוריה · קריירה-עברית · קריירה-אנגלית · Transfermarkt","4","MF","BA","1969","1","96/97","1","","",""
"באר־שבעdle","שי הולצמן","","מאושר","","worldfootball · קטגוריה · קריירה-עברית · קריירה-אנגלית","3","FW","IL","1974","1","96/97","1","","",""
"באר־שבעdle","יוסי בניון","111","מאושר","","התאחדות · worldfootball · קטגוריה · קריירה-אנגלית · Transfermarkt","5","MF","IL","1980","2","97/98, 02/03","0","","",""
"באר־שבעdle","נועם שוהם","","מאושר","","worldfootball · קטגוריה · קריירה-עברית · קריירה-אנגלית · Transfermarkt","4","MF","IL","1970","1","99/00","0","","",""
"באר־שבעdle","אופיר חיים","13286","מאושר","","התאחדות · worldfootball · קטגוריה · קריירה-עברית · קריירה-אנגלית · Transfermarkt","5","FW","IL","1975","6","00/01-03/04, 07/08-08/09","0","כן","44",""
"באר־שבעdle","אליניב ברדה","13280","מאושר","","התאחדות · worldfootball · קטגוריה · קריירה-עברית · קריירה-אנגלית · Transfermarkt","5","FW","IL","1981","7","00/01-01/02, 13/14-17/18","3","כן","38",""
"באר־שבעdle","דייבי קורמן","","מאושר","","worldfootball · קטגוריה · קריירה-עברית · קריירה-אנגלית · Transfermarkt","4","MF","BE","1971","2","00/01-01/02","0","","",""
"באר־שבעdle","כפיר אדרי","","מאושר","","worldfootball · קטגוריה · קריירה-עברית · קריירה-אנגלית · Transfermarkt","4","MF","IL","1976","1","01/02","0","","",""
"באר־שבעdle","שוקי נגר","","מאושר","","worldfootball · קטגוריה · קריירה-עברית · קריירה-אנגלית · Transfermarkt","4","DF","IL","1977","3","01/02-03/04","0","כן","39",""
"באר־שבעdle","אביתר אילוז","17341","מאושר","","התאחדות · worldfootball (גשר תעתיק) · קטגוריה · קריירה-עברית · קריירה-אנגלית · Transfermarkt","5","DF","IL","1983","13","02/03-04/05, 06/07-15/16","1","כן","66",""
"באר־שבעdle","אייל עבד","13294","מאושר","","התאחדות · Transfermarkt","2","","IL","","2","02/03-03/04","0","","",""
"באר־שבעdle","איציק פרץ","13295","מקור יחיד","נמוך","התאחדות","1","","IL","","1","02/03","0","","",""
"באר־שבעdle","אלעד בונפלד","13279","מאושר","","התאחדות · worldfootball (גשר תעתיק) · קטגוריה · קריירה-עברית · Transfermarkt","4","MF","IL","1980","7","02/03-04/05, 06/07-09/10","0","כן","31",""
"באר־שבעdle","אלעד שוורץ","14388","מקור יחיד","נמוך","התאחדות","1","","IL","","1","02/03","0","","",""
"באר־שבעdle","אלעזר לביא","14143","מאושר","","התאחדות · Transfermarkt","2","","IL","","2","02/03, 04/05","0","","",""
"באר־שבעdle","אמולה אייגיוני","164908","מקור יחיד","נמוך","התאחדות","1","","IL","","1","02/03","0","","",""
"באר־שבעdle","אמיר אבוטבול","28707","מאושר","","התאחדות · worldfootball (גשר תעתיק)","2","","IL","","1","02/03","0","","",""
"באר־שבעdle","אסף רחמים","13299","מאושר","","התאחדות · worldfootball (גשר תעתיק)","2","","IL","","6","02/03-03/04, 05/06-08/09","0","","",""
"באר־שבעdle","אפיק ארזואן","17344","מקור יחיד","נמוך","התאחדות","1","","IL","","1","02/03","0","","",""
"באר־שבעdle","בונו אלכסנדר","34516","מקור יחיד","נמוך","התאחדות","1","","","","1","02/03","0","","",""
"באר־שבעdle","גבריאל חיון","13285","מקור יחיד","נמוך","התאחדות","1","","IL","","1","02/03","0","","",""
"באר־שבעdle","גלעד גרנדש","17354","מקור יחיד","נמוך","התאחדות","1","","IL","","1","02/03","0","","",""
"באר־שבעdle","גלעד נתן","25113","מקור יחיד","נמוך","התאחדות","1","","IL","","1","02/03","0","","",""
"באר־שבעdle","טרחולסקי ברטוש","34328","מאושר","","התאחדות · worldfootball (גשר תעתיק) · Transfermarkt","3","FW","PL","1975","1","02/03","0","","",""
"באר־שבעdle","יוסי אביטן","272","מקור יחיד","נמוך","התאחדות","1","","IL","","1","02/03","0","","",""
"באר־שבעdle","יזרסקי רמיגיוס","34327","מאושר","","התאחדות · worldfootball (גשר תעתיק) · Transfermarkt","3","FW","PL","1976","2","02/03-03/04","0","","",""
"באר־שבעdle","ינאי דרעי","13281","מאושר","","התאחדות · Transfermarkt","2","","IL","","3","02/03-03/04, 05/06","0","","",""
"באר־שבעdle","ינון שי","17376","מקור יחיד","נמוך","התאחדות","1","","IL","","2","02/03, 04/05","0","","",""
"באר־שבעdle","יניב אלול","13275","מאושר","","התאחדות · worldfootball · קטגוריה · קריירה-עברית · קריירה-אנגלית · Transfermarkt","5","MF","NG","1978","5","02/03-04/05, 07/08-08/09","0","כן","30",""
"באר־שבעdle","יעקב ועקנין","254","מקור יחיד","נמוך","התאחדות","1","","IL","","1","02/03","0","","",""
"באר־שבעdle","כפיר פרץ","17372","מקור יחיד","נמוך","התאחדות","1","","IL","","1","02/03","0","","",""
"באר־שבעdle","מאיר בל","281","מקור יחיד","נמוך","התאחדות","1","","IL","","1","02/03","0","","",""
"באר־שבעdle","מדונוביץ דרזן","13289","מאושר","","התאחדות · Transfermarkt","2","","","","1","02/03","0","","",""
"באר־שבעdle","מורדי שוורץ","14387","מקור יחיד","נמוך","התאחדות","1","","IL","","1","02/03","0","","",""
"באר־שבעdle","משה סטקלר","15002","מקור יחיד","נמוך","התאחדות","1","","IL","","1","02/03","0","","",""
"באר־שבעdle","מתי פרץ","17373","מאושר","","התאחדות · worldfootball (גשר תעתיק)","2","","IL","","1","02/03","0","","",""
"באר־שבעdle","עוז יפרח","13288","מקור יחיד","נמוך","התאחדות","1","","IL","","5","02/03-06/07","0","","",""
"באר־שבעdle","עידו בוכובזה","17347","מקור יחיד","נמוך","התאחדות","1","","IL","","1","02/03","0","","",""
"באר־שבעdle","קאקו בלסינג","63590","מאושר","","התאחדות · worldfootball (גשר תעתיק) · Transfermarkt","3","MF","IL","1978","1","02/03","0","","",""
"באר־שבעdle","קורמן דיוי","13297","מקור יחיד","נמוך","התאחדות","1","","","","1","02/03","0","","",""
"באר־שבעdle","רותם משעלי","30523","מקור יחיד","נמוך","התאחדות","1","","IL","","1","02/03","0","","",""
"באר־שבעdle","רמי אבולבן","13272","מאושר","","התאחדות · Transfermarkt","2","","IL","","1","02/03","0","","",""
"באר־שבעdle","רמי אליהו","13277","מקור יחיד","נמוך","התאחדות","1","","IL","","4","02/03-05/06","0","","",""
"באר־שבעdle","שרון לוי","297","מאושר","","התאחדות · Transfermarkt","2","","IL","","2","02/03, 04/05","0","","",""
"באר־שבעdle","תומר חליבה","13780","מאושר","","התאחדות · worldfootball · קטגוריה · קריירה-עברית · קריירה-אנגלית · Transfermarkt","5","DF","IL","1979","4","02/03-04/05, 07/08","0","כן","51",""
"באר־שבעdle","תומר טדסה","13301","מאושר","","התאחדות · Transfermarkt","2","","IL","","1","02/03","0","","",""
"באר־שבעdle","אלון מזרחי","15734","מאושר","","התאחדות · worldfootball · קטגוריה · קריירה-עברית · קריירה-אנגלית · Transfermarkt","5","FW","IL","1971","2","03/04-04/05","0","","",""
"באר־שבעdle","דדי בן דיין","1414","מאושר","","התאחדות · worldfootball · קטגוריה · קריירה-עברית · קריירה-אנגלית · Transfermarkt","5","DF","IL","1978","2","03/04-04/05","0","","",""
"באר־שבעdle","וייס מירוסלב","50356","מאושר","","התאחדות · worldfootball (גשר תעתיק) · Transfermarkt","3","","","","1","03/04","0","","",""
"באר־שבעdle","זוהר חוגג","17356","מקור יחיד","נמוך","התאחדות","1","","IL","","5","03/04, 05/06-08/09","0","","",""
"באר־שבעdle","ינון ברדה","17351","מאושר","","התאחדות · קטגוריה · קריירה-עברית · קריירה-אנגלית · Transfermarkt","4","FW","IL","1984","3","03/04-05/06","0","כן","74",""
"באר־שבעdle","ישראל עמר","59186","מאושר","","התאחדות · worldfootball (גשר תעתיק) · Transfermarkt","3","","IL","","1","03/04","0","","",""
"באר־שבעdle","מאור אלבז","1751","מקור יחיד","נמוך","התאחדות","1","","IL","","2","03/04-04/05","0","","",""
"באר־שבעdle","מירוסלב וייס","","מאושר","","worldfootball · קטגוריה · קריירה-עברית · קריירה-אנגלית · Transfermarkt","4","DF","MK","1979","1","03/04","0","","",""
"באר־שבעdle","נועם אבוטבול","17335","מאושר","","התאחדות · Transfermarkt","2","","IL","","2","03/04-04/05","0","","",""
"באר־שבעdle","סיסטון דיאגו","50157","מאושר","","התאחדות · Transfermarkt","2","","","","1","03/04","0","","",""
"באר־שבעdle","שמעון סיבוני","17367","מקור יחיד","נמוך","התאחדות","1","","IL","","3","03/04-05/06","0","","",""
"באר־שבעdle","אוראל אסיאג","16180","מקור יחיד","נמוך","התאחדות","1","","IL","","1","04/05","0","","",""
"באר־שבעdle","איגור טומסיץ","49822","מקור יחיד","נמוך","התאחדות","1","","IL","","1","04/05","0","","",""
"באר־שבעdle","אלון אברמוביץ","28775","מקור יחיד","נמוך","התאחדות","1","","IL","","2","04/05-05/06","0","","",""
"באר־שבעdle","אלין מינטואין","55368","מאושר","","התאחדות · worldfootball (גשר תעתיק) · Transfermarkt","3","","IL","","1","04/05","0","","",""
"באר־שבעdle","גיאורגי קיפיאני","","מאושר","","worldfootball (גשר תעתיק) · קטגוריה · קריירה-עברית","2","MF","GE","1978","2","04/05-05/06","0","","","avaza tbilisi / akademia tbilisi / sioni bolnisi / metalurgi rustavi / torpedo kutaisi / aris thessaloniki"
"באר־שבעdle","ולדימיר אנדונוב","54506","מקור יחיד","נמוך","התאחדות","1","","IL","","1","04/05","0","","",""
"באר־שבעdle","יניב אברג'יל","13273","מאושר","","התאחדות · קטגוריה · קריירה-עברית · קריירה-אנגלית","3","FW","IL","1977","1","04/05","0","","",""
"באר־שבעdle","מאטיץ סטיפה","62014","מאושר","","התאחדות · Transfermarkt","2","","IL","","1","04/05","0","","",""
"באר־שבעdle","מרטין סאריץ","85117","מאושר","","התאחדות · worldfootball (גשר תעתיק) · Transfermarkt","3","","IL","","1","04/05","0","","",""
"באר־שבעdle","ניר ברד","14358","מקור יחיד","נמוך","התאחדות","1","","IL","","1","04/05","0","","",""
"באר־שבעdle","ניר רחמין","13424","מאושר","","התאחדות · worldfootball (גשר תעתיק) · קטגוריה · קריירה-עברית · Transfermarkt","4","GK","IL","1980","1","04/05","0","","",""
"באר־שבעdle","רוגריו דה אוליביריה","61680","מאושר","","התאחדות · worldfootball (גשר תעתיק) · Transfermarkt","3","","IL","","1","04/05","0","","",""
"באר־שבעdle","רונן דהן","81","מאושר","","התאחדות · worldfootball (גשר תעתיק) · Transfermarkt","3","","IL","","1","04/05","0","","",""
"באר־שבעdle","אולמידה אגוי","55385","מקור יחיד","נמוך","התאחדות","1","","IL","","1","05/06","0","","",""
"באר־שבעdle","איל שן","1431","מאושר","","התאחדות · worldfootball (גשר תעתיק) · Transfermarkt","3","","IL","","2","05/06, 09/10","0","","",""
"באר־שבעdle","אילן בוארון","1616","מאושר","","התאחדות · קטגוריה · קריירה-עברית · קריירה-אנגלית · Transfermarkt","4","DF","IL","1972","1","05/06","0","","",""
"באר־שבעdle","גבריאל ווקין","55382","מאושר","","התאחדות · worldfootball · קטגוריה · קריירה-עברית · קריירה-אנגלית · Transfermarkt","5","DF","RO","1973","1","05/06","0","","",""
"באר־שבעdle","דודו בן שושן","17416","מאושר","","התאחדות · Transfermarkt","2","","IL","","3","05/06-07/08","0","","",""
"באר־שבעdle","דרקו דוגיץ","64170","מאושר","","התאחדות · Transfermarkt","2","","IL","","1","05/06","0","","",""
"באר־שבעdle","חיים סילבס","15735","מאושר","","התאחדות · קטגוריה · קריירה-עברית · קריירה-אנגלית · Transfermarkt","4","MF","IL","1975","1","05/06","0","","",""
"באר־שבעdle","חנן פדידה","4395","מאושר","","התאחדות · worldfootball · קטגוריה · קריירה-עברית · קריירה-אנגלית · Transfermarkt","5","FW","IL","1981","5","05/06-09/10","0","כן","46",""
"באר־שבעdle","יחיאל הבטמו","28677","מקור יחיד","נמוך","התאחדות","1","","IL","","3","05/06-06/07, 10/11","0","","",""
"באר־שבעdle","יניב אפרגן","12055","מקור יחיד","נמוך","התאחדות","1","","IL","","3","05/06-07/08","0","","",""
"באר־שבעdle","יניב ציציאן","15738","מקור יחיד","נמוך","התאחדות","1","","IL","","1","05/06","0","","",""
"באר־שבעdle","מיקי עטייה","264","מאושר","","התאחדות · Transfermarkt","2","","IL","","2","05/06-06/07","0","","",""
"באר־שבעdle","קרלוס צקנה","45906","מאושר","","התאחדות · Transfermarkt","2","","IL","","1","05/06","0","","",""
"באר־שבעdle","שלמה דהן","12064","מאושר","","התאחדות · worldfootball (גשר תעתיק)","2","","IL","","2","05/06-06/07","0","","",""
"באר־שבעdle","תמיר פור","29064","מאושר","","התאחדות · קטגוריה · קריירה-עברית · Transfermarkt","3","MF","IL","1982","1","05/06","0","","",""
"באר־שבעdle","אלירן אפריאט","13532","מאושר","","התאחדות · Transfermarkt","2","","IL","","2","06/07-07/08","0","","",""
"באר־שבעdle","אלעד פרץ","20733","מאושר","","התאחדות · Transfermarkt","2","","IL","","1","06/07","0","","",""
"באר־שבעdle","אקקי מקוצבזה","72186","מאושר","","התאחדות · Transfermarkt","2","","IL","","1","06/07","0","","",""
"באר־שבעdle","גורג דאטורו","73894","מאושר","","התאחדות · worldfootball (גשר תעתיק) · Transfermarkt","3","FW","IL","1977","1","06/07","0","","",""
"באר־שבעdle","גיא זגדון","13540","מאושר","","התאחדות · Transfermarkt","2","","IL","","2","06/07-07/08","0","","",""
"באר־שבעdle","דוד פלס","16316","מאושר","","התאחדות · Transfermarkt","2","","IL","","2","06/07-07/08","0","","",""
"באר־שבעdle","חיים פונטרמולי","14150","מאושר","","התאחדות · Transfermarkt","2","","IL","","1","06/07","0","","",""
"באר־שבעdle","טל חיון","13543","מאושר","","התאחדות · Transfermarkt","2","","IL","","2","06/07-07/08","0","","",""
"באר־שבעdle","יוגב אלקבץ","4447","מאושר","","התאחדות · Transfermarkt","2","","IL","","1","06/07","0","","",""
"באר־שבעdle","מרסיו סרייבה","79343","מאושר","","התאחדות · Transfermarkt","2","","IL","","1","06/07","0","","",""
"באר־שבעdle","נדב מויאל","13548","מקור יחיד","נמוך","התאחדות","1","","IL","","1","06/07","0","","",""
"באר־שבעdle","צפניה כדר","5252","מקור יחיד","נמוך","התאחדות","1","","IL","","5","06/07-10/11","0","","",""
"באר־שבעdle","שרון עמר","4394","מאושר","","התאחדות · קטגוריה · קריירה-עברית · Transfermarkt","3","DF","IL","1976","1","06/07","0","","",""
"באר־שבעdle","תומר אליהו","15674","מאושר","","התאחדות · worldfootball · קטגוריה · קריירה-עברית · Transfermarkt","4","DF","IL","1975","1","06/07","0","","","hapoel tel aviv / ironi rishon lezion / hapoel kfar saba / bnei sakhnin / hapoel acre / hapoel beersheba"
"באר־שבעdle","אביעד זגורי","22623","מאושר","","התאחדות · Transfermarkt","2","","IL","","1","07/08","0","","",""
"באר־שבעdle","אורי מכלוף","22638","מאושר","","התאחדות · worldfootball (גשר תעתיק) · Transfermarkt","3","","IL","","3","07/08-08/09, 10/11","0","","",""
"באר־שבעdle","אורן נסים","13267","מאושר","","התאחדות · worldfootball · קטגוריה · קריירה-עברית · קריירה-אנגלית · Transfermarkt","5","FW","IL","1976","2","07/08-08/09","0","","",""
"באר־שבעdle","אילן בכר","13402","מאושר","","התאחדות · קטגוריה · קריירה-עברית · Transfermarkt","3","DF","IL","1975","1","07/08","0","","",""
"באר־שבעdle","אלירן אמזלג","22608","מקור יחיד","נמוך","התאחדות","1","","IL","","2","07/08-08/09","0","","",""
"באר־שבעdle","אנדרי גפיסלי","54502","מקור יחיד","נמוך","התאחדות","1","","IL","","1","07/08","0","","",""
"באר־שבעdle","דודו פדלון","13782","מאושר","","התאחדות · Transfermarkt","2","","IL","","2","07/08-08/09","0","","",""
"באר־שבעdle","דור דוידי","13536","מאושר","","התאחדות · worldfootball (גשר תעתיק) · Transfermarkt","3","","IL","","4","07/08-10/11","0","","",""
"באר־שבעdle","הלאל אלצאנע","22607","מקור יחיד","נמוך","התאחדות","1","","IL","","1","07/08","0","","",""
"באר־שבעdle","לאנדרו סימיוני","83998","מאושר","","התאחדות · worldfootball · קטגוריה · קריירה-עברית · קריירה-אנגלית · Transfermarkt","5","FW","BR","1974","2","07/08-08/09","0","","",""
"באר־שבעdle","סעיד מקאסי","77865","מאושר","","התאחדות · worldfootball · קטגוריה · קריירה-עברית · קריירה-אנגלית","4","FW","IL","1982","1","07/08","0","","",""
"באר־שבעdle","רועי סבג","28729","מאושר","","התאחדות · Transfermarkt","2","","IL","","2","07/08-08/09","0","","",""
"באר־שבעdle","רפאל עמוס","22645","מאושר","","התאחדות · Transfermarkt","2","","IL","","2","07/08-08/09","0","","",""
"באר־שבעdle","שי בירוק","2954","מאושר","","התאחדות · קטגוריה · קריירה-עברית · קריירה-אנגלית · Transfermarkt","4","MF","IL","1984","1","07/08","0","","",""
"באר־שבעdle","אוהד קדוסי","8402","מאושר","","התאחדות · worldfootball · קטגוריה · קריירה-עברית · קריירה-אנגלית · Transfermarkt","5","FW","IL","1985","2","08/09-09/10","0","","",""
"באר־שבעdle","איגור קוסטרוב","94728","מאושר","","התאחדות · worldfootball (גשר תעתיק) · Transfermarkt","3","MF","IL","1987","1","08/09","0","","",""
"באר־שבעdle","אריאל גמון","37081","מקור יחיד","נמוך","התאחדות","1","","IL","","1","08/09","0","","",""
"באר־שבעdle","גולן אמשקשוילי","22570","מקור יחיד","נמוך","התאחדות","1","","IL","","1","08/09","0","","",""
"באר־שבעdle","גוסטין זולו","92515","מאושר","","התאחדות · worldfootball (גשר תעתיק) · Transfermarkt","3","MF","IL","1989","1","08/09","0","","",""
"באר־שבעdle","גרשון קופי","","מאושר","","worldfootball · קריירה-אנגלית · Transfermarkt","3","FW","GH","1991","3","08/09-10/11","0","כן","34",""
"באר־שבעdle","דנדי אוקוגו","34367","מאושר","","התאחדות · worldfootball (גשר תעתיק)","2","","IL","","2","08/09-09/10","0","","",""
"באר־שבעdle","זיו קבדה","28798","מאושר","","התאחדות · worldfootball · קטגוריה · קריירה-עברית · קריירה-אנגלית · Transfermarkt","5","MF","IL","1978","2","08/09-09/10","0","","",""
"באר־שבעdle","יוסי אלקיים","22569","מאושר","","התאחדות · Transfermarkt","2","","IL","","2","08/09, 10/11","0","","",""
"באר־שבעdle","לירון זרקו","15732","מאושר","","התאחדות · קטגוריה · קריירה-עברית · קריירה-אנגלית · Transfermarkt","4","DF","IL","1981","1","08/09","0","","",""
"באר־שבעdle","מאור מליקסון","2410","מאושר","","התאחדות · worldfootball · קטגוריה · קריירה-עברית · קריירה-אנגלית · Transfermarkt","5","MF","IL","1984","8","08/09-09/10, 14/15-19/20","4","כן","69",""
"באר־שבעdle","מור ברבי","22577","מקור יחיד","נמוך","התאחדות","1","","IL","","1","08/09","0","","",""
"באר־שבעdle","ניר מתיתיהו","22595","מקור יחיד","נמוך","התאחדות","1","","IL","","1","08/09","0","","",""
"באר־שבעdle","אופיר דוידזאדה","49494","מאושר","","התאחדות · worldfootball · קטגוריה · קריירה-עברית · קריירה-אנגלית · Transfermarkt","5","DF","IL","1991","8","09/10-15/16, 25/26","2","כן","24",""
"באר־שבעdle","ארז מסיקה","1634","מאושר","","התאחדות · worldfootball · קטגוריה · קריירה-עברית · קריירה-אנגלית · Transfermarkt","5","MF","IL","1979","1","09/10","0","","",""
"באר־שבעdle","ברק בדש","","מאושר","","worldfootball · קטגוריה · קריירה-עברית · קריירה-אנגלית · Transfermarkt","4","FW","IL","1982","1","09/10","0","","",""
"באר־שבעdle","גד עובדיה","36388","מקור יחיד","נמוך","התאחדות","1","","IL","","1","09/10","0","","",""
"באר־שבעdle","גיל בלומשטיין","26261","מאושר","","התאחדות · worldfootball (גשר תעתיק) · Transfermarkt","3","","IL","","1","09/10","0","","",""
"באר־שבעdle","דוד רביבו","4400","מאושר","","התאחדות · worldfootball · קטגוריה · קריירה-עברית · קריירה-אנגלית · Transfermarkt","5","MF","IL","1977","2","09/10-10/11","0","","",""
"באר־שבעdle","דנילו מורירה","103942","מאושר","","התאחדות · worldfootball (גשר תעתיק) · Transfermarkt","3","DF","IL","1980","1","09/10","0","","",""
"באר־שבעdle","ויליאם סוארס","85140","מאושר","","התאחדות · worldfootball (גשר תעתיק) · קטגוריה · קריירה-עברית · קריירה-אנגלית · Transfermarkt","5","DF","BR","1985","8","09/10-16/17","2","כן","17",""
"באר־שבעdle","חגי יצחק","10571","מאושר","","התאחדות · worldfootball (גשר תעתיק)","2","","IL","","1","09/10","0","","",""
"באר־שבעdle","טברטקו קאלה","72098","מאושר","","התאחדות · worldfootball · קטגוריה · קריירה-עברית · קריירה-אנגלית · Transfermarkt","5","GK","HR","1974","1","09/10","0","","",""
"באר־שבעdle","יוסי אופיר","4376","מאושר","","התאחדות · קטגוריה · קריירה-עברית","2","MF","IL","1978","1","09/10","0","","",""
"באר־שבעdle","ליאור אסולין","45","מאושר","","התאחדות · worldfootball · קטגוריה · קריירה-עברית · קריירה-אנגלית · Transfermarkt","5","FW","IL","1980","2","09/10-10/11","0","","",""
"באר־שבעdle","ליאל זגורי","72977","מאושר","","התאחדות · worldfootball (גשר תעתיק) · Transfermarkt","3","","IL","","2","09/10-10/11","0","","",""
"באר־שבעdle","מוחמד אדאמו","104333","מקור יחיד","נמוך","התאחדות","1","","IL","","1","09/10","0","","",""
"באר־שבעdle","מרקוס גלרזה","110347","מאושר","","התאחדות · Transfermarkt","2","","IL","","1","09/10","0","","",""
"באר־שבעdle","מתן בטיטו","10557","מקור יחיד","נמוך","התאחדות","1","","IL","","1","09/10","0","","",""
"באר־שבעdle","סיראז' נסאר","","מאושר","","worldfootball · קטגוריה · קריירה-עברית · קריירה-אנגלית · Transfermarkt","4","MF","IL","1990","6","09/10-14/15","0","כן","36",""
"באר־שבעdle","סראג נסאר","34848","מאושר","","התאחדות · worldfootball (גשר תעתיק) · Transfermarkt","3","","IL","","6","09/10-14/15","0","","",""
"באר־שבעdle","ראיין אדליי","104444","מאושר","","התאחדות · worldfootball · קטגוריה · קריירה-עברית · קריירה-אנגלית · Transfermarkt","5","DF","US","1987","3","09/10-11/12","0","כן","9",""
"באר־שבעdle","שי לוק","10573","מאושר","","התאחדות · Transfermarkt","2","","IL","","2","09/10-10/11","0","","",""
"באר־שבעdle","שמעון הרוש","13231","מאושר","","התאחדות · worldfootball · קטגוריה · קריירה-עברית · קריירה-אנגלית · Transfermarkt","5","DF","IL","1987","2","09/10, 11/12","0","","",""
"באר־שבעdle","אבי יחיאל","13313","מאושר","","התאחדות · worldfootball · קטגוריה · קריירה-עברית · קריירה-אנגלית · Transfermarkt","5","DF","IL","1979","2","10/11-11/12","0","","",""
"באר־שבעdle","אוהד כהן","13314","מאושר","","התאחדות · worldfootball · קטגוריה · קריירה-עברית · Transfermarkt","4","GK","IL","1975","1","10/11","0","","","maccabi petah tikva / hapoel mahane yehuda / maccabi petah tikva / hapoel beit she an / beitar jerusalem / hapoel petah tikva"
"באר־שבעdle","איברהים בסיט","","מאושר","","worldfootball · קטגוריה · קריירה-עברית · קריירה-אנגלית · Transfermarkt","4","FW","GH","1990","1","10/11","0","","",""
"באר־שבעdle","איברהים ראזק","111911","מאושר","","התאחדות · Transfermarkt","2","","IL","","1","10/11","0","","",""
"באר־שבעdle","בסיט אברהם","102747","מאושר","","התאחדות · worldfootball (גשר תעתיק) · Transfermarkt","3","","IL","","1","10/11","0","","",""
"באר־שבעdle","גיימס ביסו","111801","מקור יחיד","נמוך","התאחדות","1","","IL","","1","10/11","0","","",""
"באר־שבעdle","דובב גבאי","13202","מאושר","","התאחדות · worldfootball · קטגוריה · קריירה-עברית · קריירה-אנגלית · Transfermarkt","5","FW","IL","1987","5","10/11-14/15","0","כן","29",""
"באר־שבעdle","דוד קרב","37062","מקור יחיד","נמוך","התאחדות","1","","IL","","1","10/11","0","","",""
"באר־שבעdle","דין אוחנה","46045","מאושר","","התאחדות · worldfootball (גשר תעתיק) · Transfermarkt","3","","IL","","1","10/11","0","","",""
"באר־שבעdle","דניאל ליפשיץ","34684","מאושר","","התאחדות · worldfootball · קטגוריה · קריירה-עברית · קריירה-אנגלית · Transfermarkt","5","GK","IL","1988","2","10/11-11/12","0","","",""
"באר־שבעdle","יוסף טורזמן","8498","מקור יחיד","נמוך","התאחדות","1","","IL","","2","10/11-11/12","0","","",""
"באר־שבעdle","יחיאל צגאי","","מאושר","","התאחדות · worldfootball · קטגוריה · קריירה-עברית · קריירה-אנגלית · Transfermarkt","5","MF","IL","1983","1","10/11","0","","",""
"באר־שבעdle","ליאור ז'אן","8481","מאושר","","התאחדות · worldfootball · קטגוריה · קריירה-עברית · קריירה-אנגלית · Transfermarkt","5","DF","IL","1986","1","10/11","0","","",""
"באר־שבעdle","מור בן עמי","35778","מקור יחיד","נמוך","התאחדות","1","","IL","","1","10/11","0","","",""
"באר־שבעdle","עודד גביש","706","מאושר","","התאחדות · worldfootball · קטגוריה · קריירה-עברית · קריירה-אנגלית · Transfermarkt","5","DF","IL","1989","3","10/11-12/13","0","כן","16",""
"באר־שבעdle","ערן לוי","571","מאושר","","התאחדות · worldfootball (גשר תעתיק) · קטגוריה · קריירה-עברית · Transfermarkt","4","MF","IL","1985","1","10/11","0","","",""
"באר־שבעdle","צחי מחלוף","10582","מאושר","","התאחדות · Transfermarkt","2","","IL","","1","10/11","0","","",""
"באר־שבעdle","שמעון לוגסי","47563","מקור יחיד","נמוך","התאחדות","1","","IL","","2","10/11-11/12","0","","",""
"באר־שבעdle","אוהד לויטה","19309","מאושר","","התאחדות · worldfootball · קטגוריה · קריירה-עברית · קריירה-אנגלית · Transfermarkt","5","GK","IL","1986","4","11/12, 18/19-20/21","1","כן","5",""
"באר־שבעdle","איוון פינזון","94648","מקור יחיד","נמוך","התאחדות","1","","IL","","1","11/12","0","","",""
"באר־שבעdle","אלירן סולימנפור","22548","מאושר","","התאחדות · worldfootball (גשר תעתיק) · Transfermarkt","3","","IL","","2","11/12-12/13","0","","",""
"באר־שבעdle","גל דהן","79224","מאושר","","התאחדות · worldfootball (גשר תעתיק) · Transfermarkt","3","","IL","","2","11/12-12/13","0","","",""
"באר־שבעdle","דיא סבע","12585","מאושר","","התאחדות · worldfootball (גשר תעתיק) · קטגוריה · קריירה-עברית · קריירה-אנגלית · Transfermarkt","5","FW","IL","1992","1","11/12","0","","",""
"באר־שבעdle","דראשקו בוז'וביץ'","134196","מאושר","","התאחדות · worldfootball · קטגוריה · קריירה-עברית · קריירה-אנגלית · Transfermarkt","5","MF","ME","1988","1","11/12","0","","",""
"באר־שבעdle","יוסי שבחון","13327","מאושר","","התאחדות · worldfootball · קטגוריה · קריירה-עברית · קריירה-אנגלית · Transfermarkt","5","MF","IL","1982","1","11/12","0","","",""
"באר־שבעdle","יוסף אבו לבן","46154","מאושר","","התאחדות · worldfootball · קטגוריה · קריירה-עברית · קריירה-אנגלית · Transfermarkt","5","FW","IL","1992","2","11/12-12/13","0","","",""
"באר־שבעdle","יצחק וקנין","76069","מאושר","","התאחדות · worldfootball (גשר תעתיק) · Transfermarkt","3","","IL","","1","11/12","0","","",""
"באר־שבעdle","ירדן אבוחצירה","48702","מאושר","","התאחדות · Transfermarkt","2","","IL","","1","11/12","0","","",""
"באר־שבעdle","לוטם זינו","39166","מאושר","","התאחדות · worldfootball · קטגוריה · קריירה-עברית · קריירה-אנגלית · Transfermarkt","5","MF","IL","1992","3","11/12-13/14","0","כן","64",""
"באר־שבעdle","לריאה קינגסטון","","מאושר","","worldfootball · קטגוריה · קריירה-עברית · קריירה-אנגלית · Transfermarkt","4","MF","GH","1980","1","11/12","0","","",""
"באר־שבעdle","מוטי מלכה","35933","מאושר","","התאחדות · worldfootball · קטגוריה · קריירה-עברית · Transfermarkt","4","FW","IL","1990","1","11/12","0","","",""
"באר־שבעdle","ננאד קיסו","134059","מאושר","","התאחדות · worldfootball (גשר תעתיק) · Transfermarkt","3","MF","IL","1989","1","11/12","0","","",""
"באר־שבעdle","עידו אקסברד","5528","מאושר","","התאחדות · worldfootball · קטגוריה · קריירה-עברית · קריירה-אנגלית · Transfermarkt","5","FW","IL","1988","2","11/12-12/13","0","","",""
"באר־שבעdle","פטר גרביץ'","134195","מאושר","","התאחדות · קטגוריה · קריירה-עברית · קריירה-אנגלית · Transfermarkt","4","FW","IL","1988","1","11/12","0","","",""
"באר־שבעdle","אבירם ברוכיאן","28842","מאושר","","התאחדות · קטגוריה · קריירה-עברית · קריירה-אנגלית · Transfermarkt","4","MF","IL","1985","1","12/13","0","","",""
"באר־שבעdle","אוסטין אג'ידה","111299","מאושר","","התאחדות · worldfootball · קטגוריה · קריירה-עברית · קריירה-אנגלית · Transfermarkt","5","GK","NG","1984","3","12/13-14/15","0","כן","54",""
"באר־שבעdle","בוגאן מרקוביץ","135061","מאושר","","התאחדות · worldfootball (גשר תעתיק) · Transfermarkt","3","DF","IL","1985","1","12/13","0","","",""
"באר־שבעdle","בן ביטון","16607","מאושר","","התאחדות · worldfootball · קטגוריה · קריירה-עברית · קריירה-אנגלית · Transfermarkt","5","MF","IL","1991","8","12/13-19/20","4","כן","58",""
"באר־שבעdle","בן והבה","27026","מאושר","","התאחדות · worldfootball (גשר תעתיק) · קטגוריה · קריירה-עברית · קריירה-אנגלית · Transfermarkt","5","DF","IL","1992","1","12/13","0","","",""
"באר־שבעdle","גליל בן שאנן","13371","מאושר","","התאחדות · worldfootball (גשר תעתיק) · קטגוריה · קריירה-עברית · קריירה-אנגלית · Transfermarkt","5","GK","IL","1982","1","12/13","0","","",""
"באר־שבעdle","ויליאם נג'ובו","","מאושר","","worldfootball · קטגוריה · קריירה-עברית · קריירה-אנגלית · Transfermarkt","4","MF","ZM","1987","1","12/13","0","","",""
"באר־שבעdle","יונתן אוזן","48707","מאושר","","התאחדות · Transfermarkt","2","","IL","","2","12/13-13/14","0","","",""
"באר־שבעdle","יקיר אזולאי","121567","מקור יחיד","נמוך","התאחדות","1","","IL","","1","12/13","0","","",""
"באר־שבעdle","מזי אוסייקו","135495","מקור יחיד","נמוך","התאחדות","1","","IL","","1","12/13","0","","",""
"באר־שבעdle","ניקולאס פלזוק","112783","מאושר","","התאחדות · worldfootball (גשר תעתיק) · Transfermarkt","3","","IL","","2","12/13-13/14","0","","",""
"באר־שבעdle","ניקולאס פלצ'וק","","מאושר","","worldfootball · קטגוריה · קריירה-עברית · קריירה-אנגלית · Transfermarkt","4","FW","AR","1986","2","12/13-13/14","0","","",""
"באר־שבעdle","סהר שבתאי","46936","מאושר","","התאחדות · worldfootball (גשר תעתיק) · Transfermarkt","3","","IL","","1","12/13","0","","",""
"באר־שבעdle","פטריק אוסיאקו","","מאושר","","worldfootball · קטגוריה · קריירה-עברית · קריירה-אנגלית · Transfermarkt","4","MF","KE","1986","1","12/13","0","","",""
"באר־שבעdle","פיראס עווד","66566","מאושר","","התאחדות · worldfootball (גשר תעתיק) · Transfermarkt","3","","IL","","1","12/13","0","","",""
"באר־שבעdle","קלמי סבן","13417","מאושר","","התאחדות · worldfootball · קטגוריה · קריירה-עברית · קריירה-אנגלית · Transfermarkt","5","DF","IL","1980","1","12/13","0","","",""
"באר־שבעdle","רביד גזל","1618","מאושר","","התאחדות · worldfootball · קטגוריה · קריירה-עברית · קריירה-אנגלית · Transfermarkt","5","MF","IL","1982","1","12/13","0","","",""
"באר־שבעdle","רועי קהת","31217","מאושר","","התאחדות · worldfootball (גשר תעתיק) · קטגוריה · קריירה-עברית · קריירה-אנגלית · Transfermarkt","5","MF","IL","1992","1","12/13","0","","",""
"באר־שבעdle","תומר סויסה","12556","מאושר","","התאחדות · worldfootball · קטגוריה · קריירה-עברית · קריירה-אנגלית · Transfermarkt","5","MF","IL","1988","2","12/13-13/14","0","","",""
"באר־שבעdle","אור חביביאן","101526","מקור יחיד","נמוך","התאחדות","1","","IL","","3","13/14-15/16","1","","",""
"באר־שבעdle","בן אלגרבלי","75592","מאושר","","התאחדות · worldfootball (גשר תעתיק) · Transfermarkt","3","","IL","","1","13/14","0","","",""
"באר־שבעdle","בן תורג'מן","11406","מאושר","","התאחדות · worldfootball · קטגוריה · קריירה-עברית · קריירה-אנגלית · Transfermarkt","5","DF","IL","1989","4","13/14, 15/16-16/17, 18/19","2","כן","33",""
"באר־שבעdle","גל אראל","23165","מאושר","","התאחדות · worldfootball · קטגוריה · קריירה-עברית · קריירה-אנגלית · Transfermarkt","5","MF","IL","1989","1","13/14","0","","",""
"באר־שבעdle","גליינור פלט","148323","מאושר","","התאחדות · worldfootball · קטגוריה · קריירה-עברית · קריירה-אנגלית · Transfermarkt","5","FW","NL","1987","1","13/14","0","","",""
"באר־שבעdle","דוד הובר","","מאושר","","worldfootball · קטגוריה · קריירה-עברית · קריירה-אנגלית · Transfermarkt","4","MF","BE","1988","1","13/14","0","","",""
"באר־שבעdle","דודי טויטו","56571","מאושר","","התאחדות · קטגוריה · קריירה-עברית · קריירה-אנגלית","3","DF","IL","1994","3","13/14-14/15, 20/21","0","כן","8",""
"באר־שבעdle","דיויד הוברט","154700","מאושר","","התאחדות · worldfootball (גשר תעתיק) · Transfermarkt","3","","IL","","1","13/14","0","","",""
"באר־שבעdle","דרור טזזו","88802","מקור יחיד","נמוך","התאחדות","1","","IL","","1","13/14","0","","",""
"באר־שבעdle","טומיסלב פאיוביץ'","145676","מאושר","","התאחדות · worldfootball · קטגוריה · קריירה-עברית · קריירה-אנגלית · Transfermarkt","5","DF","RS","1986","2","13/14-14/15","0","","",""
"באר־שבעdle","מאור בוזגלו","17719","מאושר","","התאחדות · worldfootball · קטגוריה · קריירה-עברית · Transfermarkt","4","FW","IL","1988","5","13/14-17/18","3","כן","70","maccabi haifa / hapoel petah tikva / bnei sakhnin / maccabi tel aviv / standard li ge / hapoel beer sheva"
"באר־שבעdle","קובי דג'אני","33333","מאושר","","התאחדות · worldfootball (גשר תעתיק) · קטגוריה · קריירה-עברית · קריירה-אנגלית · Transfermarkt","5","MF","IL","1984","1","13/14","0","","",""
"באר־שבעdle","שלומי בן חמו","15678","מאושר","","התאחדות · worldfootball (גשר תעתיק) · Transfermarkt","3","GK","IL","1978","1","13/14","0","","",""
"באר־שבעdle","אבירם אוחנה","65214","מאושר","","התאחדות · Transfermarkt","2","","IL","","1","14/15","0","","",""
"באר־שבעdle","אובידיו הובאן","156712","מאושר","","התאחדות · worldfootball · קטגוריה · קריירה-עברית · קריירה-אנגלית · Transfermarkt","5","MF","RO","1982","3","14/15-16/17","2","כן","61",""
"באר־שבעdle","אוגוצוקאו הוגו","155916","מקור יחיד","נמוך","התאחדות","1","","IL","","5","14/15-18/19","3","","",""
"באר־שבעdle","ג'ון אוגו","","מאושר","","worldfootball · קטגוריה · קריירה-עברית · קריירה-אנגלית · Transfermarkt","4","MF","NG","1988","5","14/15-18/19","3","כן","23",""
"באר־שבעdle","דור מלול","15402","מאושר","","התאחדות · worldfootball · קטגוריה · קריירה-עברית · קריירה-אנגלית · Transfermarkt","5","DF","IL","1989","1","14/15","0","","",""
"באר־שבעdle","דן ביטון","68917","מאושר","","התאחדות · worldfootball · קטגוריה · קריירה-עברית · Transfermarkt","4","MF","IL","1995","4","14/15-15/16, 24/25-25/26","3","כן","22",""
"באר־שבעdle","הדר ברד","92084","מאושר","","התאחדות · Transfermarkt","2","","IL","","1","14/15","0","","",""
"באר־שבעdle","לואי טאהא","23186","מאושר","","התאחדות · worldfootball · קטגוריה · קריירה-עברית · קריירה-אנגלית · Transfermarkt","5","DF","IL","1989","7","14/15-20/21","4","כן","57",""
"באר־שבעdle","רובי לבקוביץ'","9782","מאושר","","התאחדות · worldfootball · קטגוריה · קריירה-עברית · קריירה-אנגלית · Transfermarkt","5","GK","IL","1988","2","14/15-15/16","1","","",""
"באר־שבעdle","רועי גורדנה","10213","מאושר","","התאחדות · worldfootball · קטגוריה · קריירה-עברית · קריירה-אנגלית · Transfermarkt","5","MF","IL","1990","5","14/15, 21/22-24/25","2","כן","59",""
"באר־שבעdle","רן רובין","64268","מאושר","","התאחדות · worldfootball (גשר תעתיק)","2","","IL","","2","14/15-15/16","1","","",""
"באר־שבעdle","שלומי ארבייטמן","26717","מאושר","","התאחדות · worldfootball · קטגוריה · קריירה-עברית · קריירה-אנגלית · Transfermarkt","5","FW","IL","1985","1","14/15","0","","",""
"באר־שבעdle","אנתוני ואקמה","145696","מאושר","","התאחדות · worldfootball · קטגוריה · קריירה-עברית · קריירה-אנגלית · Transfermarkt","5","FW","NG","1989","3","15/16-17/18","3","כן","56",""
"באר־שבעdle","בן שהר","12922","מאושר","","התאחדות · worldfootball · קטגוריה · קריירה-עברית · קריירה-אנגלית · Transfermarkt","5","FW","IL","1989","5","15/16-19/20","4","כן","32",""
"באר־שבעdle","גל נבון","104916","מאושר","","התאחדות · worldfootball (גשר תעתיק) · Transfermarkt","3","","IL","","3","15/16-17/18","3","","",""
"באר־שבעdle","דודו גורש","13625","מאושר","","התאחדות · worldfootball · קטגוריה · קריירה-עברית · קריירה-אנגלית · Transfermarkt","5","GK","IL","1980","3","15/16-17/18","3","כן","3",""
"באר־שבעdle","וובה בראון","","מאושר","","worldfootball · קטגוריה · קריירה-עברית · קריירה-אנגלית","3","FW","IL","1989","2","15/16-16/17","2","","",""
"באר־שבעdle","ולדימיר ברואון","14685","מאושר","","התאחדות · worldfootball (גשר תעתיק)","2","","IL","","2","15/16-16/17","2","","",""
"באר־שבעdle","ליאל ספורטס","90080","מאושר","","התאחדות · worldfootball (גשר תעתיק) · Transfermarkt","3","","IL","","1","15/16","1","","",""
"באר־שבעdle","מהראן ראדי","19957","מאושר","","התאחדות · worldfootball · קטגוריה · קריירה-עברית · קריירה-אנגלית · Transfermarkt","5","MF","IL","1982","3","15/16-17/18","3","כן","42",""
"באר־שבעdle","מוחמד גדיר","4034","מאושר","","התאחדות · worldfootball · קטגוריה · קריירה-עברית · קריירה-אנגלית · Transfermarkt","5","FW","IL","1991","3","15/16-17/18","3","כן","71",""
"באר־שבעdle","מתן אוחיון","4497","מאושר","","התאחדות · worldfootball · קטגוריה · קריירה-עברית · קריירה-אנגלית · Transfermarkt","5","DF","IL","1986","4","15/16-18/19","3","כן","68",""
"באר־שבעdle","נועם גמון","","מאושר","","worldfootball · קטגוריה · קריירה-עברית · קריירה-אנגלית · Transfermarkt","4","DF","IL","1997","3","15/16, 18/19, 21/22","2","כן","6",""
"באר־שבעdle","עומר בן שאנן","76680","מקור יחיד","נמוך","התאחדות","1","","IL","","1","15/16","1","","",""
"באר־שבעdle","עמית ביטון","74751","מאושר","","התאחדות · worldfootball · קטגוריה · קריירה-עברית · קריירה-אנגלית · Transfermarkt","5","DF","IL","1996","3","15/16, 19/20-20/21","2","כן","49",""
"באר־שבעdle","עמראן אלקרינאוי","108097","מקור יחיד","נמוך","התאחדות","1","","IL","","1","15/16","1","","",""
"באר־שבעdle","שיר צדק","36621","מאושר","","התאחדות · worldfootball · קטגוריה · קריירה-עברית · קריירה-אנגלית · Transfermarkt","5","DF","IL","1989","5","15/16-19/20","4","כן","65",""
"באר־שבעdle","אור דדיה","99101","מאושר","","התאחדות · worldfootball · קטגוריה · קריירה-עברית · קריירה-אנגלית · Transfermarkt","5","DF","IL","1997","6","16/17, 19/20-23/24","3","כן","27",""
"באר־שבעdle","איתמר שבירו","116054","מאושר","","התאחדות · worldfootball · קטגוריה · קריירה-עברית · קריירה-אנגלית · Transfermarkt","5","FW","IL","1998","3","16/17-17/18, 20/21","2","כן","63",""
"באר־שבעdle","גיא חיימוב","8485","מאושר","","התאחדות · worldfootball · קטגוריה · קריירה-עברית · קריירה-אנגלית · Transfermarkt","5","GK","IL","1986","2","16/17-17/18","2","","",""
"באר־שבעdle","יואל גנון","77463","מאושר","","התאחדות · worldfootball (גשר תעתיק) · Transfermarkt","3","","IL","","1","16/17","1","","",""
"באר־שבעdle","מיגל ויטור","176947","מאושר","","התאחדות · worldfootball · קטגוריה · קריירה-עברית · קריירה-אנגלית · Transfermarkt","5","DF","IL","1989","10","16/17-25/26","6","כן","45",""
"באר־שבעdle","מיחאלי קורהוט","178430","מאושר","","התאחדות · worldfootball (גשר תעתיק) · Transfermarkt","3","","IL","","2","16/17-17/18","2","","",""
"באר־שבעdle","מיכאל אוחנה","68383","מאושר","","התאחדות · worldfootball · קטגוריה · קריירה-עברית · קריירה-אנגלית · Transfermarkt","5","FW","IL","1995","3","16/17-18/19","2","כן","28",""
"באר־שבעdle","ניב זריהן","50070","מאושר","","התאחדות · worldfootball · קטגוריה · קריירה-עברית · קריירה-אנגלית · Transfermarkt","5","FW","IL","1994","4","16/17-19/20","3","כן","53",""
"באר־שבעdle","עמית גבאי","87673","מאושר","","התאחדות · worldfootball (גשר תעתיק) · Transfermarkt","3","","IL","","1","16/17","1","","",""
"באר־שבעdle","אורן ביטון","64200","מאושר","","התאחדות · worldfootball · קטגוריה · קריירה-עברית · קריירה-אנגלית · Transfermarkt","5","DF","IL","1994","3","17/18-19/20","2","כן","14",""
"באר־שבעdle","איסק קואנקה","","מאושר","","worldfootball · קטגוריה · קריירה-עברית · קריירה-אנגלית · Transfermarkt","4","FW","ES","1991","1","17/18","1","","",""
"באר־שבעdle","בנימין נתן","116071","מאושר","","התאחדות · worldfootball (גשר תעתיק) · Transfermarkt","3","","IL","","1","17/18","1","","",""
"באר־שבעdle","גיא מלמד","17151","מאושר","","התאחדות · worldfootball (גשר תעתיק) · קטגוריה · קריירה-עברית · Transfermarkt","4","FW","IL","1992","1","17/18","1","","",""
"באר־שבעdle","דור אלו","47321","מאושר","","התאחדות · worldfootball · קטגוריה · קריירה-עברית · קריירה-אנגלית · Transfermarkt","5","DF","IL","1993","2","17/18-18/19","1","","",""
"באר־שבעdle","דן איינבינדר","28623","מאושר","","התאחדות · worldfootball · קטגוריה · קריירה-עברית · קריירה-אנגלית · Transfermarkt","5","MF","IL","1989","1","17/18","1","","",""
"באר־שבעdle","ואדים מנזון","","מאושר","","worldfootball · קטגוריה · קריירה-עברית · קריירה-אנגלית · Transfermarkt","4","FW","RU","1994","1","17/18","1","","",""
"באר־שבעdle","חאתם אלחמיד","74274","מאושר","","התאחדות · worldfootball · קטגוריה · קריירה-עברית · קריירה-אנגלית · Transfermarkt","5","DF","IL","1991","4","17/18-18/19, 20/21-21/22","2","כן","48",""
"באר־שבעdle","חואן לופז","189498","מקור יחיד","נמוך","התאחדות","1","","IL","","1","17/18","1","","",""
"באר־שבעdle","חנן ממן","2187","מאושר","","התאחדות · worldfootball · קטגוריה · קריירה-עברית · קריירה-אנגלית · Transfermarkt","5","MF","IL","1989","2","17/18-18/19","1","","",""
"באר־שבעdle","יונתן אליאס","136371","מאושר","","התאחדות · worldfootball (גשר תעתיק)","2","","IL","","1","17/18","1","","",""
"באר־שבעdle","מנזון ואדים","201036","מאושר","","התאחדות · worldfootball (גשר תעתיק) · Transfermarkt","3","","IL","","1","17/18","1","","",""
"באר־שבעdle","מרואן כבהא","6465","מאושר","","התאחדות · worldfootball · קטגוריה · קריירה-עברית · קריירה-אנגלית · Transfermarkt","5","MF","IL","1991","4","17/18-20/21","2","כן","55",""
"באר־שבעdle","מתן כהן","116652","מקור יחיד","נמוך","התאחדות","1","","IL","","1","17/18","1","","",""
"באר־שבעdle","עמית קרן","83632","מאושר","","התאחדות · worldfootball (גשר תעתיק) · Transfermarkt","3","","IL","","3","17/18-18/19, 20/21","1","","",""
"באר־שבעdle","שי שטרית","116072","מקור יחיד","נמוך","התאחדות","1","","IL","","1","17/18","1","","",""
"באר־שבעdle","תומאש פקהארט","189682","מאושר","","התאחדות · worldfootball · קטגוריה · קריירה-עברית · קריירה-אנגלית · Transfermarkt","5","FW","CZ","1989","1","17/18","1","","",""
"באר־שבעdle","אריאל הרוש","21721","מאושר","","התאחדות · worldfootball · קטגוריה · קריירה-עברית · קריירה-אנגלית · Transfermarkt","5","GK","IL","1988","3","18/19, 21/22-22/23","1","כן","73",""
"באר־שבעdle","אריק סאבו","178410","מאושר","","התאחדות · worldfootball · קטגוריה · קריירה-עברית · קריירה-אנגלית · Transfermarkt","5","MF","SK","1991","1","18/19","0","","",""
"באר־שבעdle","חיים אוחנה","126391","מקור יחיד","נמוך","התאחדות","1","","IL","","1","18/19","0","","",""
"באר־שבעdle","חן עזרא","22596","מאושר","","התאחדות · worldfootball · קטגוריה · קריירה-עברית · קריירה-אנגלית · Transfermarkt","5","FW","IL","1989","1","18/19","0","","",""
"באר־שבעdle","נייג'ל האסלביינק","189529","מאושר","","התאחדות · worldfootball · קטגוריה · קריירה-עברית · קריירה-אנגלית · Transfermarkt","5","FW","NL","1990","1","18/19","0","","",""
"באר־שבעdle","ניר איצקוביץ","126362","מקור יחיד","נמוך","התאחדות","1","","IL","","1","18/19","0","","",""
"באר־שבעdle","עדן בן בסט","7208","מאושר","","התאחדות · worldfootball · קטגוריה · קריירה-עברית · קריירה-אנגלית · Transfermarkt","5","FW","IL","1986","1","18/19","0","","",""
"באר־שבעdle","עילאי טרוסט","87697","מאושר","","התאחדות · worldfootball (גשר תעתיק) · קטגוריה · קריירה-עברית · Transfermarkt","4","MF","IL","1999","1","18/19","0","","",""
"באר־שבעdle","קווין טאפוקו","202129","מאושר","","התאחדות · worldfootball · קטגוריה · קריירה-עברית · קריירה-אנגלית · Transfermarkt","5","MF","FR","1994","1","18/19","0","","",""
"באר־שבעdle","תומר יוספי","120686","מאושר","","התאחדות · worldfootball · קטגוריה · קריירה-עברית · קריירה-אנגלית · Transfermarkt","5","MF","IL","1999","4","18/19-21/22","2","כן","21",""
"באר־שבעdle","אדיר פיטוסי","158601","מקור יחיד","נמוך","התאחדות","1","","IL","","1","19/20","1","","",""
"באר־שבעdle","איליי בן שטרית","126363","מקור יחיד","נמוך","התאחדות","1","","IL","","1","19/20","1","","",""
"באר־שבעdle","איליי מדמון","158088","מאושר","","התאחדות · worldfootball · קטגוריה · קריירה-עברית · קריירה-אנגלית · Transfermarkt","5","MF","IL","2003","3","19/20-20/21, 23/24","1","כן","26",""
"באר־שבעdle","אלטון אקולטסה","224803","מאושר","","התאחדות · worldfootball · קטגוריה · קריירה-עברית · קריירה-אנגלית · Transfermarkt","5","FW","NL","1995","2","19/20-20/21","1","","",""
"באר־שבעdle","ארנסטאס סטקוס","189785","מאושר","","התאחדות · worldfootball (גשר תעתיק) · Transfermarkt","3","","IL","","1","19/20","1","","",""
"באר־שבעdle","ארנסטס שטקוס","","מאושר","","worldfootball · קטגוריה · קריירה-עברית · קריירה-אנגלית · Transfermarkt","4","GK","LT","1985","1","19/20","1","","",""
"באר־שבעdle","גאטאן וארן","154737","מאושר","","התאחדות · worldfootball · קטגוריה · קריירה-עברית · קריירה-אנגלית · Transfermarkt","5","FW","IL","1990","2","19/20-20/21","1","","",""
"באר־שבעdle","גוזואה פסקאוורה","215528","מקור יחיד","נמוך","התאחדות","1","","IL","","2","19/20-20/21","1","","",""
"באר־שבעdle","דוד קלטינס","58550","מאושר","","התאחדות · worldfootball · קטגוריה · קריירה-עברית · קריירה-אנגלית · Transfermarkt","5","MF","IL","1995","3","19/20-21/22","2","כן","19",""
"באר־שבעdle","דויד סימאו","224801","מאושר","","התאחדות · worldfootball · קטגוריה · קריירה-עברית · קריירה-אנגלית · Transfermarkt","5","MF","FR","1990","1","19/20","1","","",""
"באר־שבעdle","דניאל קראדי","126368","מקור יחיד","נמוך","התאחדות","1","","IL","","1","19/20","1","","",""
"באר־שבעdle","ז'וזואה פשקיירה","","מאושר","","קטגוריה · קריירה-עברית · קריירה-אנגלית","2","MF","PT","1990","2","19/20-20/21","1","","",""
"באר־שבעdle","ירדן קרישטול","45809","מאושר","","התאחדות · worldfootball (גשר תעתיק) · Transfermarkt","3","","IL","","1","19/20","1","","",""
"באר־שבעdle","נאור סבג","48709","מאושר","","התאחדות · worldfootball · קטגוריה · קריירה-עברית · קריירה-אנגלית · Transfermarkt","5","MF","IL","1993","1","19/20","1","","",""
"באר־שבעdle","קייס גאנם","109976","מאושר","","התאחדות · worldfootball · קטגוריה · קריירה-עברית · קריירה-אנגלית · Transfermarkt","5","FW","IL","1997","2","19/20, 21/22","2","","",""
"באר־שבעdle","רואי אביטן","126376","מאושר","","התאחדות · worldfootball (גשר תעתיק) · Transfermarkt","3","","IL","","1","19/20","1","","",""
"באר־שבעdle","רון ויזמן","138600","מקור יחיד","נמוך","התאחדות","1","","IL","","1","19/20","1","","",""
"באר־שבעdle","רז בוחבוט","126387","מקור יחיד","נמוך","התאחדות","1","","IL","","1","19/20","1","","",""
"באר־שבעdle","רמזי ספורי","49641","מאושר","","התאחדות · worldfootball · קטגוריה · קריירה-עברית · קריירה-אנגלית · Transfermarkt","5","FW","IL","1995","3","19/20, 21/22-22/23","2","כן","12",""
"באר־שבעdle","שון גולדברג","58440","מאושר","","התאחדות · worldfootball · קטגוריה · קריירה-עברית · קריירה-אנגלית · Transfermarkt","5","DF","IL","1995","2","19/20-20/21","1","","",""
"באר־שבעdle","איתן רצון","73414","מקור יחיד","נמוך","התאחדות","1","","IL","","1","20/21","0","","",""
"באר־שבעdle","גונתן ולאסקז","225508","מקור יחיד","נמוך","התאחדות","1","","IL","","1","20/21","0","","",""
"באר־שבעdle","גל לוי","35269","מאושר","","התאחדות · worldfootball (גשר תעתיק) · Transfermarkt","3","","IL","","1","20/21","0","","",""
"באר־שבעdle","ויירה פארליי","233343","מאושר","","התאחדות · worldfootball (גשר תעתיק) · Transfermarkt","3","","IL","","1","20/21","0","","",""
"באר־שבעdle","לוקאס בריירו","227367","מקור יחיד","נמוך","התאחדות","1","","IL","","4","20/21-23/24","1","","",""
"באר־שבעdle","לירן כהן","111032","מאושר","","התאחדות · worldfootball (גשר תעתיק) · Transfermarkt","3","","IL","","1","20/21","0","","",""
"באר־שבעdle","מריאנו באריירו","","מאושר","","worldfootball · קטגוריה · קריירה-עברית · קריירה-אנגלית · Transfermarkt","4","MF","AR","1995","4","20/21-23/24","1","כן","47",""
"באר־שבעdle","נתנאל אסקיאס","138592","מאושר","","התאחדות · worldfootball (גשר תעתיק)","2","","IL","","1","20/21","0","","",""
"באר־שבעdle","סזאר מלי","227365","מאושר","","התאחדות · worldfootball (גשר תעתיק)","2","","IL","","1","20/21","0","","",""
"באר־שבעdle","סינטאיהו סלליך","54337","מאושר","","התאחדות · worldfootball · קטגוריה · קריירה-עברית · קריירה-אנגלית · Transfermarkt","5","FW","IL","1991","1","20/21","0","","",""
"באר־שבעdle","פארלי רוסה","","מאושר","","worldfootball · קטגוריה · קריירה-עברית · קריירה-אנגלית · Transfermarkt","4","FW","BR","1994","1","20/21","0","","",""
"באר־שבעdle","רועי אזוט","170035","מאושר","","התאחדות · Transfermarkt","2","","IL","","1","20/21","0","","",""
"באר־שבעdle","רותם חטואל","99604","מאושר","","התאחדות · worldfootball · קטגוריה · קריירה-עברית · קריירה-אנגלית · Transfermarkt","5","FW","IL","1998","4","20/21-23/24","1","כן","52",""
"באר־שבעdle","רז רחמים","87657","מאושר","","התאחדות · worldfootball (גשר תעתיק) · Transfermarkt","3","","IL","","1","20/21","0","","",""
"באר־שבעdle","שגיב יחזקאל","56185","מאושר","","התאחדות · worldfootball · קטגוריה · קריירה-עברית · קריירה-אנגלית","4","FW","IL","1995","3","20/21-22/23","1","כן","11",""
"באר־שבעdle","אביב סולומון","56346","מאושר","","התאחדות · worldfootball (גשר תעתיק) · קטגוריה · קריירה-עברית","3","DF","IL","1995","2","21/22-22/23","1","","",""
"באר־שבעdle","איאד אבו עביד","","מאושר","","worldfootball (גשר תעתיק) · קטגוריה · קריירה-עברית · קריירה-אנגלית · Transfermarkt","4","DF","IL","1994","3","21/22-23/24","1","כן","72",""
"באר־שבעdle","איתי שכטר","33841","מאושר","","התאחדות · worldfootball · קטגוריה · קריירה-עברית · קריירה-אנגלית · Transfermarkt","5","FW","IL","1987","2","21/22-22/23","1","","",""
"באר־שבעdle","איתן טיבי","650","מאושר","","התאחדות · worldfootball · קטגוריה · קריירה-עברית · קריירה-אנגלית · Transfermarkt","5","DF","IL","1987","4","21/22-24/25","2","כן","60",""
"באר־שבעdle","אנדרה מרטינס","247120","מקור יחיד","נמוך","התאחדות","1","","IL","","2","21/22-22/23","1","","",""
"באר־שבעdle","אנדרה מרטינש","","מאושר","","worldfootball (גשר תעתיק) · קטגוריה · קריירה-עברית · קריירה-אנגלית","3","MF","PT","1990","2","21/22-22/23","1","","",""
"באר־שבעdle","גוסטבו מרמנטיני","","מאושר","","התאחדות · worldfootball · קטגוריה · קריירה-עברית · קריירה-אנגלית · Transfermarkt","5","FW","BR","1994","1","21/22","1","","",""
"באר־שבעdle","גוסטבו סאנטוס","225226","מקור יחיד","נמוך","התאחדות","1","","IL","","1","21/22","1","","",""
"באר־שבעdle","דור מיכה","5283","מאושר","","התאחדות · worldfootball · קטגוריה · קריירה-עברית · קריירה-אנגלית · Transfermarkt","5","MF","IL","1992","2","21/22-22/23","1","","",""
"באר־שבעdle","דנילו אספרייה","235447","מאושר","","התאחדות · worldfootball · קטגוריה · קריירה-עברית · קריירה-אנגלית · Transfermarkt","5","FW","CO","1989","1","21/22","1","","",""
"באר־שבעdle","הלדר לופז","238018","מאושר","","התאחדות · worldfootball (גשר תעתיק) · Transfermarkt","3","","IL","","5","21/22-25/26","3","","",""
"באר־שבעdle","הלדר לופש","","מאושר","","worldfootball (גשר תעתיק) · קטגוריה · קריירה-עברית · קריירה-אנגלית · Transfermarkt","4","DF","PT","1989","5","21/22-25/26","3","כן","62",""
"באר־שבעdle","יוג'ין אנסה","320529","מאושר","","התאחדות · worldfootball · קטגוריה · קריירה-עברית · קריירה-אנגלית · Transfermarkt","5","FW","GH","1994","2","21/22-22/23","1","","",""
"באר־שבעdle","ניב אליאסי","127912","מאושר","","התאחדות · worldfootball · קטגוריה · קריירה-עברית · קריירה-אנגלית · Transfermarkt","5","GK","IL","2002","4","21/22, 23/24-25/26","3","כן","41",""
"באר־שבעdle","ניקיטה רוקאביציה","166889","מאושר","","התאחדות · worldfootball · קטגוריה · קריירה-עברית · קריירה-אנגלית · Transfermarkt","5","FW","AU","1987","1","21/22","1","","",""
"באר־שבעdle","סאלי גינון","158095","מאושר","","התאחדות · worldfootball (גשר תעתיק)","2","","IL","","1","21/22","1","","",""
"באר־שבעdle","עומרי גלזר","78956","מאושר","","התאחדות · worldfootball · קטגוריה · קריירה-עברית · קריירה-אנגלית · Transfermarkt","5","GK","IL","1996","2","21/22-22/23","1","","",""
"באר־שבעdle","עידו כהן","122931","מאושר","","התאחדות · worldfootball (גשר תעתיק) · Transfermarkt","3","","IL","","1","21/22","1","","",""
"באר־שבעdle","רום אליגון","158064","מאושר","","התאחדות · Transfermarkt","2","","IL","","1","21/22","1","","",""
"באר־שבעdle","אדריאן פאון","","מאושר","","worldfootball · קטגוריה · קריירה-עברית · קריירה-אנגלית · Transfermarkt","4","MF","RO","1995","1","22/23","0","","",""
"באר־שבעdle","אור בלוריאן","98533","מאושר","","התאחדות · worldfootball · קטגוריה · קריירה-עברית · קריירה-אנגלית · Transfermarkt","5","DF","IL","2000","3","22/23, 24/25-25/26","2","כן","40",""
"באר־שבעdle","אמיר אריאלי","134536","מאושר","","התאחדות · worldfootball (גשר תעתיק) · Transfermarkt","3","","IL","","1","22/23","0","","",""
"באר־שבעdle","אמיר גנאח","179518","מאושר","","התאחדות · worldfootball · קטגוריה · קריירה-עברית · קריירה-אנגלית · Transfermarkt","5","MF","IL","2004","4","22/23-25/26","2","כן","13",""
"באר־שבעdle","זאהי אחמד","116370","מאושר","","התאחדות · worldfootball · קטגוריה · קריירה-עברית · קריירה-אנגלית · Transfermarkt","5","FW","IL","2001","3","22/23, 24/25-25/26","2","כן","75",""
"באר־שבעdle","טום עמוס","263937","מאושר","","התאחדות · worldfootball (גשר תעתיק) · Transfermarkt","3","","IL","","1","22/23","0","","",""
"באר־שבעdle","ליעד אביטבול","157774","מאושר","","התאחדות · worldfootball (גשר תעתיק) · Transfermarkt","3","","IL","","1","22/23","0","","",""
"באר־שבעdle","מאגומד סוליימאנוב","250376","מקור יחיד","נמוך","התאחדות","1","FW","IL","1999","1","22/23","0","","",""
"באר־שבעdle","עדן שמיר","58646","מאושר","","התאחדות · worldfootball · קטגוריה · קריירה-עברית · קריירה-אנגלית · Transfermarkt","5","MF","IL","1995","2","22/23-23/24","0","","",""
"באר־שבעdle","פטריק קלימלה","264358","מאושר","","התאחדות · worldfootball · קטגוריה · קריירה-עברית · קריירה-אנגלית · Transfermarkt","5","FW","PL","1998","1","22/23","0","","",""
"באר־שבעdle","קונסטנטין אלכסנדרו","259262","מקור יחיד","נמוך","התאחדות","1","","IL","","1","22/23","0","","",""
"באר־שבעdle","רגב אלופר","166307","מקור יחיד","נמוך","התאחדות","1","","IL","","1","22/23","0","","",""
"באר־שבעdle","רועי ממן","166987","מאושר","","התאחדות · worldfootball (גשר תעתיק) · Transfermarkt","3","","IL","","1","22/23","0","","",""
"באר־שבעdle","שי אליאס","92982","מאושר","","התאחדות · worldfootball · קטגוריה · קריירה-עברית · קריירה-אנגלית · Transfermarkt","5","MF","IL","1999","4","22/23-25/26","2","כן","7",""
"באר־שבעdle","תומר חמד","4531","מאושר","","התאחדות · worldfootball · קטגוריה · קריירה-עברית · קריירה-אנגלית · Transfermarkt","5","FW","IL","1987","1","22/23","0","","",""
"באר־שבעdle","אופיר מרציאנו","5932","מאושר","","התאחדות · worldfootball · קטגוריה · קריירה-עברית · קריירה-אנגלית · Transfermarkt","5","GK","IL","1989","3","23/24-25/26","2","כן","10",""
"באר־שבעdle","אילון אלמוג","98244","מאושר","","התאחדות · worldfootball · קטגוריה · קריירה-עברית · קריירה-אנגלית · Transfermarkt","5","MF","IL","1999","1","23/24","0","","",""
"באר־שבעdle","אלון תורגמן","3916","מאושר","","התאחדות · worldfootball · קריירה-אנגלית · Transfermarkt","4","FW","IL","1991","2","23/24-24/25","1","","",""
"באר־שבעdle","אנדרה פוקו","268625","מאושר","","התאחדות · worldfootball · קטגוריה · קריירה-עברית · קריירה-אנגלית · Transfermarkt","5","MF","IL","1993","1","23/24","0","","",""
"באר־שבעdle","אנטוניו ספר","265189","מאושר","","התאחדות · worldfootball · קטגוריה · קריירה-עברית · קריירה-אנגלית · Transfermarkt","5","MF","RO","2000","1","23/24","0","","",""
"באר־שבעdle","ארי מרנשטין","139255","מאושר","","התאחדות · worldfootball (גשר תעתיק) · Transfermarkt","3","","IL","","1","23/24","0","","",""
"באר־שבעdle","ארתור שושנאצ'ב","283377","מאושר","","התאחדות · worldfootball · קטגוריה · קריירה-עברית · קריירה-אנגלית · Transfermarkt","5","FW","IL","1998","1","23/24","0","","",""
"באר־שבעdle","גיא בדש","35391","מאושר","","התאחדות · worldfootball · קטגוריה · קריירה-עברית · קריירה-אנגלית · Transfermarkt","5","MF","IL","1994","1","23/24","0","","",""
"באר־שבעdle","דיינר קיניונס","283345","מאושר","","התאחדות · worldfootball · קטגוריה · קריירה-עברית · קריירה-אנגלית · Transfermarkt","5","MF","CO","1995","1","23/24","0","","",""
"באר־שבעdle","הראל שלום","74651","מאושר","","התאחדות · worldfootball (גשר תעתיק) · קטגוריה · קריירה-עברית · Transfermarkt","4","DF","IL","1997","1","23/24","0","","",""
"באר־שבעdle","יוני סטויאנוב","115265","מאושר","","התאחדות · worldfootball (גשר תעתיק) · קטגוריה · קריירה-עברית · קריירה-אנגלית · Transfermarkt","5","DF","BG","2001","3","23/24-25/26","2","כן","4",""
"באר־שבעdle","מקסימו לוי","283382","מאושר","","התאחדות · worldfootball (גשר תעתיק) · Transfermarkt","3","","IL","","1","23/24","0","","",""
"באר־שבעdle","נועם שחר","167156","מאושר","","התאחדות · worldfootball (גשר תעתיק) · Transfermarkt","3","","IL","","1","23/24","0","","",""
"באר־שבעdle","עומאר אימראן","273698","מאושר","","התאחדות · Transfermarkt","2","","IL","","1","23/24","0","","",""
"באר־שבעdle","עימראן ולאד עומר","","מאושר","","worldfootball · קטגוריה · קריירה-עברית · קריירה-אנגלית · Transfermarkt","4","MF","NL","1997","1","23/24","0","","",""
"באר־שבעdle","ראם גולן","179315","מאושר","","התאחדות · worldfootball (גשר תעתיק) · Transfermarkt","3","","IL","","1","23/24","0","","",""
"באר־שבעdle","אופק פרץ","180825","מקור יחיד","נמוך","התאחדות","1","","IL","","1","24/25","1","","",""
"באר־שבעdle","אליאל פרץ","71542","מאושר","","התאחדות · worldfootball · קטגוריה · קריירה-עברית · קריירה-אנגלית · Transfermarkt","5","MF","IL","1996","2","24/25-25/26","2","","",""
"באר־שבעdle","אמיר והב","149396","מקור יחיד","נמוך","התאחדות","1","","IL","","1","24/25","1","","",""
"באר־שבעdle","בן ענברי","139829","מקור יחיד","נמוך","התאחדות","1","","IL","","1","24/25","1","","",""
"באר־שבעdle","גיא מזרחי","113625","מאושר","","התאחדות · worldfootball · קריירה-עברית · קריירה-אנגלית · Transfermarkt","5","DF","IL","2001","2","24/25-25/26","2","","",""
"באר־שבעdle","יורי מדיירוש","301386","מאושר","","התאחדות · worldfootball · קטגוריה · קריירה-עברית · קריירה-אנגלית · Transfermarkt","5","FW","PT","1994","1","24/25","1","","",""
"באר־שבעdle","לוקאס ונטורה","287456","מאושר","","התאחדות · worldfootball · קטגוריה · קריירה-עברית · קריירה-אנגלית · Transfermarkt","5","MF","BR","1998","2","24/25-25/26","2","","",""
"באר־שבעdle","מתן בלטקסה","57056","מאושר","","התאחדות · worldfootball · קטגוריה · קריירה-עברית · קריירה-אנגלית · Transfermarkt","5","DF","IL","1995","2","24/25-25/26","2","","",""
"באר־שבעdle","סמיר פרהוד","129960","מקור יחיד","נמוך","התאחדות","1","","IL","","2","24/25-25/26","2","","",""
"באר־שבעdle","פול גריטה","285000","מאושר","","התאחדות · worldfootball · קטגוריה · קריירה-עברית · קריירה-אנגלית · Transfermarkt","5","FW","CM","1995","1","24/25","1","","",""
"באר־שבעdle","קינגס קאוגנה","199586","מאושר","","התאחדות · worldfootball (גשר תעתיק) · Transfermarkt","3","","IL","","2","24/25-25/26","2","","",""
"באר־שבעdle","קינגס קאנגווה","","מאושר","","worldfootball · קטגוריה · קריירה-עברית · קריירה-אנגלית · Transfermarkt","4","MF","ZM","1999","2","24/25-25/26","2","","",""
"באר־שבעdle","קרלוש פונק","301276","מאושר","","התאחדות · קטגוריה · קריירה-עברית · קריירה-אנגלית","3","DF","IL","1990","1","24/25","1","","",""
"באר־שבעdle","שגיא יחזקאל","148942","מאושר","","התאחדות · worldfootball (גשר תעתיק)","2","","IL","","1","24/25","1","","",""
"באר־שבעdle","איגור זלטנוביץ'","235144","מאושר","","התאחדות · worldfootball · קטגוריה · קריירה-עברית · קריירה-אנגלית · Transfermarkt","5","FW","RS","1998","1","25/26","1","","",""
"באר־שבעdle","איתי חזות","186304","מאושר","","התאחדות · worldfootball (גשר תעתיק) · Transfermarkt","3","","IL","","1","25/26","1","","",""
"באר־שבעdle","איתי חמי","162314","מקור יחיד","נמוך","התאחדות","1","","IL","","1","25/26","1","","",""
"באר־שבעdle","איתי קנריק","163828","מקור יחיד","נמוך","התאחדות","1","","IL","","1","25/26","1","","",""
"באר־שבעdle","ג'יבריל דיופ","307386","מאושר","","התאחדות · worldfootball (גשר תעתיק) · קטגוריה · קריירה-עברית · קריירה-אנגלית · Transfermarkt","5","DF","SN","1999","1","25/26","1","","",""
"באר־שבעdle","גבון איסט","301749","מאושר","","התאחדות · worldfootball (גשר תעתיק) · Transfermarkt","3","FW","IL","1995","1","25/26","1","","",""
"באר־שבעdle","יונתן שני","206013","מאושר","","התאחדות · worldfootball (גשר תעתיק)","2","","IL","","1","25/26","1","","",""
"באר־שבעdle","מוחמד אבו רומי","135993","מאושר","","התאחדות · worldfootball (גשר תעתיק) · קריירה-אנגלית · Transfermarkt","4","FW","IL","2004","1","25/26","1","","",""
"באר־שבעdle","מוחמד כנעאן","95496","מאושר","","התאחדות · worldfootball (גשר תעתיק) · Transfermarkt","3","","IL","","1","25/26","1","","",""
"באר־שבעdle","עמית אוחנה","199451","מאושר","","התאחדות · worldfootball (גשר תעתיק) · Transfermarkt","3","","IL","","1","25/26","1","","",""
"באר־שבעdle","רועי לוי","107638","מאושר","","התאחדות · worldfootball (גשר תעתיק) · קטגוריה · קריירה-עברית · Transfermarkt","4","","IL","","1","25/26","1","","",""
"מכביdle","מאיר נמני","","מאושר","","worldfootball · קטגוריה · קריירה-עברית · קריירה-אנגלית · Transfermarkt","4","DF","IL","1948","13","68/69-80/81","6","כן","4",""
"מכביdle","גיורא שפיגל","","מאושר","","worldfootball · קטגוריה · קריירה-עברית · קריירה-אנגלית · Transfermarkt","4","MF","IL","1947","5","69/70-72/73, 78/79","4","כן","100",""
"מכביdle","דוד קרקו","","מאושר","","worldfootball · קטגוריה · קריירה-עברית · קריירה-אנגלית · Transfermarkt","4","DF","IL","1945","6","69/70-74/75","3","כן","5",""
"מכביdle","מיקו בלו","","מאושר","","worldfootball · קטגוריה · קריירה-עברית · קריירה-אנגלית","3","DF","IL","1947","1","69/70","2","","",""
"מכביdle","צבי רוזן","","מאושר","","worldfootball · קטגוריה · קריירה-עברית · קריירה-אנגלית · Transfermarkt","4","DF","IL","1947","8","69/70-76/77","5","כן","112",""
"מכביdle","רחמים טלבי","","מאושר","","worldfootball · קטגוריה · קריירה-עברית · קריירה-אנגלית · Transfermarkt","4","FW","IL","1943","7","69/70-75/76","3","כן","117",""
"מכביdle","בני טבק","","מאושר","","worldfootball (גשר תעתיק) · קטגוריה · קריירה-עברית · קריירה-אנגלית · Transfermarkt","4","FW","IL","1956","16","72/73-83/84, 85/86-88/89","5","כן","97",""
"מכביdle","ויקי פרץ","","מאושר","","worldfootball · קטגוריה · קריירה-עברית · קריירה-אנגלית · Transfermarkt","4","FW","IL","1953","9","73/74-79/80, 83/84-84/85","3","כן","60",""
"מכביdle","אבי כהן","","מאושר","","worldfootball · קטגוריה · קריירה-עברית","2","DF","IL","1956","18","74/75-78/79, 81/82-86/87, 88/89-94/95","7","כן","79",""
"מכביdle","גבי לסרי","","מאושר","","worldfootball · קטגוריה · קריירה-עברית · קריירה-אנגלית · Transfermarkt","4","DF","IL","1956","9","74/75-82/83","3","כן","94",""
"מכביdle","יוסף סורינוב","","מאושר","","worldfootball · קטגוריה · קריירה-עברית · קריירה-אנגלית · Transfermarkt","4","GK","IL","1946","2","76/77-77/78","2","","",""
"מכביdle","משה שווייצר","","מאושר","","worldfootball · קטגוריה · קריירה-עברית · קריירה-אנגלית · Transfermarkt","4","MF","IL","1954","6","77/78-82/83","1","כן","43",""
"מכביdle","בארי סילקמן","","מאושר","","worldfootball · קטגוריה · קריירה-עברית · קריירה-אנגלית","3","MF","EN","1952","1","79/80","0","","",""
"מכביdle","בוני גינצבורג","","מאושר","","worldfootball · קטגוריה · קריירה-עברית · קריירה-אנגלית","3","GK","IL","1964","6","80/81-83/84, 85/86-86/87","1","כן","16",""
"מכביdle","מוטי איוניר","","מאושר","","worldfootball · קטגוריה · קריירה-עברית · קריירה-אנגלית · Transfermarkt","4","MF","IL","1964","9","80/81-85/86, 88/89-90/91","0","כן","20",""
"מכביdle","אלי דריקס","","מאושר","","worldfootball · קטגוריה · קריירה-עברית · קריירה-אנגלית · Transfermarkt","4","FW","IL","1964","16","81/82-83/84, 85/86-88/89, 90/91-98/99","7","כן","23",""
"מכביdle","עודד מכנס","","מאושר","","worldfootball · קטגוריה · קריירה-עברית · קריירה-אנגלית · Transfermarkt","4","FW","IL","1956","1","86/87","1","","",""
"מכביdle","מאיר מליקה","","מאושר","","worldfootball (גשר תעתיק) · קטגוריה · קריירה-עברית · Transfermarkt","3","FW","IL","1969","7","88/89-93/94, 95/96","4","כן","80",""
"מכביdle","שביט אלימלך","","מאושר","","worldfootball · קטגוריה · קריירה-עברית · קריירה-אנגלית · Transfermarkt","4","GK","IL","1971","4","88/89-91/92","1","כן","92",""
"מכביdle","אבי נמני","1426","מאושר","","התאחדות · worldfootball · קטגוריה · קריירה-עברית · קריירה-אנגלית · Transfermarkt","5","MF","IL","1972","17","89/90-02/03, 05/06-07/08","8","כן","68",""
"מכביdle","גדי ברומר","1417","מאושר","","התאחדות · worldfootball · קטגוריה · קריירה-עברית · קריירה-אנגלית · Transfermarkt","5","MF","IL","1973","15","89/90-03/04","8","כן","86",""
"מכביdle","עמיר תורג'מן","1422","מאושר","","התאחדות · worldfootball · קטגוריה · קריירה-עברית · קריירה-אנגלית · Transfermarkt","5","FW","IL","1972","5","89/90-91/92, 01/02-02/03","3","כן","58",""
"מכביdle","אורי מלמיליאן","","מאושר","","worldfootball · קטגוריה · קריירה-עברית · קריירה-אנגלית · Transfermarkt","4","MF","IL","1957","2","90/91-91/92","1","","",""
"מכביdle","אמיר שלח","","מאושר","","worldfootball (גשר תעתיק) · קטגוריה · קריירה-עברית · קריירה-אנגלית · Transfermarkt","4","DF","IL","1970","9","90/91-97/98, 00/01","6","כן","63",""
"מכביdle","אנדריי באל","","מאושר","","worldfootball · קטגוריה · קריירה-עברית · קריירה-אנגלית · Transfermarkt","4","MF","UA","1958","1","90/91","0","","",""
"מכביdle","ניר קלינגר","","מאושר","","worldfootball · קטגוריה · קריירה-עברית · קריירה-אנגלית · Transfermarkt","4","MF","IL","1966","8","90/91-97/98","5","כן","62",""
"מכביdle","אלכסנדר אובארוב","1411","מאושר","","התאחדות · קטגוריה · קריירה-עברית · קריירה-אנגלית · Transfermarkt","4","GK","RU","1960","11","91/92-99/00, 02/03-03/04","6","כן","99",""
"מכביdle","אלכסנדר פולוקארוב","","מאושר","","worldfootball · קטגוריה · קריירה-עברית · קריירה-אנגלית · Transfermarkt","4","DF","RU","1959","3","91/92-93/94","2","כן","119",""
"מכביdle","הישאם זועבי","","מאושר","","worldfootball · קטגוריה · קריירה-עברית · קריירה-אנגלית · Transfermarkt","4","FW","IL","1969","1","91/92","1","","",""
"מכביdle","נועם שוהם","","מאושר","","worldfootball · קטגוריה · קריירה-עברית · קריירה-אנגלית · Transfermarkt","4","MF","IL","1970","6","91/92-96/97","5","כן","90",""
"מכביdle","ניר סביליה","","מאושר","","worldfootball · קטגוריה · קריירה-אנגלית · Transfermarkt","4","FW","IL","1975","4","91/92-94/95","3","כן","13",""
"מכביdle","אלון ברומר","","מאושר","","worldfootball · קטגוריה · קריירה-עברית · קריירה-אנגלית · Transfermarkt","4","MF","IL","1973","7","92/93-97/98, 00/01","5","כן","27",""
"מכביdle","סיריל מקנאקי","","מאושר","","worldfootball · קטגוריה · קריירה-עברית · קריירה-אנגלית · Transfermarkt","4","MF","CM","1965","1","93/94","1","","",""
"מכביdle","קובי רפואה","1548","מאושר","","התאחדות · worldfootball · קטגוריה · קריירה-עברית · קריירה-אנגלית · Transfermarkt","5","FW","IL","1974","2","93/94, 02/03","2","","",""
"מכביdle","בן לוז","","מאושר","","worldfootball · קטגוריה · קריירה-עברית · קריירה-אנגלית · Transfermarkt","4","MF","IL","1978","6","94/95-99/00","3","כן","44",""
"מכביdle","ויקטור מורוז","","מאושר","","worldfootball · קטגוריה · קריירה-עברית · קריירה-אנגלית · Transfermarkt","4","MF","UA","1968","1","95/96","2","","",""
"מכביdle","גיא צרפתי","1639","מאושר","","התאחדות · worldfootball · קטגוריה · קריירה-עברית · קריירה-אנגלית · Transfermarkt","5","MF","IL","1979","7","96/97-02/03","3","כן","76",""
"מכביdle","דדי בן דיין","1414","מאושר","","התאחדות · worldfootball · קטגוריה · קריירה-עברית · קריירה-אנגלית · Transfermarkt","5","DF","IL","1978","9","96/97-04/05","4","כן","48",""
"מכביdle","דוד רביבו","","מאושר","","worldfootball · קטגוריה · קריירה-עברית · קריירה-אנגלית · Transfermarkt","4","MF","IL","1977","4","96/97-99/00","0","כן","12",""
"מכביdle","אלק נילאש","","מאושר","","worldfootball · קטגוריה · קריירה-עברית · קריירה-אנגלית · Transfermarkt","4","MF","HU","1969","1","97/98","0","","",""
"מכביdle","משה גלאם","","מאושר","","worldfootball · קטגוריה · קריירה-עברית · קריירה-אנגלית · Transfermarkt","4","DF","IL","1968","2","97/98-98/99","0","","",""
"מכביdle","אבי סטרול","1427","מאושר","","התאחדות · worldfootball · קטגוריה · קריירה-עברית · קריירה-אנגלית · Transfermarkt","5","DF","IL","1980","11","98/99-05/06, 10/11-12/13","5","כן","101",""
"מכביdle","אופיר חיים","13286","מאושר","","התאחדות · worldfootball · קטגוריה · קריירה-עברית · קריירה-אנגלית · Transfermarkt","5","FW","IL","1975","4","98/99-99/00, 04/05-05/06","1","כן","34",""
"מכביdle","אלכסיי קוסולאפוב","","מאושר","","worldfootball (גשר תעתיק) · קטגוריה · קריירה-עברית · קריירה-אנגלית · Transfermarkt","4","MF","RU","1971","2","98/99-99/00","0","","",""
"מכביdle","אנדז'יי קוביקה","","מאושר","","worldfootball · קטגוריה · קריירה-עברית · קריירה-אנגלית · Transfermarkt","4","FW","PL","1972","3","98/99-99/00, 03/04","0","כן","42",""
"מכביdle","כפיר אדרי","","מאושר","","worldfootball · קטגוריה · קריירה-עברית · קריירה-אנגלית · Transfermarkt","4","MF","IL","1976","2","98/99-99/00","0","","",""
"מכביdle","מייקל אמנלו","","מאושר","","worldfootball · קטגוריה · קריירה-עברית · קריירה-אנגלית · Transfermarkt","4","DF","NG","1965","2","98/99-99/00","0","","",""
"מכביdle","מרקו בלבול","","מאושר","","worldfootball · קטגוריה · קריירה-עברית · קריירה-אנגלית · Transfermarkt","4","DF","IL","1967","2","98/99-99/00","0","","",""
"מכביdle","גז'גוז' ונדזינסקי","","מאושר","","worldfootball · קטגוריה · קריירה-עברית · קריירה-אנגלית · Transfermarkt","4","MF","PL","1970","3","99/00-01/02","2","כן","3",""
"מכביdle","לירון בסיס","","מאושר","","worldfootball · קטגוריה · קריירה-עברית · קריירה-אנגלית · Transfermarkt","4","MF","IL","1974","1","99/00","0","","",""
"מכביdle","לירן שטראובר","1430","מאושר","","התאחדות · worldfootball · קטגוריה · קריירה-עברית · קריירה-אנגלית · Transfermarkt","5","GK","IL","1974","9","99/00-05/06, 09/10-10/11","4","כן","70",""
"מכביdle","פליקס חלפון","","מאושר","","worldfootball · קטגוריה · קריירה-עברית · קריירה-אנגלית · Transfermarkt","4","DF","IL","1972","1","99/00","0","","",""
"מכביdle","רוני גפני","33037","מאושר","","התאחדות · worldfootball · קטגוריה · קריירה-עברית · קריירה-אנגלית · Transfermarkt","5","DF","IL","1980","4","99/00, 09/10-10/11, 13/14","1","כן","8",""
"מכביdle","טל בנין","1416","מאושר","","התאחדות · worldfootball · קטגוריה · קריירה-עברית · קריירה-אנגלית · Transfermarkt","5","MF","IL","1971","3","00/01-02/03","3","כן","41",""
"מכביdle","מהו קודרו","","מאושר","","worldfootball · קטגוריה · קריירה-עברית · קריירה-אנגלית · Transfermarkt","4","FW","BA","1967","1","00/01","1","","",""
"מכביdle","פרנץ הורבאט","","מאושר","","worldfootball · קטגוריה · קריירה-עברית · קריירה-אנגלית · Transfermarkt","4","FW","HU","1973","2","00/01-01/02","2","","",""
"מכביdle","ראובן עובד","1774","מאושר","","התאחדות · worldfootball · קטגוריה · קריירה-עברית · קריירה-אנגלית · Transfermarkt","5","MF","IL","1983","5","00/01-04/05","4","כן","93",""
"מכביdle","אורן זיתוני","1421","מאושר","","התאחדות · worldfootball · קטגוריה · קריירה-עברית · קריירה-אנגלית · Transfermarkt","5","MF","IL","1976","4","01/02-04/05","3","כן","109",""
"מכביdle","אושרי לוי","","מאושר","","worldfootball · קטגוריה · קריירה-עברית · קריירה-אנגלית · Transfermarkt","4","GK","IL","1974","1","01/02","1","","",""
"מכביdle","מני לוי","1423","מאושר","","התאחדות · worldfootball · קטגוריה · קריירה-עברית · קריירה-אנגלית · Transfermarkt","5","DF","IL","1980","3","01/02-03/04","2","כן","72",""
"מכביdle","רודריגו גולדברג","","מאושר","","worldfootball · קטגוריה · קריירה-עברית · קריירה-אנגלית · Transfermarkt","4","FW","CL","1971","3","01/02-03/04","2","כן","45",""
"מכביdle","אביעד אברהם","6112","מקור יחיד","נמוך","התאחדות","1","","IL","","1","02/03","1","","",""
"מכביdle","אורן רותם","102","מקור יחיד","נמוך","התאחדות","1","","IL","","1","02/03","1","","",""
"מכביdle","איל שן","1431","מאושר","","התאחדות · worldfootball (גשר תעתיק) · Transfermarkt","3","","IL","","1","02/03","1","","",""
"מכביdle","אלי ביטון","1412","מאושר","","התאחדות · worldfootball (גשר תעתיק) · קטגוריה · קריירה-עברית · Transfermarkt","4","MF","IL","1982","3","02/03-04/05","2","כן","53",""
"מכביdle","אנדרייס פרוחורנקובס","","מאושר","","worldfootball · קטגוריה · קריירה-עברית · קריירה-אנגלית · Transfermarkt","4","FW","LV","1977","3","02/03-04/05","2","כן","52",""
"מכביdle","אסף שדה","34377","מקור יחיד","נמוך","התאחדות","1","","IL","","2","02/03-03/04","1","","",""
"מכביdle","ארוס פרננדו","34326","מקור יחיד","נמוך","התאחדות","1","","","","1","02/03","1","","",""
"מכביdle","ברוך דגו","34050","מאושר","","התאחדות · קטגוריה · קריירה-עברית · קריירה-אנגלית · Transfermarkt","4","MF","IL","1982","3","02/03-04/05","2","כן","40",""
"מכביdle","ג'ון פנטסיל","41769","מאושר","","התאחדות · worldfootball · קטגוריה · קריירה-עברית · קריירה-אנגלית · Transfermarkt","5","DF","GH","1981","3","02/03-04/05","2","כן","82",""
"מכביdle","גולדברג רודריגו","1418","מאושר","","התאחדות · worldfootball (גשר תעתיק) · Transfermarkt","3","","","","1","02/03","1","","",""
"מכביdle","גל פליאן","1429","מאושר","","התאחדות · worldfootball (גשר תעתיק) · Transfermarkt","3","","IL","","2","02/03-03/04","1","","",""
"מכביdle","דן משען","1425","מקור יחיד","נמוך","התאחדות","1","","IL","","1","02/03","1","","",""
"מכביdle","דניאל היידמן","1419","מאושר","","התאחדות · קטגוריה · קריירה-עברית · קריירה-אנגלית","3","MF","IL","1982","1","02/03","1","","",""
"מכביdle","טל בן חיים (1982)","23662","מאושר","","התאחדות · worldfootball · קטגוריה · קריירה-עברית · קריירה-אנגלית · Transfermarkt","5","DF","IL","1982","5","02/03-03/04, 15/16-17/18","1","כן","110",""
"מכביdle","יוסי נישרי","13592","מקור יחיד","נמוך","התאחדות","1","","IL","","1","02/03","1","","",""
"מכביdle","יעקב אבדיאב","1748","מקור יחיד","נמוך","התאחדות","1","","IL","","1","02/03","1","","",""
"מכביdle","לירן כהן","1765","מאושר","","התאחדות · worldfootball · קטגוריה · קריירה-עברית · קריירה-אנגלית · Transfermarkt","5","MF","IL","1983","5","02/03-06/07","2","כן","87",""
"מכביdle","מאוריסיו ארוס","","מאושר","","worldfootball · קטגוריה · קריירה-עברית · קריירה-אנגלית · Transfermarkt","4","DF","CL","1976","1","02/03","1","","",""
"מכביdle","מיכאל עמר","1775","מקור יחיד","נמוך","התאחדות","1","","IL","","1","02/03","1","","",""
"מכביdle","משה משאלוף","1769","מקור יחיד","נמוך","התאחדות","1","","IL","","7","02/03-08/09","2","","",""
"מכביdle","סאלם אבו סיאם","1749","מאושר","","התאחדות · קטגוריה · קריירה-עברית · קריירה-אנגלית · Transfermarkt","4","DF","IL","1983","4","02/03-05/06","2","כן","47",""
"מכביdle","פרוחננקובס אנדרס","268","מקור יחיד","נמוך","התאחדות","1","","","","3","02/03-04/05","2","","",""
"מכביdle","קובי מוסה","1424","מאושר","","התאחדות · worldfootball (גשר תעתיק) · Transfermarkt","3","","IL","","5","02/03-04/05, 06/07-07/08","2","","",""
"מכביdle","רייס ברונו","34365","מאושר","","התאחדות · worldfootball (גשר תעתיק) · Transfermarkt","3","","","","3","02/03-04/05","2","","",""
"מכביdle","אדורנו אלדו","50436","מקור יחיד","נמוך","התאחדות","1","","","","1","03/04","0","","",""
"מכביdle","אלדו אדורנו","","מאושר","","worldfootball · קטגוריה · קריירה-עברית · קריירה-אנגלית · Transfermarkt","4","FW","PY","1982","1","03/04","0","","",""
"מכביdle","אסף קריספיס","1779","מאושר","","התאחדות · worldfootball (גשר תעתיק) · קטגוריה · קריירה-עברית · Transfermarkt","4","FW","IL","1984","1","03/04","0","","",""
"מכביdle","ארז מסיקה","1634","מאושר","","התאחדות · worldfootball · קטגוריה · קריירה-עברית · קריירה-אנגלית · Transfermarkt","5","MF","IL","1979","5","03/04-07/08","1","כן","67",""
"מכביdle","גל ניר","17580","מאושר","","התאחדות · worldfootball · קטגוריה · קריירה-עברית · קריירה-אנגלית · Transfermarkt","5","GK","IL","1983","2","03/04-04/05","1","","",""
"מכביdle","קובי נכטיילר","13319","מאושר","","התאחדות · Transfermarkt","2","","IL","","1","03/04","0","","",""
"מכביdle","קוביקה אנזיי","4398","מקור יחיד","נמוך","התאחדות","1","","","","1","03/04","0","","",""
"מכביdle","רועי דיין","1757","מאושר","","התאחדות · worldfootball · קטגוריה · קריירה-עברית · קריירה-אנגלית · Transfermarkt","5","FW","IL","1984","4","03/04-06/07","1","כן","120",""
"מכביdle","תמיר כהן","1764","מאושר","","התאחדות · worldfootball · קטגוריה · קריירה-עברית · קריירה-אנגלית · Transfermarkt","5","MF","IL","1984","4","03/04-06/07","1","כן","89",""
"מכביdle","אדוארדו מרקוש","55365","מאושר","","התאחדות · Transfermarkt","2","","IL","","1","04/05","1","","",""
"מכביdle","אופיר בר","14264","מקור יחיד","נמוך","התאחדות","1","","IL","","1","04/05","1","","",""
"מכביdle","אמיל אמבמבה","55470","מאושר","","התאחדות · worldfootball · קטגוריה · קריירה-עברית · קריירה-אנגלית · Transfermarkt","5","FW","CM","1982","1","04/05","1","","",""
"מכביdle","ברק ורד","8363","מאושר","","התאחדות · Transfermarkt","2","","IL","","1","04/05","1","","",""
"מכביdle","גובניניו פביאנו","55387","מקור יחיד","נמוך","התאחדות","1","","IL","","1","04/05","1","","",""
"מכביdle","גיא חיימוב","8485","מאושר","","התאחדות · worldfootball · קטגוריה · קריירה-עברית · קריירה-אנגלית · Transfermarkt","5","GK","IL","1986","5","04/05-06/07, 08/09, 11/12","1","כן","85",""
"מכביdle","יקיר שינה","8376","מאושר","","התאחדות · worldfootball · קטגוריה · קריירה-עברית · קריירה-אנגלית · Transfermarkt","5","MF","IL","1985","2","04/05-05/06","1","","",""
"מכביdle","עידן ביטון","8358","מאושר","","התאחדות · worldfootball (גשר תעתיק) · Transfermarkt","3","","IL","","1","04/05","1","","",""
"מכביdle","ערן לוי","571","מאושר","","התאחדות · קטגוריה · קריירה-עברית · Transfermarkt","3","MF","IL","1985","1","04/05","1","","",""
"מכביdle","רומן חאוסטוב","9665","מאושר","","התאחדות · worldfootball (גשר תעתיק)","2","","IL","","1","04/05","1","","",""
"מכביdle","שוקי נגר","13291","מאושר","","התאחדות · worldfootball · קטגוריה · קריירה-עברית · קריירה-אנגלית · Transfermarkt","5","DF","IL","1977","1","04/05","1","","",""
"מכביdle","שרן ייני","8487","מאושר","","התאחדות · worldfootball · קטגוריה · קריירה-עברית · קריירה-אנגלית · Transfermarkt","5","MF","IL","1986","19","04/05-14/15, 16/17-23/24","9","כן","39",""
"מכביdle","אבי יחיאל","13313","מאושר","","התאחדות · worldfootball · קטגוריה · קריירה-עברית · קריירה-אנגלית · Transfermarkt","5","DF","IL","1979","4","05/06-08/09","0","כן","88",""
"מכביdle","אורי שטרית","8496","מאושר","","התאחדות · worldfootball · קטגוריה · קריירה-עברית · קריירה-אנגלית · Transfermarkt","5","DF","IL","1986","5","05/06-09/10","0","כן","56",""
"מכביdle","אייל ברקוביץ'","63587","מאושר","","התאחדות · worldfootball · קטגוריה · קריירה-עברית · קריירה-אנגלית · Transfermarkt","5","MF","IL","1972","1","05/06","0","","",""
"מכביdle","אליאור וקנין","8484","מקור יחיד","נמוך","התאחדות","1","","IL","","1","05/06","0","","",""
"מכביdle","אסף מנדס","2968","מקור יחיד","נמוך","התאחדות","1","","IL","","1","05/06","0","","",""
"מכביdle","ג'ובאני רוסו","34141","מאושר","","התאחדות · worldfootball · קטגוריה · קריירה-עברית · קריירה-אנגלית","4","MF","HR","1972","2","05/06-06/07","0","","",""
"מכביdle","הנרי מקינאווה","71170","מאושר","","התאחדות · Transfermarkt","2","","IL","","1","05/06","0","","",""
"מכביdle","ז'וזה דוארטה","50437","מאושר","","התאחדות · קטגוריה · קריירה-עברית · קריירה-אנגלית","3","FW","BR","1980","1","05/06","0","","",""
"מכביdle","יובל שפונגין","6194","מאושר","","התאחדות · worldfootball · קטגוריה · קריירה-עברית · קריירה-אנגלית · Transfermarkt","5","DF","IL","1987","9","05/06-09/10, 14/15-17/18","2","כן","31",""
"מכביdle","יצחק שמש","8497","מקור יחיד","נמוך","התאחדות","1","","IL","","1","05/06","0","","",""
"מכביdle","ליאור ז'אן","8481","מאושר","","התאחדות · קטגוריה · קריירה-עברית · קריירה-אנגלית · Transfermarkt","4","DF","IL","1986","5","05/06-09/10","0","כן","115",""
"מכביdle","קאקו בלסינג","63590","מאושר","","התאחדות · worldfootball (גשר תעתיק)","2","","IL","","1","05/06","0","","",""
"מכביdle","תמיר כחלון","14073","מאושר","","התאחדות · worldfootball · קטגוריה · קריירה-עברית · קריירה-אנגלית · Transfermarkt","5","MF","IL","1987","3","05/06-06/07, 09/10","0","כן","69",""
"מכביdle","גיא סולומון","64","מאושר","","התאחדות · worldfootball (גשר תעתיק)","2","GK","IL","1977","5","06/07-10/11","0","כן","121",""
"מכביdle","דזאן איליץ","79338","מקור יחיד","נמוך","התאחדות","1","","IL","","1","06/07","0","","",""
"מכביdle","חי אטיאס","30687","מקור יחיד","נמוך","התאחדות","1","","IL","","1","06/07","0","","",""
"מכביdle","טברטקו קאלה","72098","מאושר","","התאחדות · worldfootball · קטגוריה · קריירה-עברית · קריירה-אנגלית · Transfermarkt","5","GK","HR","1974","1","06/07","0","","",""
"מכביdle","יוסי שבחון","13327","מאושר","","התאחדות · worldfootball · קטגוריה · קריירה-עברית · קריירה-אנגלית · Transfermarkt","5","MF","IL","1982","4","06/07-09/10","0","כן","21",""
"מכביdle","מילאן מרדאקוביץ","72445","מאושר","","התאחדות · worldfootball (גשר תעתיק) · Transfermarkt","3","FW","IL","1982","1","06/07","0","","",""
"מכביdle","מילאן מרטינוביץ'","72447","מאושר","","התאחדות · worldfootball · קטגוריה · קריירה-עברית · קריירה-אנגלית · Transfermarkt","5","DF","RS","1979","1","06/07","0","","",""
"מכביdle","משה ביטון","1525","מאושר","","התאחדות · worldfootball · קטגוריה · קריירה-עברית · קריירה-אנגלית · Transfermarkt","5","FW","IL","1982","1","06/07","0","","",""
"מכביdle","עומר פרץ","14646","מאושר","","התאחדות · worldfootball · קטגוריה · קריירה-עברית · קריירה-אנגלית · Transfermarkt","5","FW","IL","1986","2","06/07-07/08","0","","",""
"מכביdle","אדר כהן","5542","מאושר","","התאחדות · worldfootball (גשר תעתיק) · Transfermarkt","3","","IL","","1","07/08","0","","",""
"מכביdle","אלן מסודי","55384","מאושר","","התאחדות · קטגוריה · קריירה-עברית · קריירה-אנגלית · Transfermarkt","4","FW","CD","1978","1","07/08","0","","",""
"מכביdle","אלעד קיזר","5559","מקור יחיד","נמוך","התאחדות","1","","IL","","1","07/08","0","","",""
"מכביdle","ג'ו ביסרה","","מאושר","","worldfootball · קטגוריה · קריירה-עברית · קריירה-אנגלית · Transfermarkt","4","DF","UY","1980","1","07/08","0","","",""
"מכביdle","ג'ונתן אסוס","93320","מאושר","","התאחדות · worldfootball · קטגוריה · קריירה-עברית · קריירה-אנגלית · Transfermarkt","5","MF","FR","1983","2","07/08-08/09","0","","",""
"מכביdle","גו בסטוס","93316","מקור יחיד","נמוך","התאחדות","1","","IL","","1","07/08","0","","",""
"מכביdle","דודו ביטון","26149","מאושר","","התאחדות · worldfootball · קטגוריה · קריירה-עברית · קריירה-אנגלית · Transfermarkt","5","FW","IL","1988","1","07/08","0","","",""
"מכביdle","דור מלול","15402","מאושר","","התאחדות · worldfootball · קטגוריה · קריירה-עברית · קריירה-אנגלית · Transfermarkt","5","DF","IL","1989","4","07/08-10/11","0","כן","6",""
"מכביdle","דן רומן","13357","מאושר","","התאחדות · worldfootball · קטגוריה · קריירה-עברית · קריירה-אנגלית · Transfermarkt","5","MF","IL","1982","2","07/08-08/09","0","","",""
"מכביdle","דרגוסלאב יבריץ'","84099","מאושר","","התאחדות · worldfootball · קטגוריה · קריירה-עברית · קריירה-אנגלית · Transfermarkt","5","GK","RS","1974","2","07/08-08/09","0","","",""
"מכביdle","יאניק קאמנן","79040","מאושר","","התאחדות · worldfootball · קטגוריה · קריירה-עברית · קריירה-אנגלית · Transfermarkt","5","FW","FR","1981","1","07/08","0","","",""
"מכביdle","יניב עזרן","4431","מאושר","","התאחדות · worldfootball · קטגוריה · קריירה-עברית · קריירה-אנגלית · Transfermarkt","5","FW","IL","1983","4","07/08-10/11","0","כן","107",""
"מכביdle","ניסו קפילוטו","727","מאושר","","התאחדות · worldfootball · קטגוריה · קריירה-עברית · קריירה-אנגלית · Transfermarkt","5","DF","IL","1989","3","07/08-09/10","0","כן","25",""
"מכביdle","עמירן שקלים","11142","מאושר","","התאחדות · worldfootball · קטגוריה · קריירה-עברית · קריירה-אנגלית · Transfermarkt","5","MF","IL","1988","2","07/08, 09/10","0","","",""
"מכביdle","רביד גזל","1618","מאושר","","התאחדות · worldfootball · קטגוריה · קריירה-עברית · קריירה-אנגלית · Transfermarkt","5","MF","IL","1982","1","07/08","0","","",""
"מכביdle","רודי חדד","84046","מאושר","","התאחדות · worldfootball · קטגוריה · קריירה-עברית · קריירה-אנגלית · Transfermarkt","5","FW","FR","1985","1","07/08","0","","",""
"מכביdle","אורי ביטון","6166","מאושר","","התאחדות · worldfootball (גשר תעתיק)","2","","IL","","1","08/09","0","","",""
"מכביdle","איגור טומאסיץ'","49822","מאושר","","התאחדות · worldfootball · קטגוריה · קריירה-עברית · קריירה-אנגלית · Transfermarkt","5","DF","HR","1976","2","08/09-09/10","0","","",""
"מכביdle","איליה יברויאן","55375","מאושר","","התאחדות · worldfootball (גשר תעתיק) · קטגוריה · קריירה-עברית · קריירה-אנגלית · Transfermarkt","5","FW","RU","1981","2","08/09-09/10","0","","",""
"מכביdle","אריק הורט","102977","מאושר","","התאחדות · Transfermarkt","2","","IL","","1","08/09","0","","",""
"מכביdle","גיז'רמו ישראלביץ'","34071","מאושר","","התאחדות · worldfootball · קטגוריה · קריירה-עברית · קריירה-אנגלית · Transfermarkt","5","MF","AR","1982","4","08/09-11/12","0","כן","57",""
"מכביdle","חיים מגרלשוילי","13265","מאושר","","התאחדות · worldfootball (גשר תעתיק) · קטגוריה · קריירה-עברית · קריירה-אנגלית · Transfermarkt","5","DF","IL","1982","1","08/09","0","","",""
"מכביdle","יותם פנסו","724","מאושר","","התאחדות · Transfermarkt","2","MF","IL","1989","1","08/09","0","","",""
"מכביdle","מאור בוזגלו","17719","מאושר","","התאחדות · worldfootball · קטגוריה · קריירה-עברית · קריירה-אנגלית · Transfermarkt","5","FW","IL","1988","3","08/09-10/11","0","כן","95",""
"מכביdle","סקוט סילי","102972","מקור יחיד","נמוך","התאחדות","1","","IL","","1","08/09","0","","",""
"מכביdle","עודד אמיתי","15387","מקור יחיד","נמוך","התאחדות","1","","IL","","1","08/09","0","","",""
"מכביdle","עמנואל מאיוקה","","מאושר","","worldfootball · קטגוריה · קריירה-עברית · קריירה-אנגלית · Transfermarkt","4","FW","ZM","1990","2","08/09-09/10","0","","",""
"מכביdle","צחי סלוק","15407","מקור יחיד","נמוך","התאחדות","1","","IL","","1","08/09","0","","",""
"מכביdle","תום מנשרוב","6187","מאושר","","התאחדות · קטגוריה · קריירה-עברית · קריירה-אנגלית · Transfermarkt","4","MF","IL","1987","3","08/09-09/10, 11/12","0","כן","50",""
"מכביdle","איוויצה אילייב","","מאושר","","worldfootball · קטגוריה · קריירה-עברית · קריירה-אנגלית · Transfermarkt","4","FW","RS","1979","1","09/10","0","","",""
"מכביdle","אילייב איביצה","105356","מקור יחיד","נמוך","התאחדות","1","","IL","","1","09/10","0","","",""
"מכביdle","אנדריי קומאץ","104487","מאושר","","התאחדות · worldfootball · קטגוריה · קריירה-עברית · קריירה-אנגלית · Transfermarkt","5","MF","SI","1979","1","09/10","0","","",""
"מכביdle","דוראל אדרי","10206","מקור יחיד","נמוך","התאחדות","1","","IL","","1","09/10","0","","",""
"מכביdle","יובל אבידור","22827","מאושר","","התאחדות · worldfootball · קטגוריה · קריירה-עברית · קריירה-אנגלית · Transfermarkt","5","MF","IL","1986","2","09/10-10/11","0","","",""
"מכביdle","מאור חלבי","60665","מאושר","","התאחדות · Transfermarkt","2","","IL","","1","09/10","0","","",""
"מכביdle","מייק חן","10219","מאושר","","התאחדות · worldfootball (גשר תעתיק)","2","","IL","","1","09/10","0","","",""
"מכביdle","ציון צמח","10229","מאושר","","התאחדות · worldfootball · קטגוריה · קריירה-עברית · קריירה-אנגלית · Transfermarkt","5","MF","IL","1990","1","09/10","0","","",""
"מכביdle","רונלד ראלדס","","מאושר","","worldfootball · קטגוריה · קריירה-עברית · קריירה-אנגלית · Transfermarkt","4","DF","BO","1981","1","09/10","0","","",""
"מכביdle","ריף פרץ","1381","מאושר","","התאחדות · worldfootball · קטגוריה · קריירה-עברית · קריירה-אנגלית · Transfermarkt","5","MF","IL","1991","4","09/10-12/13","1","כן","73",""
"מכביdle","אלירן עטר","31335","מאושר","","התאחדות · worldfootball · קטגוריה · קריירה-עברית · קריירה-אנגלית · Transfermarkt","5","MF","IL","1987","5","10/11-12/13, 17/18-18/19","2","כן","19",""
"מכביdle","ברק יצחקי","17434","מאושר","","התאחדות · worldfootball · קטגוריה · קריירה-עברית · קריירה-אנגלית · Transfermarkt","5","FW","IL","1984","7","10/11-11/12, 13/14-17/18","3","כן","51",""
"מכביdle","ג'יבריל סידיבה","112568","מאושר","","התאחדות · worldfootball (גשר תעתיק) · קטגוריה · קריירה-עברית · Transfermarkt","4","MF","ML","1982","1","10/11","0","","",""
"מכביdle","גל אלברמן","3408","מאושר","","התאחדות · worldfootball · קטגוריה · קריירה-עברית · קריירה-אנגלית · Transfermarkt","5","MF","IL","1983","7","10/11-16/17","4","כן","71",""
"מכביdle","דימיטאר ראנגלוב","","מאושר","","worldfootball · קטגוריה · קריירה-עברית · קריירה-אנגלית · Transfermarkt","4","FW","BG","1983","1","10/11","0","","",""
"מכביdle","האריס מדוניאנין","112546","מאושר","","התאחדות · worldfootball · קטגוריה · קריירה-עברית · קריירה-אנגלית · Transfermarkt","5","MF","BA","1985","3","10/11-11/12, 15/16","0","כן","66",""
"מכביdle","יואב זיו","13261","מאושר","","התאחדות · worldfootball · קטגוריה · קריירה-עברית · קריירה-אנגלית · Transfermarkt","5","DF","IL","1981","7","10/11-16/17","4","כן","114",""
"מכביdle","יוסי גינזבורג","1359","מאושר","","התאחדות · worldfootball (גשר תעתיק) · קטגוריה · קריירה-עברית · Transfermarkt","4","GK","IL","1991","2","10/11-11/12","0","","",""
"מכביdle","מישל נחמיאס","1376","מאושר","","התאחדות · Transfermarkt","2","","IL","","1","10/11","0","","",""
"מכביdle","משה לוגסי","39644","מאושר","","התאחדות · worldfootball · קטגוריה · קריירה-עברית · קריירה-אנגלית · Transfermarkt","5","DF","IL","1991","3","10/11-12/13","1","כן","46",""
"מכביdle","ניבאלדו","112544","מאושר","","התאחדות · worldfootball (גשר תעתיק) · קטגוריה · קריירה-עברית · קריירה-אנגלית · Transfermarkt","5","DF","BR","1980","2","10/11-11/12","0","","",""
"מכביdle","סאבו פאביצ'ביץ'","113395","מאושר","","התאחדות · worldfootball · קטגוריה · קריירה-עברית · קריירה-אנגלית · Transfermarkt","5","DF","ME","1980","2","10/11-11/12","0","","",""
"מכביdle","קלמי סבן","13417","מאושר","","התאחדות · worldfootball · קטגוריה · קריירה-עברית · קריירה-אנגלית · Transfermarkt","5","DF","IL","1980","2","10/11-11/12","0","","",""
"מכביdle","רוברטו קולאוטי","55359","מאושר","","התאחדות · worldfootball · קטגוריה · קריירה-עברית · קריירה-אנגלית · Transfermarkt","5","FW","IL","1982","3","10/11-12/13","1","כן","96",""
"מכביdle","אליהו זיזוב","1364","מאושר","","התאחדות · worldfootball (גשר תעתיק) · Transfermarkt","3","","IL","","2","11/12-12/13","1","","",""
"מכביdle","בן בן יאיר","67565","מאושר","","התאחדות · קטגוריה · קריירה-עברית · קריירה-אנגלית","3","FW","IL","1992","1","11/12","0","","",""
"מכביdle","ברק לוי","25635","מאושר","","התאחדות · worldfootball · קטגוריה · קריירה-עברית · קריירה-אנגלית · Transfermarkt","5","GK","IL","1993","5","11/12-14/15, 16/17","4","כן","37",""
"מכביdle","גאל מרגוליס","34117","מאושר","","התאחדות · worldfootball · קטגוריה · קריירה-עברית · קריירה-אנגלית · Transfermarkt","5","FW","IL","1994","4","11/12-14/15","4","כן","102",""
"מכביdle","דור מיכה","5283","מאושר","","התאחדות · worldfootball · קטגוריה · קריירה-עברית · קריירה-אנגלית · Transfermarkt","5","MF","IL","1992","9","11/12-19/20","6","כן","64",""
"מכביdle","טקלה אסמלש","64355","מקור יחיד","נמוך","התאחדות","1","","IL","","1","11/12","0","","",""
"מכביdle","יגיל ביטון","45502","מאושר","","התאחדות · worldfootball (גשר תעתיק) · Transfermarkt","3","","IL","","1","11/12","0","","",""
"מכביdle","מואנס דבור","50366","מאושר","","התאחדות · worldfootball · קטגוריה · קריירה-עברית · קריירה-אנגלית · Transfermarkt","5","FW","IL","1992","2","11/12-12/13","1","","",""
"מכביdle","עומר ורד","5308","מאושר","","התאחדות · worldfootball · קטגוריה · קריירה-עברית · קריירה-אנגלית · Transfermarkt","5","DF","IL","1990","2","11/12-12/13","1","","",""
"מכביdle","רוברטו פונצ'ץ","124705","מאושר","","התאחדות · worldfootball · קטגוריה · קריירה-עברית · קריירה-אנגלית · Transfermarkt","5","DF","HR","1991","1","11/12","0","","",""
"מכביdle","רוסלן ברסקי","","מאושר","","worldfootball · קטגוריה · קריירה-עברית · קריירה-אנגלית · Transfermarkt","4","MF","IL","1992","4","11/12, 18/19-20/21","3","כן","103",""
"מכביdle","רועי קהת","31217","מאושר","","התאחדות · worldfootball (גשר תעתיק) · קטגוריה · קריירה-עברית · קריירה-אנגלית · Transfermarkt","5","MF","IL","1992","1","11/12","0","","",""
"מכביdle","רחמים צ'קול","22000","מאושר","","התאחדות · worldfootball · קטגוריה · קריירה-עברית · קריירה-אנגלית · Transfermarkt","5","MF","IL","1988","1","11/12","0","","",""
"מכביdle","רפי דהן","9840","מאושר","","התאחדות · worldfootball · קטגוריה · קריירה-עברית · קריירה-אנגלית · Transfermarkt","5","MF","IL","1989","2","11/12-12/13","1","","",""
"מכביdle","אושר אבו","25624","מאושר","","התאחדות · worldfootball (גשר תעתיק) · Transfermarkt","3","","IL","","1","12/13","1","","",""
"מכביdle","איגנסיו פידלף","144609","מאושר","","התאחדות · worldfootball · קטגוריה · קריירה-עברית · קריירה-אנגלית · Transfermarkt","5","DF","AR","1989","1","12/13","1","","",""
"מכביdle","איתן טיבי","650","מאושר","","התאחדות · worldfootball · קטגוריה · קריירה-עברית · קריירה-אנגלית · Transfermarkt","5","DF","IL","1987","9","12/13-20/21","7","כן","108",""
"מכביdle","גונזלו גארסיה","134894","מאושר","","התאחדות · worldfootball (גשר תעתיק) · Transfermarkt","3","FW","IL","1983","1","12/13","1","","",""
"מכביdle","גיא כהן","5298","מקור יחיד","נמוך","התאחדות","1","","IL","","1","12/13","1","","",""
"מכביdle","דין אקפי","5296","מקור יחיד","נמוך","התאחדות","1","","IL","","1","12/13","1","","",""
"מכביdle","דניאל לוי","35495","מאושר","","התאחדות · Transfermarkt","2","","IL","","1","12/13","1","","",""
"מכביdle","וינסנט אניימה","63688","מאושר","","התאחדות · worldfootball · קטגוריה · קריירה-עברית · קריירה-אנגלית · Transfermarkt","5","GK","NG","1982","1","12/13","1","","",""
"מכביdle","חסן אבו זייד","77839","מאושר","","התאחדות · worldfootball · קטגוריה · קריירה-עברית · קריירה-אנגלית","4","MF","IL","1991","1","12/13","1","","",""
"מכביdle","מהראן ראדי","19957","מאושר","","התאחדות · worldfootball · קטגוריה · קריירה-עברית · קריירה-אנגלית · Transfermarkt","5","MF","IL","1982","3","12/13-14/15","4","כן","77",""
"מכביdle","ערן זהבי","14064","מאושר","","התאחדות · worldfootball · קטגוריה · קריירה-עברית · קריירה-אנגלית · Transfermarkt","5","FW","IL","1987","7","12/13-15/16, 22/23-24/25","6","כן","55",""
"מכביdle","קרלוס בדיאס","134893","מאושר","","התאחדות · Transfermarkt","2","","IL","","4","12/13-15/16","4","","",""
"מכביdle","קרלוס גרסיה","","מאושר","","worldfootball (גשר תעתיק) · קטגוריה · קריירה-עברית · קריירה-אנגלית · Transfermarkt","4","DF","ES","1984","4","12/13-15/16","4","כן","36",""
"מכביdle","ראדה פריצה","144205","מאושר","","התאחדות · worldfootball · קטגוריה · קריירה-עברית · קריירה-אנגלית · Transfermarkt","5","FW","SE","1980","3","12/13-14/15","4","כן","75",""
"מכביdle","שרון זיסו","34234","מקור יחיד","נמוך","התאחדות","1","","IL","","1","12/13","1","","",""
"מכביdle","תומר חנצ'ינסקי","144233","מאושר","","התאחדות · worldfootball · קטגוריה · קריירה-עברית · קריירה-אנגלית · Transfermarkt","5","GK","CA","1984","1","12/13","1","","",""
"מכביdle","ברק בדש","13689","מאושר","","התאחדות · worldfootball · קטגוריה · קריירה-עברית · קריירה-אנגלית · Transfermarkt","5","FW","IL","1982","2","13/14-14/15","3","","",""
"מכביdle","דור ג'אן","49719","מאושר","","התאחדות · worldfootball · קטגוריה · קריירה-עברית · קריירה-אנגלית · Transfermarkt","5","FW","IL","1994","1","13/14","1","","",""
"מכביdle","דן איינבינדר","28623","מאושר","","התאחדות · worldfootball · קטגוריה · קריירה-עברית · קריירה-אנגלית · Transfermarkt","5","MF","IL","1989","2","13/14-14/15","3","","",""
"מכביdle","דניאל גרץ","35442","מאושר","","התאחדות · worldfootball (גשר תעתיק) · Transfermarkt","3","","IL","","1","13/14","1","","",""
"מכביdle","חואן פבלו קולינאס","","מאושר","","קטגוריה · קריירה-עברית · קריירה-אנגלית","2","GK","ES","1978","2","13/14-14/15","3","","",""
"מכביdle","חואן פרארס","145199","מקור יחיד","נמוך","התאחדות","1","","IL","","2","13/14-14/15","3","","",""
"מכביdle","טל בן חיים (1989)","23662","מאושר","","התאחדות · קטגוריה · קריירה-עברית · קריירה-אנגלית · Transfermarkt","4","FW","IL","1989","6","13/14-16/17, 20/21-21/22","4","כן","14",""
"מכביdle","ניקולה מיטרוביץ'","145434","מאושר","","התאחדות · worldfootball · קטגוריה · קריירה-עברית · קריירה-אנגלית · Transfermarkt","5","MF","RS","1987","2","13/14-14/15","3","","",""
"מכביdle","עומרי אלטמן","49729","מאושר","","התאחדות · worldfootball · קטגוריה · קריירה-עברית · קריירה-אנגלית · Transfermarkt","5","MF","IL","1994","1","13/14","1","","",""
"מכביdle","עומרי בן הרוש","5783","מאושר","","התאחדות · worldfootball · קטגוריה · קריירה-עברית · קריירה-אנגלית · Transfermarkt","5","DF","IL","1990","4","13/14-16/17","3","כן","1",""
"מכביdle","רמי מארבאל","","מאושר","","worldfootball · קטגוריה · קריירה-עברית · קריירה-אנגלית · Transfermarkt","4","DF","FR","1983","1","13/14","1","","",""
"מכביdle","רמי מרוול","154668","מאושר","","התאחדות · worldfootball (גשר תעתיק) · Transfermarkt","3","","IL","","1","13/14","1","","",""
"מכביdle","גילי ורמוט","22107","מאושר","","התאחדות · worldfootball · קטגוריה · קריירה-עברית · קריירה-אנגלית · Transfermarkt","5","MF","IL","1985","1","14/15","2","","",""
"מכביdle","דור פרץ","59512","מאושר","","התאחדות · worldfootball · קטגוריה · קריירה-עברית · קריירה-אנגלית · Transfermarkt","5","MF","IL","1995","11","14/15-20/21, 22/23-25/26","8","כן","22",""
"מכביdle","נוסא איגיבור","","מאושר","","worldfootball · קטגוריה · קריירה-עברית · קריירה-אנגלית · Transfermarkt","4","MF","NG","1990","2","14/15-15/16","2","","",""
"מכביdle","סער קלדרון","58666","מקור יחיד","נמוך","התאחדות","1","","IL","","1","14/15","2","","",""
"מכביdle","עדן בן בסט","7208","מאושר","","התאחדות · worldfootball · קטגוריה · קריירה-עברית · קריירה-אנגלית · Transfermarkt","5","FW","IL","1986","2","14/15-15/16","2","","",""
"מכביdle","עמנואל איגיבור","123859","מאושר","","התאחדות · worldfootball (גשר תעתיק) · Transfermarkt","3","","IL","","2","14/15-15/16","2","","",""
"מכביdle","שחר פיבן","56756","מאושר","","התאחדות · worldfootball · קטגוריה · קריירה-עברית · קריירה-אנגלית · Transfermarkt","5","DF","IL","1995","6","14/15, 18/19-22/23","5","כן","116",""
"מכביdle","אבי ריקן","29570","מאושר","","התאחדות · worldfootball · קטגוריה · קריירה-עברית · קריירה-אנגלית · Transfermarkt","5","MF","IL","1988","8","15/16-22/23","3","כן","9",""
"מכביdle","אורלנדו דה סה","176259","מקור יחיד","נמוך","התאחדות","1","","IL","","1","15/16","0","","",""
"מכביdle","אורלנדו סה","","מאושר","","worldfootball · קטגוריה · קריירה-עברית · קריירה-אנגלית · Transfermarkt","4","FW","PT","1988","1","15/16","0","","",""
"מכביdle","אלי דסה","31209","מאושר","","התאחדות · worldfootball · קטגוריה · קריירה-עברית · קריירה-אנגלית · Transfermarkt","5","DF","IL","1992","4","15/16-18/19","1","כן","15",""
"מכביdle","אליאל פרץ","71542","מאושר","","התאחדות · worldfootball · קטגוריה · קריירה-עברית · קריירה-אנגלית · Transfermarkt","5","MF","IL","1996","2","15/16-16/17","0","","",""
"מכביdle","גאי אביב","64630","מקור יחיד","נמוך","התאחדות","1","","IL","","1","15/16","0","","",""
"מכביdle","גבי קניקובסקי","77673","מאושר","","התאחדות · worldfootball · קטגוריה · קריירה-עברית · קריירה-אנגלית · Transfermarkt","5","MF","IL","1997","7","15/16-17/18, 21/22-24/25","2","כן","49",""
"מכביdle","דן גלזר","58445","מאושר","","התאחדות · worldfootball · קטגוריה · קריירה-עברית · קריירה-אנגלית · Transfermarkt","5","MF","IL","1996","8","15/16-22/23","3","כן","35",""
"מכביdle","דניאל ליפשיץ","34684","מאושר","","התאחדות · worldfootball · קטגוריה · קריירה-עברית · קריירה-אנגלית · Transfermarkt","5","GK","IL","1988","3","15/16-17/18","0","כן","33",""
"מכביdle","יגור פיליפנקה","","מאושר","","worldfootball (גשר תעתיק) · קטגוריה · קריירה-עברית · קריירה-אנגלית · Transfermarkt","4","DF","BY","1988","2","15/16-16/17","0","","",""
"מכביdle","יוסי בניון","111","מאושר","","התאחדות · worldfootball · קטגוריה · קריירה-עברית · קריירה-אנגלית · Transfermarkt","5","MF","IL","1980","2","15/16-16/17","0","","",""
"מכביdle","מקסים גרצ'קין","","מאושר","","worldfootball (גשר תעתיק) · קטגוריה · קריירה-עברית · קריירה-אנגלית","3","DF","IL","1996","4","15/16-18/19","1","כן","61",""
"מכביdle","עידן יוגב","58436","מקור יחיד","נמוך","התאחדות","1","","IL","","1","15/16","0","","",""
"מכביdle","פרדראג ראיקוביץ'","166439","מאושר","","התאחדות · worldfootball · קטגוריה · קריירה-עברית · קריירה-אנגלית · Transfermarkt","5","GK","RS","1995","4","15/16-18/19","1","כן","17",""
"מכביdle","שלומי אזולאי","15560","מאושר","","התאחדות · worldfootball · קטגוריה · קריירה-עברית · Transfermarkt","4","MF","IL","1990","2","15/16-16/17","0","","","hapoel kfar saba / maccabi haifa / ironi kiryat shmona / beitar jerusalem / hapoel tel aviv / bnei sakhnin"
"מכביdle","שקד אזולאי","64759","מקור יחיד","נמוך","התאחדות","1","","IL","","1","15/16","0","","",""
"מכביdle","אוסקר סקאריונה","","מאושר","","worldfootball · קטגוריה · קריירה-עברית · קריירה-אנגלית · Transfermarkt","4","MF","AR","1985","1","16/17","0","","",""
"מכביdle","אופיר דוידזאדה","49494","מאושר","","התאחדות · worldfootball · קטגוריה · קריירה-עברית · קריירה-אנגלית · Transfermarkt","5","DF","IL","1991","9","16/17-24/25","5","כן","118",""
"מכביdle","אזקיאל סקריונה","177023","מקור יחיד","נמוך","התאחדות","1","","IL","","1","16/17","0","","",""
"מכביdle","אייל גולסה","5727","מאושר","","התאחדות · worldfootball · קטגוריה · קריירה-עברית · קריירה-אנגלית · Transfermarkt","5","MF","IL","1991","8","16/17-23/24","4","כן","32",""
"מכביdle","ארון שוינפלד","176219","מאושר","","התאחדות · worldfootball · קטגוריה · קריירה-עברית · קריירה-אנגלית · Transfermarkt","5","FW","IL","1990","3","16/17-18/19","1","כן","81",""
"מכביdle","דור גלילי","65151","מקור יחיד","נמוך","התאחדות","1","","IL","","1","16/17","0","","",""
"מכביdle","דניאל טננבאום","178551","מאושר","","התאחדות · worldfootball (גשר תעתיק) · קטגוריה · קריירה-עברית · קריירה-אנגלית · Transfermarkt","5","GK","IL","1995","8","16/17-23/24","4","כן","83",""
"מכביdle","וידאר קיארטאנסון","178434","מאושר","","התאחדות · קטגוריה · קריירה-עברית · קריירה-אנגלית","3","FW","IS","1990","2","16/17-17/18","0","","",""
"מכביdle","יונתן כהן","64621","מאושר","","התאחדות · worldfootball · קטגוריה · קריירה-עברית · קריירה-אנגלית · Transfermarkt","5","FW","IL","1996","6","16/17, 18/19-20/21, 22/23-23/24","4","כן","38",""
"מכביdle","מרסלו משאדו דוס סנטוס","188631","מאושר","","התאחדות · worldfootball · קטגוריה · קריירה-עברית · קריירה-אנגלית · Transfermarkt","5","MF","BR","1994","1","16/17","0","","",""
"מכביdle","עומר אצילי","34253","מאושר","","התאחדות · worldfootball · קטגוריה · קריירה-עברית · קריירה-אנגלית · Transfermarkt","5","MF","IL","1993","4","16/17-19/20","2","כן","26",""
"מכביdle","עמית רוזנבוים","93419","מקור יחיד","נמוך","התאחדות","1","","IL","","1","16/17","0","","",""
"מכביdle","ראמון רומא","188677","מקור יחיד","נמוך","התאחדות","1","","IL","","1","16/17","0","","",""
"מכביdle","רובן דה רסוריישו","188738","מקור יחיד","נמוך","התאחדות","1","","IL","","1","16/17","0","","",""
"מכביdle","ריור פיליפנקה","176954","מקור יחיד","נמוך","התאחדות","1","","IL","","1","16/17","0","","",""
"מכביdle","שגיב יחזקאל","56185","מאושר","","התאחדות · worldfootball · קטגוריה · קריירה-עברית · קריירה-אנגלית","4","FW","IL","1995","4","16/17, 18/19, 24/25-25/26","3","כן","104",""
"מכביdle","גידי קאניוק","7128","מאושר","","התאחדות · worldfootball · קטגוריה · קריירה-עברית · קריירה-אנגלית · Transfermarkt","5","MF","IL","1993","1","17/18","0","","",""
"מכביdle","ז'אן סילבן באבין","191006","מאושר","","התאחדות · worldfootball · קטגוריה · קריירה-עברית · קריירה-אנגלית · Transfermarkt","5","DF","FR","1986","1","17/18","0","","",""
"מכביdle","חביב אוחיון","87984","מקור יחיד","נמוך","התאחדות","1","","IL","","1","17/18","0","","",""
"מכביdle","חוזה רודריגז","191154","מקור יחיד","נמוך","התאחדות","1","MF","IL","1994","1","17/18","0","","",""
"מכביdle","כריסטיאן באטוקיו","189586","מאושר","","התאחדות · worldfootball · קטגוריה · קריירה-עברית · קריירה-אנגלית · Transfermarkt","5","MF","AR","1992","1","17/18","0","","",""
"מכביdle","ניק בלקמן","","מאושר","","worldfootball · קטגוריה · קריירה-עברית · קריירה-אנגלית · Transfermarkt","4","FW","EN","1989","3","17/18, 19/20-20/21","2","כן","18",""
"מכביdle","ניקולס בלקמן","190447","מאושר","","התאחדות · worldfootball (גשר תעתיק) · Transfermarkt","3","","IL","","3","17/18, 19/20-20/21","2","","",""
"מכביdle","פאדי נגאר","108856","מאושר","","התאחדות · worldfootball (גשר תעתיק)","2","","IL","","1","17/18","0","","",""
"מכביdle","רן ואתורי","99267","מקור יחיד","נמוך","התאחדות","1","","IL","","1","17/18","0","","",""
"מכביdle","תומר אלטמן","71644","מאושר","","התאחדות · worldfootball (גשר תעתיק) · קטגוריה · קריירה-עברית · Transfermarkt","4","MF","IL","1998","1","17/18","0","","",""
"מכביdle","אורוש ניקוליץ'","212424","מאושר","","התאחדות · worldfootball · קטגוריה · קריירה-עברית · קריירה-אנגלית · Transfermarkt","5","MF","RS","1993","3","18/19-20/21","3","כן","111",""
"מכביdle","איתי שכטר","33841","מאושר","","התאחדות · worldfootball · קטגוריה · קריירה-עברית · קריירה-אנגלית · Transfermarkt","5","FW","IL","1987","3","18/19-20/21","3","כן","74",""
"מכביdle","אנריק סאבוריט","201608","מאושר","","התאחדות · worldfootball · קטגוריה · קריירה-עברית · קריירה-אנגלית · Transfermarkt","5","DF","ES","1992","6","18/19-23/24","4","כן","91",""
"מכביdle","דניאל פרץ","106014","מאושר","","התאחדות · worldfootball · קטגוריה · קריירה-עברית · קריירה-אנגלית · Transfermarkt","5","GK","IL","2000","4","18/19, 20/21-22/23","2","כן","29",""
"מכביdle","ז'איר אמאדור","201590","מאושר","","התאחדות · worldfootball · קטגוריה · קריירה-עברית · קריירה-אנגלית · Transfermarkt","5","DF","PT","1989","2","18/19-19/20","2","","",""
"מכביdle","מאור קנדיל","39279","מאושר","","התאחדות · worldfootball · קטגוריה · קריירה-עברית · קריירה-אנגלית · Transfermarkt","5","DF","IL","1993","5","18/19-22/23","3","כן","30",""
"מכביdle","נדב נידם","","מאושר","","קטגוריה · קריירה-עברית · קריירה-אנגלית","2","MF","IL","2001","3","18/19-20/21","3","כן","10",""
"מכביdle","צ'יקו אופואדו","201732","מאושר","","התאחדות · worldfootball · קטגוריה · קריירה-עברית · קריירה-אנגלית","4","FW","NG","1992","2","18/19-19/20","2","","",""
"מכביdle","אילון אלמוג","98244","מאושר","","התאחדות · worldfootball · קטגוריה · קריירה-עברית · קריירה-אנגלית · Transfermarkt","5","FW","IL","1999","4","19/20-22/23","2","כן","84",""
"מכביdle","אנדראס יאניוטיס","213121","מאושר","","התאחדות · worldfootball · קטגוריה · קריירה-עברית · קריירה-אנגלית · Transfermarkt","5","GK","GR","1992","1","19/20","1","","",""
"מכביdle","אנדרה ז'ראלדש","213253","מאושר","","התאחדות · worldfootball · קטגוריה · קריירה-עברית · קריירה-אנגלית · Transfermarkt","5","DF","PT","1991","4","19/20-22/23","2","כן","59",""
"מכביdle","מתן חוזז","66298","מאושר","","התאחדות · worldfootball · קטגוריה · קריירה-עברית · קריירה-אנגלית · Transfermarkt","5","FW","IL","1996","4","19/20-22/23","2","כן","65",""
"מכביdle","עומר כץ","86256","מאושר","","התאחדות · worldfootball · קטגוריה · קריירה-עברית · Transfermarkt","4","GK","IL","1998","1","19/20","1","","",""
"מכביdle","פארפה גיאגון","","מאושר","","worldfootball · קטגוריה · קריירה-עברית · קריירה-אנגלית · Transfermarkt","4","MF","CI","2001","2","19/20, 22/23","1","","",""
"מכביdle","אדוארדו גררו","202844","מאושר","","התאחדות · קטגוריה · קריירה-עברית · קריירה-אנגלית","3","FW","IL","2000","1","20/21","1","","",""
"מכביdle","אור יצחק","135349","מקור יחיד","נמוך","התאחדות","1","","IL","","4","20/21-23/24","2","","",""
"מכביdle","אלכסנדר פשיץ'","229605","מאושר","","התאחדות · worldfootball · קטגוריה · קריירה-עברית · קריירה-אנגלית · Transfermarkt","5","FW","RS","1992","1","20/21","1","","",""
"מכביdle","גיא מזרחי","","מאושר","","worldfootball · קריירה-אנגלית · Transfermarkt","3","DF","IL","2001","2","20/21-21/22","1","","",""
"מכביdle","דור תורג'מן","126467","מאושר","","התאחדות · worldfootball · קטגוריה · קריירה-עברית · קריירה-אנגלית · Transfermarkt","5","FW","IL","2003","4","20/21, 22/23-24/25","3","כן","2",""
"מכביdle","דן ביטון","68917","מאושר","","התאחדות · worldfootball · קטגוריה · קריירה-עברית · Transfermarkt","4","MF","IL","1995","4","20/21-23/24","2","כן","11",""
"מכביdle","לואיס רודריגז","229626","מקור יחיד","נמוך","התאחדות","1","","IL","","1","20/21","1","","",""
"מכביdle","מתן בלטקסה","57056","מאושר","","התאחדות · worldfootball · קטגוריה · קריירה-עברית · קריירה-אנגלית · Transfermarkt","5","DF","IL","1995","3","20/21-21/22, 23/24","2","כן","54",""
"מכביdle","עדן קארצב","101453","מאושר","","התאחדות · worldfootball · קטגוריה · קריירה-עברית · קריירה-אנגלית · Transfermarkt","5","MF","IL","2000","2","20/21, 23/24","2","","",""
"מכביdle","אוסמה ח'לאילה","95026","מאושר","","התאחדות · worldfootball · קטגוריה · קריירה-עברית · קריירה-אנגלית · Transfermarkt","5","FW","IL","1998","1","21/22","0","","",""
"מכביdle","אוסקר גלוך","","מאושר","","worldfootball · קטגוריה · קריירה-עברית · קריירה-אנגלית · Transfermarkt","4","FW","IL","2004","1","21/22","0","","",""
"מכביdle","אוראל באייה","","מאושר","","worldfootball · קטגוריה · קריירה-עברית · קריירה-אנגלית · Transfermarkt","4","FW","IL","2004","1","21/22","0","","",""
"מכביdle","ברנדלי קוואס","238995","מאושר","","התאחדות · worldfootball · קטגוריה · קריירה-עברית · קריירה-אנגלית · Transfermarkt","5","MF","NL","1992","1","21/22","0","","",""
"מכביdle","ג'ורג'ה יובאנוביץ'","247554","מאושר","","התאחדות · worldfootball · קטגוריה · קריירה-עברית · קריירה-אנגלית","4","FW","RS","1999","2","21/22-22/23","0","","",""
"מכביdle","ז'וזואה סה","","מאושר","","worldfootball · קטגוריה · קריירה-עברית · קריירה-אנגלית · Transfermarkt","4","DF","PT","1992","1","21/22","0","","",""
"מכביdle","זוסוואה סה","247551","מקור יחיד","נמוך","התאחדות","1","","IL","","1","21/22","0","","",""
"מכביdle","סטיפה פריצה","236579","מאושר","","התאחדות · worldfootball · קטגוריה · קריירה-עברית · קריירה-אנגלית · Transfermarkt","5","FW","HR","1995","1","21/22","0","","",""
"מכביdle","עדן שמיר","58646","מאושר","","התאחדות · worldfootball · קטגוריה · קריירה-עברית · קריירה-אנגלית · Transfermarkt","5","MF","IL","1995","1","21/22","0","","",""
"מכביdle","עידן נחמיאס","114368","מאושר","","התאחדות · worldfootball · קטגוריה · קריירה-עברית · קריירה-אנגלית · Transfermarkt","5","DF","IL","1997","4","21/22-24/25","2","כן","7",""
"מכביdle","גויאגון פארפה","213691","מאושר","","התאחדות · worldfootball (גשר תעתיק) · Transfermarkt","3","","IL","","1","22/23","0","","",""
"מכביdle","דריק לוקאסן","254112","מאושר","","התאחדות · worldfootball · קטגוריה · קריירה-עברית · קריירה-אנגלית · Transfermarkt","5","DF","GH","1995","2","22/23-23/24","1","","",""
"מכביdle","יוריס ואן אובריים","248193","מאושר","","התאחדות · worldfootball · קטגוריה · קריירה-עברית · קריירה-אנגלית · Transfermarkt","5","MF","NL","1994","3","22/23-24/25","2","כן","113",""
"מכביdle","ניר ביטון","2243","מאושר","","התאחדות · worldfootball · קריירה-עברית · קריירה-אנגלית · Transfermarkt","5","MF","IL","1991","2","22/23-23/24","1","","",""
"מכביdle","רארש אילייה","264440","מאושר","","התאחדות · worldfootball (גשר תעתיק) · Transfermarkt","3","MF","IL","2003","1","22/23","0","","",""
"מכביdle","תומר אלון","132000","מקור יחיד","נמוך","התאחדות","1","","IL","","2","22/23-23/24","1","","",""
"מכביdle","אבישי כהן","119009","מאושר","","התאחדות · worldfootball · קטגוריה · קריירה-עברית · קריירה-אנגלית · Transfermarkt","5","FW","IL","1995","2","23/24-24/25","2","","",""
"מכביdle","אדיר קורדובה","142835","מאושר","","התאחדות · worldfootball (גשר תעתיק) · Transfermarkt","3","","IL","","1","23/24","1","","",""
"מכביdle","אורלנדו מוסקרה","269762","מאושר","","התאחדות · worldfootball · קריירה-עברית · קריירה-אנגלית · Transfermarkt","5","GK","IL","1994","1","23/24","1","","",""
"מכביdle","אושר דוידה","105732","מאושר","","התאחדות · worldfootball · קטגוריה · קריירה-עברית · קריירה-אנגלית · Transfermarkt","5","FW","IL","2001","3","23/24-25/26","3","כן","24",""
"מכביdle","הנרי אדו","283380","מאושר","","התאחדות · worldfootball · קטגוריה · קריירה-עברית · קריירה-אנגלית · Transfermarkt","5","FW","GH","2003","2","23/24-24/25","2","","",""
"מכביdle","זואו מנדס","265465","מקור יחיד","נמוך","התאחדות","1","","IL","","1","23/24","1","","",""
"מכביdle","יונס מלדה","122367","מאושר","","התאחדות · worldfootball · קטגוריה · קריירה-עברית · קריירה-אנגלית · Transfermarkt","5","FW","IL","1999","3","23/24-25/26","3","כן","105",""
"מכביdle","עידו שחר","123490","מאושר","","התאחדות · worldfootball · קטגוריה · קריירה-עברית · קריירה-אנגלית · Transfermarkt","5","MF","IL","2001","3","23/24-25/26","3","כן","28",""
"מכביdle","עמית צור","148013","מקור יחיד","נמוך","התאחדות","1","","IL","","1","23/24","1","","",""
"מכביdle","פרנציסקו בונדוזו","269415","מקור יחיד","נמוך","התאחדות","1","","IL","","1","23/24","1","","",""
"מכביdle","קיקו בונדוסו","","מאושר","","worldfootball · קטגוריה · קריירה-עברית · קריירה-אנגלית · Transfermarkt","4","FW","PT","1995","1","23/24","1","","",""
"מכביdle","רוי רביבו","132044","מאושר","","התאחדות · worldfootball · קטגוריה · קריירה-עברית · קריירה-אנגלית · Transfermarkt","5","DF","IL","2003","3","23/24-25/26","3","כן","78",""
"מכביdle","רועי משפתי","22546","מאושר","","התאחדות · worldfootball · קטגוריה · קריירה-עברית · קריירה-אנגלית · Transfermarkt","5","GK","IL","1992","3","23/24-25/26","3","כן","98",""
"מכביdle","רועי עמדי","150915","מאושר","","התאחדות · worldfootball (גשר תעתיק) · Transfermarkt","3","","IL","","2","23/24-24/25","2","","",""
"מכביdle","רז שלמה","81874","מאושר","","התאחדות · worldfootball · קטגוריה · קריירה-עברית · קריירה-אנגלית · Transfermarkt","5","DF","IL","1999","3","23/24-25/26","3","כן","106",""
"מכביdle","אופק אהרון","143447","מקור יחיד","נמוך","התאחדות","1","","IL","","2","24/25-25/26","2","","",""
"מכביdle","אופק מליקה","","מאושר","","התאחדות · worldfootball · קטגוריה · קריירה-עברית · קריירה-אנגלית · Transfermarkt","5","GK","IL","2005","2","24/25-25/26","2","","",""
"מכביdle","איסוף סיסוקו","284963","מאושר","","התאחדות · worldfootball · קטגוריה · קריירה-עברית · קריירה-אנגלית · Transfermarkt","5","MF","ML","2002","2","24/25-25/26","2","","",""
"מכביdle","אלעד מדמון","124295","מאושר","","התאחדות · worldfootball · קטגוריה · קריירה-עברית · קריירה-אנגלית · Transfermarkt","5","MF","IL","2004","2","24/25-25/26","2","","",""
"מכביdle","הישאם לאיוס","98786","מאושר","","התאחדות · worldfootball · קטגוריה · קריירה-עברית · קריירה-אנגלית · Transfermarkt","5","FW","IL","2000","1","24/25","1","","",""
"מכביdle","ווסלי בטיסטה","287782","מאושר","","התאחדות · worldfootball (גשר תעתיק) · Transfermarkt","3","","IL","","1","24/25","1","","",""
"מכביdle","וסלי פטאצ'י","","מאושר","","worldfootball · קטגוריה · קריירה-עברית · קריירה-אנגלית · Transfermarkt","4","FW","BR","2003","1","24/25","1","","",""
"מכביdle","טייריס אסאנטה","284480","מאושר","","התאחדות · worldfootball · קטגוריה · קריירה-עברית · קריירה-אנגלית · Transfermarkt","5","DF","NL","2002","2","24/25-25/26","2","","",""
"מכביdle","נמניה סטואיץ'","286583","מאושר","","התאחדות · worldfootball · קטגוריה · קריירה-עברית · קריירה-אנגלית · Transfermarkt","5","DF","RS","1998","1","24/25","1","","",""
"מכביdle","סימון סלוגה","294672","מאושר","","התאחדות · worldfootball · קטגוריה · קריירה-עברית · קריירה-אנגלית · Transfermarkt","5","GK","HR","1993","1","24/25","1","","",""
"מכביdle","סתיו למקין","132052","מאושר","","התאחדות · worldfootball · קטגוריה · קריירה-עברית · קריירה-אנגלית · Transfermarkt","5","DF","IL","2003","1","24/25","1","","",""
"מכביdle","איתי בן חמו","120784","מאושר","","התאחדות · worldfootball (גשר תעתיק) · קטגוריה · קריירה-עברית · Transfermarkt","4","DF","IL","2002","1","25/26","1","","",""
"מכביdle","איתמר נוי","108004","מאושר","","התאחדות · worldfootball · קטגוריה · קריירה-עברית · קריירה-אנגלית · Transfermarkt","5","MF","IL","2001","1","25/26","1","","",""
"מכביdle","אמיר סהיטי","319790","מאושר","","התאחדות · worldfootball · קריירה-עברית · קריירה-אנגלית · Transfermarkt","5","FW","XK","1998","1","25/26","1","","",""
"מכביdle","בן לדרמן","224824","מאושר","","התאחדות · worldfootball · קטגוריה · קריירה-עברית · קריירה-אנגלית · Transfermarkt","5","MF","PL","2000","1","25/26","1","","",""
"מכביdle","דני גרופר","87699","מאושר","","התאחדות · worldfootball · קטגוריה · קריירה-עברית · קריירה-אנגלית · Transfermarkt","5","DF","IL","1999","1","25/26","1","","",""
"מכביdle","היטור סנטוס","302836","מאושר","","התאחדות · worldfootball (גשר תעתיק) · Transfermarkt","3","","IL","","1","25/26","1","","",""
"מכביdle","הליו וארלה","","מאושר","","worldfootball · קטגוריה · קריירה-עברית · קריירה-אנגלית · Transfermarkt","4","FW","PT","2002","1","25/26","1","","",""
"מכביdle","חליו וארלה","305644","מאושר","","התאחדות · worldfootball (גשר תעתיק) · Transfermarkt","3","","IL","","1","25/26","1","","",""
"מכביdle","יובל כפיר","164084","מקור יחיד","נמוך","התאחדות","1","","IL","","1","25/26","1","","",""
"מכביdle","יון ניקולאסקו","","מאושר","","worldfootball · קטגוריה · קריירה-עברית · קריירה-אנגלית · Transfermarkt","4","FW","MD","1998","1","25/26","1","","",""
"מכביdle","כריסטיאן בליץ'","","מאושר","","worldfootball · קטגוריה · קריירה-עברית · קריירה-אנגלית · Transfermarkt","4","MF","RS","2001","1","25/26","1","","",""
"מכביdle","מוחמד קאמארה","189610","מאושר","","התאחדות · worldfootball (גשר תעתיק) · Transfermarkt","3","DF","IL","1997","1","25/26","1","","",""
"מכביdle","נועם בן הרוש","170994","מאושר","","התאחדות · worldfootball · קטגוריה · קריירה-עברית · קריירה-אנגלית · Transfermarkt","5","DF","IL","2005","1","25/26","1","","",""
"מכביdle","סייד אבו פרחי","162646","מאושר","","התאחדות · worldfootball (גשר תעתיק) · קטגוריה · קריירה-עברית · קריירה-אנגלית · Transfermarkt","5","FW","IL","2006","1","25/26","1","","",""
"מכביdle","קרווין אנדרדה","305500","מאושר","","התאחדות · worldfootball · קטגוריה · קריירה-עברית · קריירה-אנגלית · Transfermarkt","5","MF","VE","2005","1","25/26","1","","",""
"מכביdle","קריסטיאן בליץ","303163","מאושר","","התאחדות · worldfootball (גשר תעתיק) · Transfermarkt","3","","IL","","1","25/26","1","","",""
"מכביdle","שליו סעדיה","165018","מאושר","","התאחדות · worldfootball (גשר תעתיק) · Transfermarkt","3","","IL","","1","25/26","1","","",""
"חיפהdle","דני רום","","מאושר","","worldfootball (גשר תעתיק) · קטגוריה · קריירה-עברית · קריירה-אנגלית","3","FW","IL","1940","4","69/70-72/73","0","כן","86",""
"חיפהdle","ברוך ממן","","מאושר","","worldfootball · קטגוריה · קריירה-עברית · קריירה-אנגלית · Transfermarkt","4","MF","IL","1955","14","73/74-86/87","2","כן","37",""
"חיפהdle","יהושע גל","","מאושר","","worldfootball · קטגוריה · קריירה-עברית · קריירה-אנגלית · Transfermarkt","4","FW","IL","1951","2","73/74-74/75","0","","",""
"חיפהdle","אברהם אבוקרט","","מאושר","","worldfootball · קטגוריה · קריירה-עברית · קריירה-אנגלית · Transfermarkt","4","MF","IL","1960","18","77/78-94/95","8","כן","1",""
"חיפהdle","איתן אהרוני","","מאושר","","worldfootball · קטגוריה · קריירה-עברית · קריירה-אנגלית · Transfermarkt","4","DF","IL","1962","14","79/80-88/89, 90/91-93/94","7","כן","4",""
"חיפהdle","אלי כהן","","מאושר","","worldfootball · קטגוריה · קריירה-עברית · Transfermarkt","3","DF","IL","1961","8","79/80-86/87","2","כן","16",""
"חיפהdle","משה סלקטר","","מאושר","","worldfootball · קטגוריה · קריירה-עברית · קריירה-אנגלית · Transfermarkt","4","MF","IL","1961","9","79/80-86/87, 89/90","2","כן","55",""
"חיפהdle","רפי אוסמו","","מאושר","","worldfootball · קטגוריה · קריירה-עברית · קריירה-אנגלית · Transfermarkt","4","DF","IL","1963","9","79/80-87/88","2","כן","42",""
"חיפהdle","רוני רוזנטל","","מאושר","","worldfootball · קטגוריה · קריירה-עברית · קריירה-אנגלית · Transfermarkt","4","FW","IL","1963","6","80/81-85/86","2","כן","73",""
"חיפהdle","אבי רן","","מאושר","","worldfootball · קטגוריה · קריירה-עברית · קריירה-אנגלית · Transfermarkt","4","GK","IL","1963","6","81/82-86/87","2","כן","61",""
"חיפהdle","אלישע לוי","","מאושר","","worldfootball · קטגוריה · קריירה-עברית · קריירה-אנגלית · Transfermarkt","4","MF","IL","1957","1","82/83","0","","",""
"חיפהdle","זאהי ארמלי","","מאושר","","worldfootball · קטגוריה · קריירה-עברית · קריירה-אנגלית · Transfermarkt","4","FW","IL","1957","7","82/83-88/89","3","כן","33",""
"חיפהdle","ציון מרילי","","מאושר","","worldfootball (גשר תעתיק) · קטגוריה · קריירה-עברית · קריירה-אנגלית · Transfermarkt","4","DF","IL","1957","7","83/84-89/90","3","כן","99",""
"חיפהdle","ניר קלינגר","","מאושר","","worldfootball · קטגוריה · קריירה-עברית · קריירה-אנגלית · Transfermarkt","4","MF","IL","1966","6","84/85-89/90","2","כן","29",""
"חיפהdle","דניאל בריילובסקי","","מאושר","","worldfootball · קטגוריה · קריירה-עברית · קריירה-אנגלית · Transfermarkt","4","MF","IL","1958","2","86/87-87/88","0","","",""
"חיפהdle","מרקו בלבול","","מאושר","","worldfootball · קטגוריה · קריירה-עברית · קריירה-אנגלית · Transfermarkt","4","DF","IL","1967","14","86/87-97/98, 00/01-01/02","9","כן","7",""
"חיפהdle","ראובן עטר","120","מאושר","","התאחדות · worldfootball · קטגוריה · קריירה-עברית · קריירה-אנגלית · Transfermarkt","5","MF","IL","1969","13","86/87-93/94, 96/97, 99/00-02/03","7","כן","40",""
"חיפהdle","בוני גינצבורג","","מאושר","","worldfootball · קטגוריה · קריירה-עברית · קריירה-אנגלית · Transfermarkt","4","GK","IL","1964","4","87/88, 96/97-98/99","1","כן","9",""
"חיפהdle","גיורא אנטמן","","מאושר","","worldfootball · קטגוריה · קריירה-עברית · קריירה-אנגלית · Transfermarkt","4","GK","IL","1962","1","88/89","1","","",""
"חיפהdle","אייל ברקוביץ'","","מאושר","","worldfootball · קטגוריה · קריירה-עברית · קריירה-אנגלית · Transfermarkt","4","MF","IL","1972","7","89/90-95/96","5","כן","46",""
"חיפהdle","טל בנין","","מאושר","","worldfootball · קטגוריה · קריירה-עברית · קריירה-אנגלית · Transfermarkt","4","MF","IL","1971","3","89/90-91/92","2","כן","97",""
"חיפהdle","אלון חרזי","115","מאושר","","התאחדות · worldfootball · קטגוריה · קריירה-עברית · קריירה-אנגלית · Transfermarkt","5","DF","IL","1971","19","90/91-96/97, 98/99-09/10","11","כן","62",""
"חיפהdle","ויקטור צ'אנוב","","מאושר","","worldfootball · קטגוריה · קריירה-עברית · קריירה-אנגלית · Transfermarkt","4","GK","UA","1959","1","90/91","2","","",""
"חיפהdle","אריק בנדו","110","מאושר","","התאחדות · worldfootball · קטגוריה · קריירה-עברית · קריירה-אנגלית · Transfermarkt","5","DF","IL","1973","14","91/92-93/94, 96/97-05/06, 10/11","9","כן","31",""
"חיפהdle","איוואן גצקו","","מאושר","","קטגוריה · קריירה-עברית · קריירה-אנגלית","2","FW","UA","1968","3","92/93-94/95","3","כן","52",""
"חיפהdle","אלון חזן","","מאושר","","worldfootball · קטגוריה · קריירה-עברית · קריירה-אנגלית · Transfermarkt","4","MF","IL","1967","4","92/93-95/96","3","כן","84",""
"חיפהdle","חיים סילבס","","מאושר","","worldfootball · קטגוריה · קריירה-עברית · קריירה-אנגלית · Transfermarkt","4","MF","IL","1975","6","92/93-96/97, 98/99","3","כן","91",""
"חיפהdle","רוני לוי","","מאושר","","worldfootball · קטגוריה · קריירה-עברית · קריירה-אנגלית · Transfermarkt","4","MF","IL","1966","6","92/93-97/98","4","כן","54",""
"חיפהdle","אלון מזרחי","","מאושר","","worldfootball · קטגוריה · קריירה-עברית · קריירה-אנגלית · Transfermarkt","4","FW","IL","1971","2","93/94, 97/98","2","","",""
"חיפהdle","משה גלאם","","מאושר","","worldfootball · קטגוריה · קריירה-עברית · קריירה-אנגלית · Transfermarkt","4","DF","IL","1968","4","93/94-96/97","2","כן","13",""
"חיפהdle","סרגיי קנדאורוב","","מאושר","","worldfootball · קטגוריה · קריירה-עברית · קריירה-אנגלית","3","MF","UA","1971","4","93/94-96/97","2","כן","71",""
"חיפהdle","רומן פץ","","מאושר","","worldfootball · קטגוריה · קריירה-עברית · קריירה-אנגלית · Transfermarkt","4","DF","UA","1969","2","93/94-94/95","2","","",""
"חיפהdle","שי הולצמן","","מאושר","","worldfootball · קטגוריה · קריירה-עברית · קריירה-אנגלית","3","FW","IL","1974","1","93/94","1","","",""
"חיפהdle","אלירן אלקיים","13255","מאושר","","התאחדות · worldfootball · קטגוריה · קריירה-עברית · קריירה-אנגלית · Transfermarkt","5","DF","IL","1976","8","94/95-00/01, 02/03","3","כן","76",""
"חיפהdle","חיים רביבו","","מאושר","","worldfootball · קטגוריה · קריירה-עברית · קריירה-אנגלית · Transfermarkt","4","MF","IL","1972","2","94/95-95/96","1","","",""
"חיפהdle","נג'ואן גרייב","13260","מאושר","","התאחדות · worldfootball · קטגוריה · קריירה-עברית · קריירה-אנגלית · Transfermarkt","5","DF","IL","1974","2","94/95, 04/05","2","","",""
"חיפהdle","ניר דוידוביץ'","113","מאושר","","התאחדות · worldfootball · קטגוריה · קריירה-עברית · קריירה-אנגלית · Transfermarkt","5","GK","IL","1976","19","94/95-12/13","9","כן","81",""
"חיפהdle","עופר שטרית","","מאושר","","worldfootball · קטגוריה · קריירה-עברית · קריירה-אנגלית · Transfermarkt","4","FW","IL","1970","2","94/95-95/96","1","","",""
"חיפהdle","שגיא שטראוס","","מאושר","","worldfootball · קטגוריה · קריירה-עברית · קריירה-אנגלית · Transfermarkt","4","GK","IL","1976","1","94/95","1","","",""
"חיפהdle","אבישי ז'אנו","114","מאושר","","התאחדות · worldfootball · קטגוריה · קריירה-עברית · קריירה-אנגלית · Transfermarkt","5","DF","IL","1970","10","95/96-04/05","5","כן","5",""
"חיפהdle","ירוסלאב קנטוש","","מאושר","","worldfootball · קטגוריה · קריירה-עברית · קריירה-אנגלית · Transfermarkt","4","DF","SK","1974","1","95/96","0","","",""
"חיפהdle","קובי גנון","","מאושר","","worldfootball · קטגוריה · קריירה-עברית · קריירה-אנגלית · Transfermarkt","4","DF","IL","1976","2","95/96-96/97","0","","",""
"חיפהdle","אופיר קופל","","מאושר","","worldfootball · קטגוריה · קריירה-עברית · קריירה-אנגלית · Transfermarkt","4","MF","IL","1975","3","96/97-98/99","1","כן","85",""
"חיפהdle","דודו אוואט","106","מאושר","","התאחדות · worldfootball · קטגוריה · קריירה-עברית · קריירה-אנגלית · Transfermarkt","5","GK","IL","1977","3","96/97, 01/02-02/03","1","כן","77",""
"חיפהdle","עידן שום","","מאושר","","worldfootball · קטגוריה · קריירה-עברית · קריירה-אנגלית · Transfermarkt","4","MF","IL","1976","1","96/97","0","","",""
"חיפהdle","עמיר תורג'מן","","מאושר","","worldfootball · קטגוריה · קריירה-עברית · קריירה-אנגלית · Transfermarkt","4","FW","IL","1972","1","96/97","0","","",""
"חיפהdle","איברהים דורו","","מאושר","","worldfootball · קטגוריה · קריירה-עברית · קריירה-אנגלית · Transfermarkt","4","MF","BA","1970","2","97/98-98/99","1","","",""
"חיפהdle","ולדימיר נידרגאוס","","מאושר","","worldfootball · קטגוריה · קריירה-עברית · קריירה-אנגלית · Transfermarkt","4","FW","","1967","1","97/98","1","","",""
"חיפהdle","ויקטור פאצ'ו","","מאושר","","worldfootball · קטגוריה · קריירה-עברית · קריירה-אנגלית · Transfermarkt","4","FW","AL","1974","1","98/99","0","","",""
"חיפהdle","יוסי בניון","111","מאושר","","התאחדות · worldfootball · קטגוריה · קריירה-עברית · קריירה-אנגלית · Transfermarkt","5","MF","IL","1980","6","98/99-01/02, 14/15-15/16","3","כן","100",""
"חיפהdle","יז'י בז'נצ'ק","","מאושר","","worldfootball · קטגוריה · קריירה-עברית · קריירה-אנגלית · Transfermarkt","4","MF","PL","1971","2","98/99-99/00","0","","",""
"חיפהdle","יניב קטן","122","מאושר","","התאחדות · worldfootball · קטגוריה · קריירה-עברית · קריירה-אנגלית · Transfermarkt","5","FW","IL","1981","15","98/99-04/05, 06/07-13/14","6","כן","57",""
"חיפהdle","עמוס סאסי","","מאושר","","worldfootball (גשר תעתיק) · קטגוריה · קריירה-עברית · קריירה-אנגלית · Transfermarkt","4","DF","IL","1979","2","98/99-99/00","0","","",""
"חיפהdle","רדובן הרומאדקו","","מאושר","","worldfootball · קטגוריה · קריירה-עברית · קריירה-אנגלית · Transfermarkt","4","MF","CZ","1969","1","98/99","0","","",""
"חיפהdle","רונן חרזי","","מאושר","","worldfootball · קטגוריה · קריירה-עברית · קריירה-אנגלית · Transfermarkt","4","FW","IL","1970","1","98/99","0","","",""
"חיפהdle","שוקי נגר","","מאושר","","worldfootball · קטגוריה · קריירה-עברית · קריירה-אנגלית · Transfermarkt","4","DF","IL","1977","2","98/99-99/00","0","","",""
"חיפהdle","שלומי דהאן","","מאושר","","worldfootball · קטגוריה · קריירה-עברית · קריירה-אנגלית · Transfermarkt","4","MF","IL","1979","1","98/99","0","","",""
"חיפהdle","אבי פרץ","13270","מאושר","","התאחדות · worldfootball · קטגוריה · קריירה-עברית","3","GK","IL","1971","3","99/00-00/01, 02/03","1","כן","98",""
"חיפהdle","סרגיי קלשצ'נקו","","מאושר","","worldfootball · קטגוריה · קריירה-עברית · קריירה-אנגלית · Transfermarkt","4","FW","MD","1972","2","99/00-00/01","1","","",""
"חיפהdle","רדוסלב מיכאלסקי","","מאושר","","worldfootball · קטגוריה · קריירה-עברית · קריירה-אנגלית · Transfermarkt","4","MF","PL","1969","2","99/00-00/01","1","","",""
"חיפהdle","ריימונדס ז'וטאוטאס","","מאושר","","worldfootball · קטגוריה · קריירה-עברית · קריירה-אנגלית · Transfermarkt","4","MF","LT","1972","4","99/00-02/03","2","כן","15",""
"חיפהdle","ואליד באדיר","108","מאושר","","התאחדות · worldfootball · קטגוריה · קריירה-עברית · קריירה-אנגלית · Transfermarkt","5","MF","IL","1974","6","00/01-05/06","5","כן","63",""
"חיפהdle","יעקובו איגביני","","מאושר","","worldfootball (גשר תעתיק) · קטגוריה · קריירה-עברית · קריירה-אנגלית","3","FW","NG","1982","2","00/01-01/02","2","","",""
"חיפהdle","מנור חסן","","מאושר","","worldfootball · קטגוריה · קריירה-עברית · קריירה-אנגלית · Transfermarkt","4","MF","IL","1979","1","00/01","1","","",""
"חיפהdle","ננאד פראליה","","מאושר","","worldfootball · קטגוריה · קריירה-עברית · קריירה-אנגלית · Transfermarkt","4","MF","HR","1970","3","00/01-02/03","2","כן","78",""
"חיפהdle","אייל אלמושנינו","107","מאושר","","התאחדות · worldfootball · קטגוריה · קריירה-עברית · קריירה-אנגלית · Transfermarkt","5","MF","IL","1976","2","01/02-02/03","1","","",""
"חיפהdle","אריק אג'יופור","","מאושר","","worldfootball · קטגוריה · קריירה-עברית · קריירה-אנגלית · Transfermarkt","4","DF","NG","1979","3","01/02-03/04","2","כן","22",""
"חיפהdle","ג'ובאני רוסו","34141","מאושר","","התאחדות · worldfootball · קטגוריה · קריירה-עברית · קריירה-אנגלית","4","MF","HR","1972","5","01/02-04/05, 07/08","3","כן","60",""
"חיפהdle","ניר סביליה","","מאושר","","worldfootball · קטגוריה · קריירה-אנגלית · Transfermarkt","4","FW","IL","1975","1","01/02","1","","",""
"חיפהdle","אגאפור אריק","34070","מאושר","","התאחדות · worldfootball (גשר תעתיק) · Transfermarkt","3","","","","2","02/03-03/04","1","","",""
"חיפהdle","אדורם קייסי","123","מאושר","","התאחדות · worldfootball (גשר תעתיק) · קטגוריה · קריירה-עברית · קריירה-אנגלית · Transfermarkt","5","DF","IL","1972","5","02/03-03/04, 05/06-07/08","2","כן","2",""
"חיפהdle","איסלם כנען","2964","מקור יחיד","נמוך","התאחדות","1","","IL","","1","02/03","0","","",""
"חיפהdle","איציק כהן","2962","מאושר","","התאחדות · worldfootball (גשר תעתיק) · קטגוריה · קריירה-עברית · Transfermarkt","4","DF","IL","1983","3","02/03, 11/12, 13/14","0","כן","102",""
"חיפהdle","איתי קורן","121","מאושר","","התאחדות · worldfootball (גשר תעתיק)","2","","IL","","1","02/03","0","","",""
"חיפהdle","איתן עזריה","2970","מאושר","","התאחדות · worldfootball · קטגוריה · קריירה-עברית · קריירה-אנגלית · Transfermarkt","5","DF","IL","1983","3","02/03-04/05","2","כן","32",""
"חיפהdle","אליניב ברדה","13280","מאושר","","התאחדות · worldfootball · קטגוריה · קריירה-עברית · קריירה-אנגלית · Transfermarkt","5","FW","IL","1981","3","02/03-04/05","2","כן","67",""
"חיפהdle","אמיר אדרי","557","מאושר","","התאחדות · worldfootball · קטגוריה · קריירה-עברית · קריירה-אנגלית · Transfermarkt","5","GK","IL","1985","12","02/03-06/07, 08/09-10/11, 12/13-15/16","6","כן","94",""
"חיפהdle","אסף אברהמי","2949","מאושר","","התאחדות · worldfootball (גשר תעתיק) · Transfermarkt","3","","IL","","2","02/03-03/04","1","","",""
"חיפהdle","אסף קלמן","410","מאושר","","התאחדות · worldfootball (גשר תעתיק) · Transfermarkt","3","","IL","","1","02/03","0","","",""
"חיפהdle","גולן דרעי","13282","מאושר","","התאחדות · קטגוריה · קריירה-עברית · Transfermarkt","3","DF","IL","1975","1","02/03","0","","",""
"חיפהdle","גיז'רמו ישראלביץ'","34071","מאושר","","התאחדות · worldfootball · קטגוריה · קריירה-עברית · קריירה-אנגלית · Transfermarkt","5","MF","AR","1982","2","02/03-03/04","1","","",""
"חיפהdle","זאוטאוטאס ריימונס","34006","מאושר","","התאחדות · worldfootball (גשר תעתיק) · Transfermarkt","3","","","","1","02/03","0","","",""
"חיפהdle","יואב זיו","13261","מאושר","","התאחדות · קטגוריה · קריירה-עברית · קריירה-אנגלית","3","DF","IL","1981","1","02/03","0","","",""
"חיפהdle","יוסי נגר","118","מאושר","","התאחדות · Transfermarkt","2","","IL","","1","02/03","0","","",""
"חיפהdle","כאמל גבארין","112","מאושר","","התאחדות · worldfootball (גשר תעתיק) · Transfermarkt","3","","IL","","1","02/03","0","","",""
"חיפהdle","כליל כנעני","26802","מקור יחיד","נמוך","התאחדות","1","","IL","","1","02/03","0","","",""
"חיפהdle","ליעד אמיר","2953","מאושר","","התאחדות · worldfootball (גשר תעתיק) · Transfermarkt","3","","IL","","1","02/03","0","","",""
"חיפהdle","מיכאל זנדברג","13312","מאושר","","התאחדות · worldfootball · קטגוריה · קריירה-עברית · קריירה-אנגלית · Transfermarkt","5","MF","IL","1980","4","02/03-05/06","3","כן","23",""
"חיפהdle","נדיב טוב","65","מקור יחיד","נמוך","התאחדות","1","","IL","","1","02/03","0","","",""
"חיפהdle","עידן טל","41775","מאושר","","התאחדות · worldfootball · קטגוריה · קריירה-עברית · קריירה-אנגלית · Transfermarkt","5","MF","IL","1975","4","02/03-05/06","3","כן","20",""
"חיפהdle","עמי טיאר","54","מקור יחיד","נמוך","התאחדות","1","","IL","","1","02/03","0","","",""
"חיפהdle","פרליה נאנד","34005","מאושר","","התאחדות · worldfootball (גשר תעתיק) · Transfermarkt","3","","","","1","02/03","0","","",""
"חיפהdle","רפי כהן","116","מאושר","","התאחדות · worldfootball (גשר תעתיק) · קטגוריה · קריירה-עברית · Transfermarkt","4","","IL","","1","02/03","0","","",""
"חיפהdle","שוקי נגאר","13291","מאושר","","התאחדות · Transfermarkt","2","","IL","","1","02/03","0","","",""
"חיפהdle","שי בירוק","2954","מאושר","","התאחדות · worldfootball · קטגוריה · קריירה-עברית · קריירה-אנגלית · Transfermarkt","5","MF","IL","1984","4","02/03-05/06","3","כן","106",""
"חיפהdle","שי דהן","394","מאושר","","התאחדות · Transfermarkt","2","","IL","","1","02/03","0","","",""
"חיפהdle","שלומי איטח","400","מקור יחיד","נמוך","התאחדות","1","","IL","","1","02/03","0","","",""
"חיפהdle","שמואל חזן","2960","מקור יחיד","נמוך","התאחדות","1","","IL","","1","02/03","0","","",""
"חיפהdle","תום אלמדון","34004","מאושר","","התאחדות · worldfootball · קטגוריה · קריירה-עברית · קריירה-אנגלית · Transfermarkt","5","GK","IL","1984","7","02/03-06/07, 09/10-10/11","4","כן","69",""
"חיפהdle","תום בנדו","15679","מקור יחיד","נמוך","התאחדות","1","","IL","","1","02/03","0","","",""
"חיפהdle","אושרי גיטא","558","מאושר","","התאחדות · worldfootball · קטגוריה · קריירה-עברית · קריירה-אנגלית · Transfermarkt","5","FW","IL","1985","2","03/04, 07/08","1","","",""
"חיפהdle","אלעד צחקו","2972","מאושר","","התאחדות · worldfootball (גשר תעתיק)","2","","IL","","1","03/04","1","","",""
"חיפהdle","בריטיז חורחה","49600","מקור יחיד","נמוך","התאחדות","1","","","","1","03/04","1","","",""
"חיפהdle","דקל קינן","2973","מאושר","","התאחדות · worldfootball · קטגוריה · קריירה-עברית · קריירה-אנגלית · Transfermarkt","5","DF","IL","1984","12","03/04-09/10, 12/13-16/17","5","כן","89",""
"חיפהdle","יצחק בן חמו","2955","מקור יחיד","נמוך","התאחדות","1","","IL","","1","03/04","1","","",""
"חיפהdle","לופז דנטה","49596","מאושר","","התאחדות · Transfermarkt","2","","","","1","03/04","1","","",""
"חיפהdle","ליאור רפאלוב","7228","מאושר","","התאחדות · worldfootball · קטגוריה · קריירה-עברית · קריירה-אנגלית · Transfermarkt","5","MF","IL","1986","10","03/04-10/11, 23/24-24/25","5","כן","50",""
"חיפהdle","מאור גנח","2957","מקור יחיד","נמוך","התאחדות","1","","IL","","1","03/04","1","","",""
"חיפהdle","עומר בוקסנבוים","13368","מאושר","","התאחדות · worldfootball (גשר תעתיק) · קטגוריה · קריירה-עברית · קריירה-אנגלית · Transfermarkt","5","MF","IL","1982","1","03/04","1","","",""
"חיפהdle","אורי אוזן","1612","מאושר","","התאחדות · worldfootball · קטגוריה · קריירה-עברית · קריירה-אנגלית · Transfermarkt","5","DF","IL","1978","2","04/05-05/06","2","","",""
"חיפהdle","גוסטבו בוקולי","13369","מאושר","","התאחדות · worldfootball · קטגוריה · קריירה-עברית · קריירה-אנגלית · Transfermarkt","5","MF","BR","1978","11","04/05-14/15","4","כן","70",""
"חיפהdle","וסקלי גונזלבס","55358","מאושר","","התאחדות · worldfootball (גשר תעתיק) · Transfermarkt","3","DF","IL","1984","1","04/05","1","","",""
"חיפהdle","חבייר דירסאו","55357","מאושר","","התאחדות · worldfootball (גשר תעתיק)","2","MF","IL","1977","3","04/05-06/07","2","כן","111",""
"חיפהdle","חיים מגרלשוילי","13265","מאושר","","התאחדות · worldfootball (גשר תעתיק) · קטגוריה · קריירה-עברית · קריירה-אנגלית · Transfermarkt","5","DF","IL","1982","3","04/05-06/07","2","כן","83",""
"חיפהdle","עדן בן בסט","7208","מאושר","","התאחדות · worldfootball · קטגוריה · קריירה-עברית · קריירה-אנגלית · Transfermarkt","5","FW","IL","1986","2","04/05-05/06","2","","",""
"חיפהdle","רביד גזל","1618","מאושר","","התאחדות · worldfootball · קטגוריה · קריירה-עברית · קריירה-אנגלית · Transfermarkt","5","MF","IL","1982","3","04/05-06/07","2","כן","110",""
"חיפהdle","רוברטו קולאוטי","55359","מאושר","","התאחדות · worldfootball · קטגוריה · קריירה-עברית · קריירה-אנגלית · Transfermarkt","5","FW","IL","1982","3","04/05-06/07","2","כן","38",""
"חיפהdle","שלומי חנוכה","566","מקור יחיד","נמוך","התאחדות","1","","IL","","1","04/05","1","","",""
"חיפהdle","אדריאן פרננדו","66758","מקור יחיד","נמוך","התאחדות","1","","IL","","1","05/06","1","","",""
"חיפהdle","מאור בוזגלו","17719","מאושר","","התאחדות · worldfootball · קטגוריה · קריירה-עברית · קריירה-אנגלית · Transfermarkt","5","FW","IL","1988","2","05/06, 17/18","1","","",""
"חיפהdle","נתנאל בנדהאן","7206","מקור יחיד","נמוך","התאחדות","1","","IL","","1","05/06","1","","",""
"חיפהdle","קלמי סבן","13417","מאושר","","התאחדות · worldfootball · קטגוריה · קריירה-עברית · קריירה-אנגלית · Transfermarkt","5","DF","IL","1980","1","05/06","1","","",""
"חיפהdle","רפאל אולארה","63596","מאושר","","התאחדות · worldfootball · קטגוריה · קריירה-עברית · קריירה-אנגלית · Transfermarkt","5","DF","CL","1978","2","05/06-06/07","1","","",""
"חיפהdle","שי מימון","25975","מאושר","","התאחדות · worldfootball · קטגוריה · קריירה-עברית · קריירה-אנגלית · Transfermarkt","5","DF","IL","1986","4","05/06, 07/08, 09/10-10/11","2","כן","56",""
"חיפהdle","שלומי ארבייטמן","26717","מאושר","","התאחדות · worldfootball · קטגוריה · קריירה-עברית · קריירה-אנגלית · Transfermarkt","5","FW","IL","1985","5","05/06-09/10","2","כן","45",""
"חיפהdle","אייל משומר","19048","מאושר","","התאחדות · worldfootball · קטגוריה · קריירה-עברית · קריירה-אנגלית · Transfermarkt","5","DF","IL","1983","10","06/07-15/16","3","כן","36",""
"חיפהdle","איציק זפרני","20341","מקור יחיד","נמוך","התאחדות","1","","IL","","1","06/07","0","","",""
"חיפהdle","אלן מסודי","55384","מאושר","","התאחדות · worldfootball · קטגוריה · קריירה-עברית · קריירה-אנגלית · Transfermarkt","5","MF","CD","1978","1","06/07","0","","",""
"חיפהdle","בירם כיאל","9586","מאושר","","התאחדות · worldfootball · קטגוריה · קריירה-עברית · קריירה-אנגלית · Transfermarkt","5","MF","IL","1988","4","06/07-09/10","1","כן","18",""
"חיפהdle","מאור מליקסון","2410","מאושר","","התאחדות · worldfootball · קטגוריה · קריירה-עברית · קריירה-אנגלית · Transfermarkt","5","MF","IL","1984","1","06/07","0","","",""
"חיפהdle","מוחמד שחברי","2975","מקור יחיד","נמוך","התאחדות","1","","IL","","1","06/07","0","","",""
"חיפהdle","מור ממן","7217","מאושר","","התאחדות · Transfermarkt","2","","IL","","1","06/07","0","","",""
"חיפהdle","עבאס סואן","33961","מאושר","","התאחדות · קטגוריה · קריירה-עברית · קריירה-אנגלית · Transfermarkt","4","MF","IL","1976","1","06/07","0","","",""
"חיפהdle","שאבייר אנדרסון","71946","מאושר","","התאחדות · worldfootball · קטגוריה · קריירה-עברית · קריירה-אנגלית · Transfermarkt","5","MF","BR","1980","1","06/07","0","","",""
"חיפהdle","תומר חמד","4531","מאושר","","התאחדות · worldfootball · קטגוריה · קריירה-עברית · קריירה-אנגלית · Transfermarkt","5","FW","IL","1987","3","06/07, 10/11, 23/24","1","כן","41",""
"חיפהdle","אלירן דנין","26787","מאושר","","התאחדות · worldfootball · קטגוריה · קריירה-עברית · קריירה-אנגלית · Transfermarkt","5","DF","IL","1984","1","07/08","0","","",""
"חיפהdle","גד עמוס","9592","מאושר","","התאחדות · worldfootball · קטגוריה · קריירה-עברית · קריירה-אנגלית · Transfermarkt","5","GK","IL","1988","2","07/08-08/09","1","","",""
"חיפהdle","דה אדוארדו","84717","מקור יחיד","נמוך","התאחדות","1","","IL","","1","07/08","0","","",""
"חיפהdle","דייגו קרוסה","84649","מאושר","","התאחדות · worldfootball · קטגוריה · קריירה-עברית · קריירה-אנגלית · Transfermarkt","5","DF","AR","1976","1","07/08","0","","",""
"חיפהdle","טימבינוקסי פנטיני","93294","מאושר","","התאחדות · worldfootball (גשר תעתיק) · Transfermarkt","3","FW","IL","1984","2","07/08-08/09","1","","",""
"חיפהdle","יהב יולזרי","8366","מאושר","","התאחדות · Transfermarkt","2","","IL","","1","07/08","0","","",""
"חיפהdle","לוהאב כיאל","9587","מאושר","","התאחדות · worldfootball (גשר תעתיק) · קריירה-עברית · Transfermarkt","4","DF","IL","1988","1","07/08","0","","",""
"חיפהdle","עמרי אפק","13400","מאושר","","התאחדות · worldfootball · קטגוריה · קריירה-עברית · קריירה-אנגלית · Transfermarkt","5","MF","IL","1979","2","07/08-08/09","1","","",""
"חיפהdle","פיטר מסיללה","83990","מאושר","","התאחדות · worldfootball · קטגוריה · קריירה-עברית · קריירה-אנגלית · Transfermarkt","5","DF","ZA","1985","4","07/08-10/11","2","כן","65",""
"חיפהdle","רוני גפני","33037","מאושר","","התאחדות · worldfootball · קטגוריה · קריירה-עברית · קריירה-אנגלית","4","DF","IL","1980","2","07/08-08/09","1","","",""
"חיפהdle","רנה לימה","93293","מאושר","","התאחדות · worldfootball · קטגוריה · קריירה-עברית · קריירה-אנגלית","4","MF","AR","1985","1","07/08","0","","",""
"חיפהdle","שניר משען","18830","מאושר","","התאחדות · קטגוריה · קריירה-עברית · קריירה-אנגלית · Transfermarkt","4","DF","IL","1988","1","07/08","0","","",""
"חיפהdle","אבימו אנדרסון","102646","מקור יחיד","נמוך","התאחדות","1","","IL","","1","08/09","1","","",""
"חיפהdle","אייל גולסה","5727","מאושר","","התאחדות · worldfootball · קטגוריה · קריירה-עברית · קריירה-אנגלית · Transfermarkt","5","MF","IL","1991","6","08/09-13/14","2","כן","95",""
"חיפהdle","אלי ארליך","37504","מקור יחיד","נמוך","התאחדות","1","","IL","","1","08/09","1","","",""
"חיפהdle","גיא פילוסוף","2188","מקור יחיד","נמוך","התאחדות","1","","IL","","1","08/09","1","","",""
"חיפהdle","גיירו גן","72191","מקור יחיד","נמוך","התאחדות","1","","IL","","3","08/09-10/11","2","","",""
"חיפהdle","ישראל זגורי","1248","מאושר","","התאחדות · worldfootball · קטגוריה · קריירה-עברית · קריירה-אנגלית · Transfermarkt","5","MF","IL","1990","2","08/09-09/10","1","","",""
"חיפהdle","ליאוניד קרופניק","67018","מאושר","","התאחדות · worldfootball · קטגוריה · קריירה-עברית · קריירה-אנגלית · Transfermarkt","5","DF","US","1979","1","08/09","1","","",""
"חיפהdle","ליעד אלמליח","19326","מאושר","","התאחדות · worldfootball · קטגוריה · קריירה-עברית · קריירה-אנגלית · Transfermarkt","5","MF","IL","1989","2","08/09, 10/11","2","","",""
"חיפהdle","מוחמד גדיר","118820","מאושר","","התאחדות · worldfootball · קטגוריה · קריירה-עברית · קריירה-אנגלית · Transfermarkt","5","FW","IL","1991","5","08/09-11/12, 20/21","3","כן","21",""
"חיפהdle","רנספורד אוסיי","95489","מאושר","","התאחדות · worldfootball (גשר תעתיק) · Transfermarkt","3","FW","IL","1990","1","08/09","1","","",""
"חיפהdle","אור בן חמו","8769","מקור יחיד","נמוך","התאחדות","1","","IL","","1","09/10","0","","",""
"חיפהdle","ולדימיר דבאלישווילי","","מאושר","","worldfootball (גשר תעתיק) · קטגוריה · קריירה-עברית · קריירה-אנגלית · Transfermarkt","4","FW","GE","1986","2","09/10-10/11","1","","",""
"חיפהdle","ולדימיר דוואלישוילי","103486","מאושר","","התאחדות · worldfootball (גשר תעתיק) · Transfermarkt","3","","IL","","2","09/10-10/11","1","","",""
"חיפהdle","ז'ורז'ה טיישיירה","","מאושר","","worldfootball · קטגוריה · קריירה-עברית · קריירה-אנגלית · Transfermarkt","4","DF","PT","1986","1","09/10","0","","",""
"חיפהdle","זיו אוסון","15559","מאושר","","התאחדות · worldfootball (גשר תעתיק) · Transfermarkt","3","","IL","","1","09/10","0","","",""
"חיפהdle","חיים זיסקינד","8778","מאושר","","התאחדות · worldfootball (גשר תעתיק) · Transfermarkt","3","","IL","","1","09/10","0","","",""
"חיפהdle","טאלב טוואטחה","54078","מאושר","","התאחדות · worldfootball · קטגוריה · קריירה-עברית · קריירה-אנגלית · Transfermarkt","5","DF","IL","1992","9","09/10-15/16, 20/21-21/22","4","כן","8",""
"חיפהdle","טיאגו דוטרה","105384","מאושר","","התאחדות · worldfootball (גשר תעתיק) · Transfermarkt","3","","IL","","1","09/10","0","","",""
"חיפהdle","כליבאת מוחמד","48396","מאושר","","התאחדות · worldfootball (גשר תעתיק) · Transfermarkt","3","","IL","","1","09/10","0","","",""
"חיפהdle","מוחמד כליבאת","","מאושר","","worldfootball · קטגוריה · קריירה-עברית · קריירה-אנגלית · Transfermarkt","4","FW","IL","1990","5","09/10-13/14","1","כן","11",""
"חיפהdle","סאדאת בוקארי","112045","מאושר","","התאחדות · worldfootball · קטגוריה · קריירה-עברית · קריירה-אנגלית · Transfermarkt","5","FW","GH","1989","1","09/10","0","","",""
"חיפהdle","סינטאיהו סלליך","54337","מאושר","","התאחדות · worldfootball · קטגוריה · קריירה-עברית · קריירה-אנגלית · Transfermarkt","5","MF","IL","1991","5","09/10-10/11, 17/18-19/20","1","כן","51",""
"חיפהdle","עלי עות'מאן","31612","מאושר","","התאחדות · worldfootball · קטגוריה · קריירה-עברית · קריירה-אנגלית · Transfermarkt","5","DF","IL","1987","4","09/10-12/13","1","כן","72",""
"חיפהdle","שלומי אזולאי","15560","מאושר","","התאחדות · worldfootball (גשר תעתיק) · קטגוריה · קריירה-עברית · Transfermarkt","4","","IL","","2","09/10, 17/18","0","","",""
"חיפהdle","אנדריי פילבסקי","121795","מקור יחיד","נמוך","התאחדות","1","","IL","","3","10/11, 12/13-13/14","1","","",""
"חיפהdle","גיא ליפקה","10463","מקור יחיד","נמוך","התאחדות","1","DF","IL","1991","1","10/11","1","","",""
"חיפהdle","סארי פלאח","57679","מאושר","","התאחדות · worldfootball · קטגוריה · קריירה-עברית · קריירה-אנגלית · Transfermarkt","5","DF","IL","1991","4","10/11-13/14","1","כן","101",""
"חיפהdle","סיידו יאיא","119763","מאושר","","התאחדות · worldfootball · קטגוריה · קריירה-עברית · קריירה-אנגלית · Transfermarkt","5","MF","GH","1989","2","10/11-11/12","1","","",""
"חיפהdle","עידן ורד","709","מאושר","","התאחדות · worldfootball · קטגוריה · קריירה-עברית · קריירה-אנגלית · Transfermarkt","5","MF","IL","1989","5","10/11-14/15","1","כן","93",""
"חיפהdle","שאדי שעבאן","","מאושר","","worldfootball (גשר תעתיק) · קטגוריה · קריירה-עברית · קריירה-אנגלית · Transfermarkt","4","MF","IL","1992","2","10/11-11/12","1","","",""
"חיפהdle","אדין צוצאליץ'","134058","מאושר","","התאחדות · worldfootball · קטגוריה · קריירה-עברית · קריירה-אנגלית · Transfermarkt","5","DF","BA","1987","3","11/12-13/14","0","כן","82",""
"חיפהdle","אוראל דגני","2177","מאושר","","התאחדות · worldfootball · קטגוריה · קריירה-עברית · קריירה-אנגלית · Transfermarkt","5","DF","IL","1989","4","11/12-12/13, 14/15-15/16","1","כן","39",""
"חיפהdle","אלון תורג'מן","3916","מאושר","","התאחדות · worldfootball · קטגוריה · קריירה-עברית · קריירה-אנגלית · Transfermarkt","5","FW","IL","1991","4","11/12-14/15","0","כן","30",""
"חיפהdle","אסמאעיל ריאן","68591","מאושר","","התאחדות · worldfootball · קטגוריה · קריירה-עברית · קריירה-אנגלית · Transfermarkt","5","DF","IL","1994","5","11/12-13/14, 15/16-16/17","1","כן","103",""
"חיפהdle","אסף מנדס","2968","מאושר","","התאחדות · worldfootball (גשר תעתיק)","2","","IL","","1","11/12","0","","",""
"חיפהdle","בויאן שראנוב","123325","מאושר","","התאחדות · worldfootball · קטגוריה · קריירה-עברית · קריירה-אנגלית · Transfermarkt","5","GK","RS","1987","3","11/12-13/14","0","כן","58",""
"חיפהdle","במידלה ימפולסקי","1328","מאושר","","התאחדות · worldfootball (גשר תעתיק) · Transfermarkt","3","","IL","","2","11/12-12/13","0","","",""
"חיפהdle","גבריאל גרינר","47317","מאושר","","התאחדות · worldfootball (גשר תעתיק) · Transfermarkt","3","","IL","","1","11/12","0","","",""
"חיפהdle","דלה ימפולסקי","","מאושר","","worldfootball · קטגוריה · קריירה-עברית · קריירה-אנגלית · Transfermarkt","4","FW","IL","1988","2","11/12-12/13","0","","",""
"חיפהdle","דניאל ססארץ","134146","מקור יחיד","נמוך","התאחדות","1","","IL","","1","11/12","0","","",""
"חיפהdle","ויאם עמאשה","11700","מאושר","","התאחדות · worldfootball · קטגוריה · קריירה-עברית · קריירה-אנגלית · Transfermarkt","5","FW","IL","1985","3","11/12-12/13, 14/15","0","כן","68",""
"חיפהdle","חן עזריאל","21740","מאושר","","התאחדות · worldfootball (גשר תעתיק) · קטגוריה · קריירה-עברית · קריירה-אנגלית · Transfermarkt","5","FW","IL","1988","1","11/12","0","","",""
"חיפהdle","יוריצה בולייאט","123324","מאושר","","התאחדות · worldfootball · קטגוריה · קריירה-עברית · קריירה-אנגלית · Transfermarkt","5","DF","HR","1986","1","11/12","0","","",""
"חיפהdle","עטאא ג'אבר","68201","מאושר","","התאחדות · worldfootball · קטגוריה · קריירה-עברית · קריירה-אנגלית · Transfermarkt","5","MF","IL","1994","4","11/12-13/14, 15/16","1","כן","14",""
"חיפהdle","ערן רוזנבאום","4051","מאושר","","התאחדות · worldfootball (גשר תעתיק) · Transfermarkt","3","","IL","","1","11/12","0","","",""
"חיפהdle","שובל גוזלן","75011","מאושר","","התאחדות · worldfootball · קטגוריה · קריירה-עברית · קריירה-אנגלית · Transfermarkt","5","FW","IL","1994","4","11/12-13/14, 15/16","1","כן","80",""
"חיפהdle","תמיר כהן","1764","מאושר","","התאחדות · worldfootball · קטגוריה · קריירה-עברית · קריירה-אנגלית · Transfermarkt","5","MF","IL","1984","2","11/12-12/13","0","","",""
"חיפהdle","אביחי ידין","19305","מאושר","","התאחדות · worldfootball · קטגוריה · קריירה-עברית · קריירה-אנגלית · Transfermarkt","5","DF","IL","1986","3","12/13-14/15","0","כן","3",""
"חיפהdle","אמיר נסראלדין","54270","מאושר","","התאחדות · worldfootball (גשר תעתיק)","2","","IL","","1","12/13","0","","",""
"חיפהdle","אמרי זייד","48330","מקור יחיד","נמוך","התאחדות","1","","IL","","1","12/13","0","","",""
"חיפהdle","דור כוכב","48323","מאושר","","התאחדות · קטגוריה · קריירה-עברית · קריירה-אנגלית","3","MF","IL","1993","1","12/13","0","","",""
"חיפהdle","דינו אנדלובו","123818","מאושר","","התאחדות · worldfootball · קטגוריה · קריירה-עברית · קריירה-אנגלית · Transfermarkt","5","FW","ZA","1990","1","12/13","0","","",""
"חיפהdle","דניאל הבר","144267","מאושר","","התאחדות · worldfootball · קטגוריה · קריירה-עברית · קריירה-אנגלית · Transfermarkt","5","FW","CA","1992","1","12/13","0","","",""
"חיפהdle","חן עזרא","22596","מאושר","","התאחדות · worldfootball · קטגוריה · קריירה-עברית · קריירה-אנגלית · Transfermarkt","5","FW","IL","1989","4","12/13-15/16","1","כן","53",""
"חיפהdle","לירוי צעירי","1093","מאושר","","התאחדות · worldfootball · קטגוריה · קריירה-עברית · קריירה-אנגלית","4","MF","IL","1989","1","12/13","0","","",""
"חיפהdle","מרטינס דפקוס","","מאושר","","worldfootball · קריירה-אנגלית","2","DF","LT","1993","2","12/13-13/14","0","","",""
"חיפהdle","עודד אלקיים","18818","מאושר","","התאחדות · worldfootball · קטגוריה · קריירה-עברית · קריירה-אנגלית · Transfermarkt","5","DF","IL","1988","1","12/13","0","","",""
"חיפהdle","רון שושן","36656","מאושר","","התאחדות · worldfootball · קריירה-אנגלית · Transfermarkt","4","GK","IL","1993","2","12/13-13/14","0","","",""
"חיפהdle","שמואל שיימן","135072","מאושר","","התאחדות · worldfootball · קטגוריה · קריירה-עברית · קריירה-אנגלית · Transfermarkt","5","DF","IL","1987","3","12/13-14/15","0","כן","108",""
"חיפהdle","אלעד גבאי","33401","מאושר","","התאחדות · worldfootball · קטגוריה · קריירה-עברית · קריירה-אנגלית · Transfermarkt","5","MF","IL","1985","2","13/14-14/15","0","","",""
"חיפהdle","דור חוגי","","מאושר","","worldfootball · קטגוריה · קריירה-עברית · קריירה-אנגלית · Transfermarkt","4","FW","IL","1995","1","13/14","0","","",""
"חיפהdle","יובל יוסיפוביץ","56348","מאושר","","התאחדות · worldfootball (גשר תעתיק) · Transfermarkt","3","","IL","","2","13/14, 15/16","1","","",""
"חיפהdle","מיכה לאוטה","45813","מאושר","","התאחדות · worldfootball (גשר תעתיק)","2","","IL","","1","13/14","0","","",""
"חיפהdle","עדי קונסטנטינוס","56101","מאושר","","התאחדות · worldfootball · קטגוריה · קריירה-עברית · קריירה-אנגלית · Transfermarkt","5","MF","IL","1994","1","13/14","0","","",""
"חיפהdle","רובן סרנה","145182","מאושר","","התאחדות · worldfootball (גשר תעתיק) · Transfermarkt","3","","IL","","2","13/14-14/15","0","","",""
"חיפהdle","רן אבוקרט","18815","מאושר","","התאחדות · worldfootball · קטגוריה · קריירה-עברית · קריירה-אנגלית · Transfermarkt","5","MF","IL","1988","3","13/14-15/16","1","כן","88",""
"חיפהdle","שון וייסמן","65429","מאושר","","התאחדות · worldfootball · קטגוריה · קריירה-עברית · קריירה-אנגלית · Transfermarkt","5","FW","IL","1996","4","13/14-15/16, 18/19","1","כן","79",""
"חיפהdle","שמעון אבו חצירא","25941","מאושר","","התאחדות · קטגוריה · קריירה-עברית · קריירה-אנגלית · Transfermarkt","4","FW","IL","1986","2","13/14, 15/16","1","","",""
"חיפהdle","תאמאש פרישקין","","מאושר","","worldfootball · קטגוריה · קריירה-עברית · קריירה-אנגלית · Transfermarkt","4","FW","HU","1986","1","13/14","0","","",""
"חיפהdle","תאמש פריסקין","154701","מקור יחיד","נמוך","התאחדות","1","","IL","","1","13/14","0","","",""
"חיפהdle","אברהם פאס","","מאושר","","worldfootball · קטגוריה · קריירה-עברית · קריירה-אנגלית · Transfermarkt","4","DF","ES","1979","1","14/15","0","","",""
"חיפהdle","אברהן קרוז","145822","מקור יחיד","נמוך","התאחדות","1","","IL","","1","14/15","0","","",""
"חיפהdle","אוהד לויטה","19309","מאושר","","התאחדות · worldfootball · קטגוריה · קריירה-עברית · קריירה-אנגלית · Transfermarkt","5","GK","IL","1986","4","14/15-17/18","1","כן","64",""
"חיפהdle","איתי שכטר","33841","מאושר","","התאחדות · worldfootball · קטגוריה · קריירה-עברית · קריירה-אנגלית · Transfermarkt","5","FW","IL","1987","1","14/15","0","","",""
"חיפהdle","אלירן עטר","31335","מאושר","","התאחדות · worldfootball · קטגוריה · קריירה-עברית · קריירה-אנגלית · Transfermarkt","5","FW","IL","1987","3","14/15-16/17","1","כן","74",""
"חיפהdle","ולדימיר סטויקוביץ'","155349","מאושר","","התאחדות · worldfootball · קטגוריה · קריירה-עברית · קריירה-אנגלית · Transfermarkt","5","GK","RS","1983","2","14/15-15/16","1","","",""
"חיפהdle","טל בומשטיין","68799","מאושר","","התאחדות · worldfootball (גשר תעתיק)","2","","IL","","1","14/15","0","","",""
"חיפהdle","מוחמד קמארה","164695","מאושר","","התאחדות · קטגוריה · קריירה-עברית · קריירה-אנגלית","3","MF","IL","1987","1","14/15","0","","",""
"חיפהdle","מיגל מרקוס מדרה","156191","מאושר","","התאחדות · קטגוריה · קריירה-עברית · קריירה-אנגלית","3","MF","ES","1985","1","14/15","0","","",""
"חיפהdle","עלא געפר","66267","מאושר","","התאחדות · Transfermarkt","2","","IL","","1","14/15","0","","",""
"חיפהdle","קובי מויאל","13822","מאושר","","התאחדות · worldfootball · קטגוריה · קריירה-עברית · קריירה-אנגלית · Transfermarkt","5","MF","IL","1987","2","14/15-15/16","1","","",""
"חיפהdle","אופיר קריאף","27403","מאושר","","התאחדות · worldfootball · קטגוריה · קריירה-עברית · קריירה-אנגלית · Transfermarkt","5","MF","IL","1991","1","15/16","1","","",""
"חיפהdle","גיל אופק","7201","מקור יחיד","נמוך","התאחדות","1","","IL","","5","15/16-19/20","1","","",""
"חיפהdle","גילי ורמוט","22107","מאושר","","התאחדות · worldfootball · קטגוריה · קריירה-עברית · קריירה-אנגלית · Transfermarkt","5","MF","IL","1985","2","15/16-16/17","1","","",""
"חיפהdle","גליינור פלט","148323","מאושר","","התאחדות · worldfootball · קטגוריה · קריירה-עברית · קריירה-אנגלית · Transfermarkt","5","FW","NL","1987","1","15/16","1","","",""
"חיפהdle","דוד טוויזר","94548","מקור יחיד","נמוך","התאחדות","1","","IL","","1","15/16","1","","",""
"חיפהdle","יונתן לוי","75866","מאושר","","התאחדות · worldfootball · קטגוריה · קריירה-עברית · קריירה-אנגלית · Transfermarkt","5","DF","IL","1998","6","15/16-20/21","2","כן","6",""
"חיפהdle","לודוביק אוברניאק","166466","מאושר","","התאחדות · worldfootball · קטגוריה · קריירה-עברית · קריירה-אנגלית · Transfermarkt","5","MF","PL","1984","1","15/16","1","","",""
"חיפהdle","מארק ואליינטה","165793","מאושר","","התאחדות · worldfootball · קטגוריה · קריירה-עברית · קריירה-אנגלית · Transfermarkt","5","DF","ES","1987","2","15/16-16/17","1","","",""
"חיפהdle","נטע לביא","115951","מאושר","","התאחדות · worldfootball · קטגוריה · קריירה-עברית · קריירה-אנגלית · Transfermarkt","5","MF","IL","1996","7","15/16-21/22","3","כן","49",""
"חיפהdle","סאן מנחם","60992","מאושר","","התאחדות · worldfootball · קטגוריה · קריירה-עברית · קריירה-אנגלית · Transfermarkt","5","DF","IL","1993","7","15/16-16/17, 18/19-22/23","4","כן","104",""
"חיפהdle","עאיד חבשי","67656","מאושר","","התאחדות · worldfootball (גשר תעתיק) · קטגוריה · קריירה-עברית · קריירה-אנגלית · Transfermarkt","5","DF","IL","1995","4","15/16, 18/19-20/21","2","כן","43",""
"חיפהdle","עופרי ארד","76576","מאושר","","התאחדות · worldfootball · קטגוריה · קריירה-עברית · קריירה-אנגלית · Transfermarkt","5","DF","IL","1998","8","15/16-22/23","4","כן","92",""
"חיפהdle","ערן ביטון","59509","מאושר","","התאחדות · worldfootball (גשר תעתיק) · Transfermarkt","3","","IL","","1","15/16","1","","",""
"חיפהdle","רומאריו פירס","159471","מאושר","","התאחדות · worldfootball (גשר תעתיק) · קטגוריה · קריירה-עברית · קריירה-אנגלית · Transfermarkt","5","MF","BR","1989","1","15/16","1","","",""
"חיפהdle","רז מאיר","79298","מאושר","","התאחדות · worldfootball · קטגוריה · קריירה-עברית · קריירה-אנגלית · Transfermarkt","5","DF","IL","1996","7","15/16, 17/18-22/23","4","כן","107",""
"חיפהdle","שחר הירש","36655","מאושר","","התאחדות · worldfootball · קטגוריה · קריירה-עברית · קריירה-אנגלית · Transfermarkt","5","FW","IL","1993","1","15/16","1","","",""
"חיפהdle","שי בן דוד","69642","מאושר","","התאחדות · worldfootball · קטגוריה · קריירה-עברית · קריירה-אנגלית · Transfermarkt","5","DF","IL","1997","2","15/16-16/17","1","","",""
"חיפהdle","איתן וולבלום","75394","מאושר","","התאחדות · worldfootball (גשר תעתיק) · Transfermarkt","3","","IL","","1","16/17","0","","",""
"חיפהdle","אניס אלושי","188478","מאושר","","התאחדות · worldfootball · קטגוריה · קריירה-עברית · קריירה-אנגלית · Transfermarkt","5","MF","XK","1985","1","16/17","0","","",""
"חיפהdle","גארי קגלמאכר","176953","מאושר","","התאחדות · worldfootball · קטגוריה · קריירה-עברית · קריירה-אנגלית · Transfermarkt","5","DF","UY","1988","1","16/17","0","","",""
"חיפהdle","הולמר איולפסון","188077","מאושר","","התאחדות · worldfootball · קטגוריה · קריירה-עברית · קריירה-אנגלית · Transfermarkt","5","DF","IS","1990","1","16/17","0","","",""
"חיפהdle","יהב גורפינקל","","מאושר","","worldfootball · קטגוריה · קריירה-עברית · קריירה-אנגלית · Transfermarkt","4","DF","IL","1998","1","16/17","0","","",""
"חיפהdle","יניב בריק","56332","מאושר","","התאחדות · קטגוריה · קריירה-עברית","2","MF","IL","1995","1","16/17","0","","",""
"חיפהdle","מוחמד עואד","75391","מאושר","","התאחדות · worldfootball (גשר תעתיק) · Transfermarkt","3","","IL","","5","16/17-20/21","1","","",""
"חיפהdle","מיכאל בן ברוך","74452","מקור יחיד","נמוך","התאחדות","1","","IL","","1","16/17","0","","",""
"חיפהdle","ניקיטה רוקאביציה","166889","מאושר","","התאחדות · worldfootball · קטגוריה · קריירה-עברית · קריירה-אנגלית · Transfermarkt","5","FW","AU","1987","6","16/17-20/21, 22/23","2","כן","90",""
"חיפהdle","עומר דמארי","1075","מאושר","","התאחדות · worldfootball · קטגוריה · קריירה-עברית · קריירה-אנגלית · Transfermarkt","5","FW","IL","1989","2","16/17-17/18","0","","",""
"חיפהdle","עומרי גלזר","78956","מאושר","","התאחדות · worldfootball · קטגוריה · קריירה-עברית · קריירה-אנגלית · Transfermarkt","5","GK","IL","1996","4","16/17-18/19, 20/21","1","כן","48",""
"חיפהdle","עמית זנטי","85260","מאושר","","התאחדות · worldfootball · קטגוריה · קריירה-עברית · קריירה-אנגלית · Transfermarkt","5","FW","IL","1997","2","16/17-17/18","0","","",""
"חיפהdle","פיטים אזמי","188504","מאושר","","התאחדות · worldfootball · קטגוריה · קריירה-עברית · קריירה-אנגלית · Transfermarkt","5","FW","NO","1992","1","16/17","0","","",""
"חיפהdle","קמיל ואצק","177978","מאושר","","התאחדות · worldfootball · קטגוריה · קריירה-עברית · קריירה-אנגלית · Transfermarkt","5","MF","CZ","1987","1","16/17","0","","",""
"חיפהdle","רועי קהת","31217","מאושר","","התאחדות · worldfootball · קטגוריה · קריירה-עברית · קריירה-אנגלית · Transfermarkt","5","MF","IL","1992","3","16/17-18/19","0","כן","66",""
"חיפהdle","אופיר מזרחי","60364","מאושר","","התאחדות · worldfootball · קטגוריה · קריירה-עברית · קריירה-אנגלית · Transfermarkt","5","FW","IL","1993","1","17/18","0","","",""
"חיפהdle","אטיין ריינן","201035","מאושר","","התאחדות · worldfootball · קטגוריה · קריירה-עברית · קריירה-אנגלית · Transfermarkt","5","DF","NL","1987","2","17/18-18/19","0","","",""
"חיפהdle","אליסון דוס סנטוס","165873","מאושר","","התאחדות · worldfootball · קטגוריה · קריירה-עברית · Transfermarkt","4","DF","BR","1990","2","17/18-18/19","0","","",""
"חיפהdle","ארנסט מבוקה","189700","מאושר","","התאחדות · worldfootball · קטגוריה · קריירה-עברית · קריירה-אנגלית · Transfermarkt","5","DF","CM","1988","4","17/18-20/21","1","כן","26",""
"חיפהdle","גאורגי קוסטדינוב","189499","מאושר","","התאחדות · worldfootball (גשר תעתיק) · קטגוריה · קריירה-עברית · קריירה-אנגלית · Transfermarkt","5","MF","BG","1990","1","17/18","0","","",""
"חיפהdle","גל אלברמן","3408","מאושר","","התאחדות · worldfootball · קטגוריה · קריירה-עברית · קריירה-אנגלית · Transfermarkt","5","MF","IL","1983","2","17/18-18/19","0","","",""
"חיפהdle","גל קתבי","86354","מאושר","","התאחדות · worldfootball (גשר תעתיק) · Transfermarkt","3","","IL","","1","17/18","0","","",""
"חיפהdle","ים כהן","87687","מקור יחיד","נמוך","התאחדות","1","","IL","","1","17/18","0","","",""
"חיפהdle","סהר דבח","87691","מקור יחיד","נמוך","התאחדות","1","","IL","","1","17/18","0","","",""
"חיפהdle","סטפנוס אתנסיאדיס","190534","מאושר","","התאחדות · worldfootball · קטגוריה · קריירה-עברית · קריירה-אנגלית · Transfermarkt","5","FW","GR","1988","1","17/18","0","","",""
"חיפהdle","עומרי בן הרוש","5783","מאושר","","התאחדות · worldfootball · קטגוריה · קריירה-עברית · קריירה-אנגלית · Transfermarkt","5","DF","IL","1990","1","17/18","0","","",""
"חיפהdle","קאיו אלבס","189721","מאושר","","התאחדות · קטגוריה · קריירה-עברית · קריירה-אנגלית","3","MF","BR","1986","1","17/18","0","","",""
"חיפהdle","רועי פוקס","86018","מאושר","","התאחדות · worldfootball (גשר תעתיק) · Transfermarkt","3","","IL","","7","17/18, 20/21-25/26","3","","",""
"חיפהdle","רמי גרשון","14298","מאושר","","התאחדות · worldfootball · קטגוריה · קריירה-עברית · קריירה-אנגלית · Transfermarkt","5","DF","IL","1988","8","17/18-24/25","3","כן","109",""
"חיפהdle","גיא חיימוב","8485","מאושר","","התאחדות · worldfootball · קטגוריה · קריירה-עברית · קריירה-אנגלית · Transfermarkt","5","GK","IL","1986","2","18/19-19/20","0","","",""
"חיפהdle","ז'ורז' מנדז'ק","201788","מאושר","","התאחדות · worldfootball · קטגוריה · קריירה-עברית · קריירה-אנגלית · Transfermarkt","5","MF","CM","1988","1","18/19","0","","",""
"חיפהdle","ירדן שועה","86636","מאושר","","התאחדות · worldfootball · קטגוריה · קריירה-עברית · קריירה-אנגלית · Transfermarkt","5","FW","IL","1999","2","18/19-19/20","0","","",""
"חיפהdle","מוחמד אבו פני","75387","מקור יחיד","נמוך","התאחדות","1","","IL","","4","18/19, 20/21-22/23","3","","",""
"חיפהdle","מחמוד ג'אבר","89351","מאושר","","התאחדות · worldfootball · קטגוריה · קריירה-עברית · קריירה-אנגלית · Transfermarkt","5","MF","IL","1999","5","18/19, 21/22-24/25","2","כן","87",""
"חיפהdle","מנואל איטורה","212670","מאושר","","התאחדות · worldfootball · קטגוריה · קריירה-עברית · קריירה-אנגלית · Transfermarkt","5","MF","CL","1984","1","18/19","0","","",""
"חיפהdle","מקסים פלקושצ'נקו","64243","מאושר","","התאחדות · worldfootball · קטגוריה · קריירה-עברית · קריירה-אנגלית · Transfermarkt","5","MF","IL","1996","2","18/19-19/20","0","","",""
"חיפהdle","קארים פריי","212693","מאושר","","התאחדות · worldfootball (גשר תעתיק) · Transfermarkt","3","FW","IL","1993","1","18/19","0","","",""
"חיפהdle","איקוום אוטין","213118","מאושר","","התאחדות · worldfootball (גשר תעתיק) · Transfermarkt","3","DF","IL","1999","1","19/20","0","","",""
"חיפהdle","ג'וש כהן","","מאושר","","worldfootball (גשר תעתיק) · קטגוריה · קריירה-עברית · קריירה-אנגלית · Transfermarkt","4","GK","US","1992","4","19/20-22/23","3","כן","75",""
"חיפהdle","גוזף קוזמינצקי","224730","מאושר","","התאחדות · worldfootball (גשר תעתיק) · Transfermarkt","3","GK","IL","1994","1","19/20","0","","",""
"חיפהdle","גושוע כהן","213272","מאושר","","התאחדות · worldfootball (גשר תעתיק) · Transfermarkt","3","","IL","","4","19/20-22/23","3","","",""
"חיפהdle","גיא הרמן","105282","מאושר","","התאחדות · worldfootball (גשר תעתיק) · Transfermarkt","3","","IL","","1","19/20","0","","",""
"חיפהdle","דולב חזיזה","64322","מאושר","","התאחדות · worldfootball · קטגוריה · קריירה-עברית · קריירה-אנגלית · Transfermarkt","5","MF","IL","1995","7","19/20-25/26","3","כן","47",""
"חיפהdle","דניאל יוסף","116163","מקור יחיד","נמוך","התאחדות","1","","IL","","1","19/20","0","","",""
"חיפהdle","טרנט סיינסבורי","214293","מאושר","","התאחדות · worldfootball · קטגוריה · קריירה-עברית · קריירה-אנגלית · Transfermarkt","5","DF","AU","1992","1","19/20","0","","",""
"חיפהdle","יאניק וילדסחוט","213120","מאושר","","התאחדות · worldfootball · קטגוריה · קריירה-עברית · קריירה-אנגלית · Transfermarkt","5","FW","NL","1991","2","19/20-20/21","1","","",""
"חיפהdle","יובל אשכנזי","20909","מאושר","","התאחדות · worldfootball · קטגוריה · קריירה-עברית · קריירה-אנגלית · Transfermarkt","5","MF","IL","1992","2","19/20-20/21","1","","",""
"חיפהdle","מאור לוי","104753","מאושר","","התאחדות · worldfootball · קטגוריה · קריירה-עברית · קריירה-אנגלית · Transfermarkt","5","MF","IL","2000","3","19/20-21/22","2","כן","27",""
"חיפהdle","נהוראי יפרח","","מאושר","","worldfootball (גשר תעתיק) · קטגוריה · קריירה-עברית · קריירה-אנגלית · Transfermarkt","4","FW","IL","2003","4","19/20-21/22, 24/25","2","כן","24",""
"חיפהdle","סוף פודגוראנו","113208","מאושר","","התאחדות · worldfootball · קטגוריה · קריירה-עברית · קריירה-אנגלית · Transfermarkt","5","FW","IL","2002","4","19/20, 22/23-23/24, 25/26","1","כן","34",""
"חיפהdle","סתיו נחמני","","מאושר","","worldfootball (גשר תעתיק) · קטגוריה · קריירה-עברית · קריירה-אנגלית · Transfermarkt","4","FW","IL","2002","2","19/20-20/21","1","","",""
"חיפהdle","צ'רון שרי","213744","מאושר","","התאחדות · worldfootball · קטגוריה · קריירה-עברית · קריירה-אנגלית · Transfermarkt","5","MF","NL","1988","4","19/20-22/23","3","כן","105",""
"חיפהdle","תומר אסוס","103253","מקור יחיד","נמוך","התאחדות","1","","IL","","1","19/20","0","","",""
"חיפהdle","בוגדן פלאניץ'","227902","מאושר","","התאחדות · worldfootball · קטגוריה · קריירה-עברית · קריירה-אנגלית · Transfermarkt","5","DF","RS","1992","2","20/21-21/22","2","","",""
"חיפהdle","גודסוויי דוניו","229503","מאושר","","התאחדות · worldfootball · קטגוריה · קריירה-עברית · קריירה-אנגלית · Transfermarkt","5","FW","GH","1994","2","20/21-21/22","2","","",""
"חיפהdle","חוזה רודריגז","191154","מקור יחיד","נמוך","התאחדות","1","","IL","","2","20/21-21/22","2","","",""
"חיפהdle","חוסה רודריגס מרטינס","","מאושר","","קטגוריה · קריירה-עברית · קריירה-אנגלית","2","MF","ES","1994","2","20/21-21/22","2","","",""
"חיפהdle","עומר אצילי","34253","מאושר","","התאחדות · worldfootball · קטגוריה · קריירה-עברית · קריירה-אנגלית · Transfermarkt","5","MF","IL","1993","3","20/21-22/23","3","כן","35",""
"חיפהdle","עילאי חג'ג'","125867","מאושר","","התאחדות · worldfootball · קטגוריה · קריירה-עברית · קריירה-אנגלית · Transfermarkt","5","FW","IL","2001","3","20/21, 23/24-24/25","1","כן","44",""
"חיפהdle","רוני לאופר","115862","מקור יחיד","נמוך","התאחדות","1","","IL","","1","20/21","1","","",""
"חיפהdle","אורי דהן","107824","מאושר","","התאחדות · worldfootball (גשר תעתיק) · קטגוריה · קריירה-עברית · קריירה-אנגלית · Transfermarkt","5","DF","IL","1999","1","21/22","1","","",""
"חיפהdle","איתמר ישראלי","20529","מאושר","","התאחדות · worldfootball · קטגוריה · קריירה-עברית · קריירה-אנגלית · Transfermarkt","5","GK","IL","1992","1","21/22","1","","",""
"חיפהdle","בן שהר","12922","מאושר","","התאחדות · worldfootball · קטגוריה · קריירה-עברית · קריירה-אנגלית · Transfermarkt","5","FW","IL","1989","2","21/22-22/23","2","","",""
"חיפהdle","דין דוד","93496","מאושר","","התאחדות · worldfootball · קטגוריה · קריירה-עברית · קריירה-אנגלית · Transfermarkt","5","FW","IL","1996","4","21/22-24/25","2","כן","28",""
"חיפהdle","מאוויס צ'יבוטה","","מאושר","","worldfootball · קטגוריה · קריירה-עברית · קריירה-אנגלית · Transfermarkt","4","FW","CD","1996","2","21/22-22/23","2","","",""
"חיפהdle","מאויס דפונו","155286","מקור יחיד","נמוך","התאחדות","1","","IL","","2","21/22-22/23","2","","",""
"חיפהdle","מיקאל אלפונס","247563","מאושר","","התאחדות · worldfootball · קטגוריה · קריירה-עברית · קריירה-אנגלית · Transfermarkt","5","DF","FR","1989","1","21/22","1","","",""
"חיפהdle","נבו שדו","140180","מאושר","","התאחדות · Transfermarkt","2","","IL","","1","21/22","1","","",""
"חיפהdle","עלי אל פאזז","155444","מאושר","","התאחדות · worldfootball (גשר תעתיק) · Transfermarkt","3","","IL","","5","21/22-25/26","2","","",""
"חיפהdle","עלי מוחמד","","מאושר","","התאחדות · worldfootball · קטגוריה · קריירה-עברית · Transfermarkt","4","MF","","1995","5","21/22-25/26","2","כן","59",""
"חיפהdle","ענאן ח'לאילי","137896","מאושר","","התאחדות · worldfootball · קטגוריה · קריירה-עברית · קריירה-אנגלית · Transfermarkt","5","FW","IL","2004","3","21/22-23/24","2","כן","10",""
"חיפהdle","ראיין סטריין","","מאושר","","worldfootball · קטגוריה · קריירה-עברית · קריירה-אנגלית · Transfermarkt","4","DF","AU","1997","1","21/22","1","","",""
"חיפהdle","רועי משפתי","22546","מאושר","","התאחדות · worldfootball (גשר תעתיק) · קטגוריה · קריירה-עברית · קריירה-אנגלית · Transfermarkt","5","GK","IL","1992","2","21/22-22/23","2","","",""
"חיפהdle","שון גולדברג","58440","מאושר","","התאחדות · worldfootball · קטגוריה · קריירה-עברית · קריירה-אנגלית · Transfermarkt","5","DF","IL","1995","5","21/22-25/26","2","כן","19",""
"חיפהdle","אביאל זרגרי","119318","מאושר","","התאחדות · קטגוריה · קריירה-עברית · קריירה-אנגלית · Transfermarkt","4","MF","IL","2002","1","22/23","1","","",""
"חיפהdle","בסאם זערורה","124321","מאושר","","התאחדות · worldfootball (גשר תעתיק) · קטגוריה · קריירה-עברית · Transfermarkt","4","MF","IL","2002","1","22/23","1","","",""
"חיפהdle","גוני נאור","97295","מאושר","","התאחדות · worldfootball · קטגוריה · קריירה-עברית · קריירה-אנגלית · Transfermarkt","5","MF","IL","1999","2","22/23-23/24","1","","",""
"חיפהdle","דיא סבע","12585","מאושר","","התאחדות · worldfootball (גשר תעתיק) · קטגוריה · קריירה-עברית · קריירה-אנגלית · Transfermarkt","5","FW","IL","1992","2","22/23, 24/25","1","","",""
"חיפהdle","דילן בטובינסיקה","253173","מאושר","","התאחדות · worldfootball · קטגוריה · קריירה-עברית · קריירה-אנגלית · Transfermarkt","5","DF","CD","1996","1","22/23","1","","",""
"חיפהdle","דניאל סונדגרן","248188","מאושר","","התאחדות · worldfootball · קטגוריה · קריירה-עברית · קריירה-אנגלית · Transfermarkt","5","DF","SE","1990","2","22/23-23/24","1","","",""
"חיפהdle","ינון אליהו","67818","מאושר","","התאחדות · worldfootball (גשר תעתיק) · קטגוריה · קריירה-עברית · קריירה-אנגלית · Transfermarkt","5","DF","IL","1993","1","22/23","1","","",""
"חיפהdle","ליעד לוי","165234","מקור יחיד","נמוך","התאחדות","1","","IL","","1","22/23","1","","",""
"חיפהdle","עבדוליי סק","253478","מאושר","","התאחדות · קטגוריה · קריירה-עברית · קריירה-אנגלית","3","DF","SN","1992","4","22/23-25/26","1","כן","96",""
"חיפהdle","פייר קורנו","248194","מאושר","","התאחדות · worldfootball · קטגוריה · קריירה-עברית · קריירה-אנגלית · Transfermarkt","5","DF","FR","1996","3","22/23-23/24, 25/26","1","כן","17",""
"חיפהdle","פרנזי פיירו","248187","מאושר","","התאחדות · worldfootball · קטגוריה · קריירה-עברית · קריירה-אנגלית · Transfermarkt","5","FW","IL","1995","2","22/23-23/24","1","","",""
"חיפהdle","שריף כיוף","104530","מאושר","","התאחדות · worldfootball · קטגוריה · קריירה-עברית · קריירה-אנגלית · Transfermarkt","5","GK","IL","2001","4","22/23-25/26","1","כן","12",""
"חיפהdle","תבור חוטר","141181","מקור יחיד","נמוך","התאחדות","1","","IL","","1","22/23","1","","",""
"חיפהdle","אורי בן שושן","147016","מקור יחיד","נמוך","התאחדות","1","","IL","","1","23/24","0","","",""
"חיפהdle","איתמר ניצן","1898","מאושר","","התאחדות · worldfootball (גשר תעתיק) · קטגוריה · קריירה-עברית · קריירה-אנגלית · Transfermarkt","5","GK","IL","1987","1","23/24","0","","",""
"חיפהdle","אריק שוראנוב","265347","מאושר","","התאחדות · worldfootball · קטגוריה · קריירה-עברית · קריירה-אנגלית · Transfermarkt","5","FW","DE","2002","2","23/24-24/25","0","","",""
"חיפהdle","גדי קינדה","48643","מאושר","","התאחדות · worldfootball · קטגוריה · קריירה-עברית · קריירה-אנגלית · Transfermarkt","5","MF","IL","1994","2","23/24-24/25","0","","",""
"חיפהdle","דניאיל לסובוי","283322","מאושר","","התאחדות · worldfootball · קטגוריה · קריירה-עברית · קריירה-אנגלית · Transfermarkt","5","FW","RU","1998","1","23/24","0","","",""
"חיפהdle","זיו בן שימול","139228","מאושר","","התאחדות · worldfootball (גשר תעתיק) · Transfermarkt","3","","IL","","1","23/24","0","","",""
"חיפהdle","ירין לוי","","מאושר","","worldfootball · קטגוריה · קריירה-עברית · קריירה-אנגלית · Transfermarkt","4","MF","IL","2005","1","23/24","0","","",""
"חיפהdle","לורנצו סימיץ","267496","מאושר","","התאחדות · worldfootball (גשר תעתיק) · Transfermarkt","3","","IL","","1","23/24","0","","",""
"חיפהdle","לורנצו שימיץ'","","מאושר","","worldfootball · קטגוריה · קריירה-עברית · קריירה-אנגלית · Transfermarkt","4","DF","HR","1996","1","23/24","0","","",""
"חיפהdle","מאור קנדיל","39279","מאושר","","התאחדות · worldfootball · קטגוריה · קריירה-עברית · קריירה-אנגלית · Transfermarkt","5","DF","IL","1993","2","23/24-24/25","0","","",""
"חיפהdle","ניתאי גרייס","142007","מאושר","","התאחדות · worldfootball (גשר תעתיק) · קריירה-עברית · Transfermarkt","4","GK","IL","2004","2","23/24-24/25","0","","",""
"חיפהdle","עילי פיינגולד","133617","מאושר","","התאחדות · worldfootball · קטגוריה · קריירה-עברית · קריירה-אנגלית · Transfermarkt","5","DF","IL","2004","1","23/24","0","","",""
"חיפהdle","קנט סיף","34913","מאושר","","התאחדות · worldfootball (גשר תעתיק) · Transfermarkt","3","","IL","","3","23/24-25/26","0","","",""
"חיפהdle","קני סייף","","מאושר","","worldfootball · קטגוריה · קריירה-עברית · קריירה-אנגלית · Transfermarkt","4","MF","US","1993","3","23/24-25/26","0","כן","25",""
"חיפהdle","שואו","266984","מאושר","","התאחדות · קטגוריה · קריירה-עברית","2","MF","IL","1999","1","23/24","0","","",""
"חיפהdle","אולכסנדר סירוטה","284525","מאושר","","התאחדות · worldfootball · קטגוריה · קריירה-עברית · קריירה-אנגלית · Transfermarkt","5","DF","UA","2000","1","24/25","0","","",""
"חיפהdle","איתן אזולאי","111114","מאושר","","התאחדות · worldfootball · קטגוריה · קריירה-עברית · קריירה-אנגלית · Transfermarkt","5","MF","IL","2002","2","24/25-25/26","0","","",""
"חיפהdle","גטאצאו יבלו","189397","מאושר","","התאחדות · worldfootball (גשר תעתיק) · Transfermarkt","3","","IL","","1","24/25","0","","",""
"חיפהdle","גיא מלמד","17151","מאושר","","התאחדות · worldfootball · קטגוריה · Transfermarkt","4","","IL","","2","24/25-25/26","0","","",""
"חיפהdle","ויטאל אנסימבה","286366","מאושר","","התאחדות · worldfootball (גשר תעתיק) · קריירה-עברית · קריירה-אנגלית · Transfermarkt","5","DF","AO","1993","1","24/25","0","","",""
"חיפהdle","ליאם חרמש","142893","מאושר","","התאחדות · worldfootball (גשר תעתיק) · Transfermarkt","3","","IL","","1","24/25","0","","",""
"חיפהdle","מתיאס לייבה","289545","מאושר","","התאחדות · worldfootball (גשר תעתיק) · Transfermarkt","3","","IL","","1","24/25","0","","",""
"חיפהdle","עומר דהן","185102","מאושר","","התאחדות · worldfootball (גשר תעתיק)","2","","IL","","1","24/25","0","","",""
"חיפהdle","עמית ארזי","155441","מאושר","","התאחדות · worldfootball (גשר תעתיק) · Transfermarkt","3","","IL","","1","24/25","0","","",""
"חיפהdle","פדראו","","מאושר","","worldfootball · קטגוריה · קריירה-עברית · Transfermarkt","3","DF","BR","1997","2","24/25-25/26","0","","",""
"חיפהdle","פדרו דה אוליברה","287089","מאושר","","התאחדות · worldfootball (גשר תעתיק) · Transfermarkt","3","","IL","","2","24/25-25/26","0","","",""
"חיפהdle","קסאנדר סברינה","289112","מאושר","","התאחדות · worldfootball · קטגוריה · קריירה-עברית · קריירה-אנגלית · Transfermarkt","5","FW","NL","2001","1","24/25","0","","",""
"חיפהdle","רועי אלימלך","120960","מאושר","","התאחדות · worldfootball (גשר תעתיק) · קטגוריה · קריירה-עברית · Transfermarkt","4","DF","IL","2002","1","24/25","0","","",""
"חיפהdle","ריקרדו ויאנה","301275","מאושר","","התאחדות · worldfootball (גשר תעתיק) · Transfermarkt","3","FW","IL","2001","1","24/25","0","","",""
"חיפהdle","תומאס סולטאני","284311","מאושר","","התאחדות · worldfootball (גשר תעתיק) · Transfermarkt","3","","IL","","1","24/25","0","","",""
"חיפהdle","איי סוקפה","190688","מקור יחיד","נמוך","התאחדות","1","","IL","","1","25/26","0","","",""
"חיפהdle","אלעד אמיר","162762","מאושר","","התאחדות · worldfootball (גשר תעתיק) · Transfermarkt","3","","IL","","1","25/26","0","","",""
"חיפהdle","בנסון מנואל","319784","מאושר","","התאחדות · worldfootball (גשר תעתיק) · Transfermarkt","3","","IL","","1","25/26","0","","",""
"חיפהdle","ג'ורג'ה יובאנוביץ'","247554","מאושר","","התאחדות · worldfootball (גשר תעתיק) · קריירה-עברית · קריירה-אנגלית","4","FW","IL","1999","1","25/26","0","","",""
"חיפהdle","גאורגי ירמקוב","284937","מאושר","","התאחדות · worldfootball (גשר תעתיק) · קטגוריה · קריירה-עברית · קריירה-אנגלית · Transfermarkt","5","GK","UA","2002","1","25/26","0","","",""
"חיפהdle","דניאל דרזי","178172","מאושר","","התאחדות · worldfootball (גשר תעתיק) · Transfermarkt","3","","IL","","1","25/26","0","","",""
"חיפהdle","זוהר זסנו","165543","מאושר","","התאחדות · worldfootball (גשר תעתיק) · קריירה-עברית · קריירה-אנגלית · Transfermarkt","5","DF","IL","2001","1","25/26","0","","",""
"חיפהdle","טומי ציצואשוילי","147180","מאושר","","התאחדות · worldfootball (גשר תעתיק)","2","","IL","","1","25/26","0","","",""
"חיפהdle","טריבאנטה סטיוארט","302850","מאושר","","התאחדות · worldfootball · קטגוריה · קריירה-עברית · קריירה-אנגלית · Transfermarkt","5","FW","JM","2000","1","25/26","0","","",""
"חיפהdle","ילה בטאי","302852","מאושר","","התאחדות · worldfootball · קטגוריה · קריירה-עברית · קריירה-אנגלית · Transfermarkt","5","DF","BE","1999","1","25/26","0","","",""
"חיפהdle","ליאור קאסה","185919","מאושר","","התאחדות · worldfootball (גשר תעתיק)","2","","IL","","1","25/26","0","","",""
"חיפהdle","ליסב עיסאת","142938","מאושר","","התאחדות · worldfootball · קטגוריה · קריירה-עברית · קריירה-אנגלית · Transfermarkt","5","DF","IL","2005","1","25/26","0","","",""
"חיפהdle","מור סעדו","152256","מקור יחיד","נמוך","התאחדות","1","","IL","","1","25/26","0","","",""
"חיפהdle","מיכאל אוחנה","68383","מאושר","","התאחדות · worldfootball · קטגוריה · קריירה-עברית · קריירה-אנגלית · Transfermarkt","5","FW","IL","1995","1","25/26","0","","",""
"חיפהdle","מנואל בנסון","","מאושר","","worldfootball · קטגוריה · קריירה-אנגלית · Transfermarkt","4","FW","AO","1997","1","25/26","0","","",""
"חיפהdle","סדריק דון","249032","מאושר","","התאחדות · worldfootball · קריירה-אנגלית · Transfermarkt","4","MF","CI","2004","1","25/26","0","","",""
"חיפהdle","פיטר אגבה","307856","מאושר","","התאחדות · worldfootball (גשר תעתיק) · קטגוריה · קריירה-עברית · Transfermarkt","4","MF","NG","2002","1","25/26","0","","",""
"חיפהdle","קנג'י חורה","302847","מאושר","","התאחדות · worldfootball · קטגוריה · קריירה-עברית · קריירה-אנגלית · Transfermarkt","5","FW","NL","1994","1","25/26","0","","",""
"הפועלdle","ג'ורג' בורבה","","מאושר","","worldfootball · קטגוריה · קריירה-עברית · קריירה-אנגלית · Transfermarkt","4","MF","IL","1944","3","69/70-71/72","1","כן","35",""
"הפועלdle","דוד פרימו","","מאושר","","worldfootball · קטגוריה · קריירה-עברית · קריירה-אנגלית · Transfermarkt","4","DF","IL","1946","6","69/70-74/75","1","כן","84",""
"הפועלdle","יחזקאל חזום","","מאושר","","worldfootball (גשר תעתיק) · קטגוריה · קריירה-עברית · קריירה-אנגלית · Transfermarkt","4","FW","IL","1947","8","69/70-76/77","1","כן","33",""
"הפועלdle","רפעת טורק","","מאושר","","worldfootball · קטגוריה · קריירה-עברית · קריירה-אנגלית · Transfermarkt","4","MF","IL","1954","12","72/73-83/84","2","כן","45",""
"הפועלdle","גילי לנדאו","","מאושר","","worldfootball · קטגוריה · קריירה-עברית · קריירה-אנגלית · Transfermarkt","4","FW","IL","1958","15","75/76-89/90","4","כן","54",""
"הפועלdle","יוסי זאנה","","מאושר","","worldfootball · קטגוריה · קריירה-עברית · קריירה-אנגלית · Transfermarkt","4","DF","IL","1957","10","79/80-88/89","4","כן","13",""
"הפועלdle","משה סיני","","מאושר","","worldfootball · קטגוריה · קריירה-עברית · קריירה-אנגלית · Transfermarkt","4","MF","IL","1961","11","80/81-86/87, 88/89, 90/91-92/93","3","כן","26",""
"הפועלdle","אלי אוזן","","מאושר","","worldfootball · קטגוריה · קריירה-עברית · קריירה-אנגלית · Transfermarkt","4","DF","IL","1963","8","84/85-91/92","2","כן","39",""
"הפועלdle","יעקב כהן","","מאושר","","worldfootball · קטגוריה · קריירה-עברית","2","DF","IL","1956","2","84/85-85/86","1","","",""
"הפועלdle","דוד פיזנטי","","מאושר","","worldfootball · קטגוריה · קריירה-עברית · קריירה-אנגלית · Transfermarkt","4","DF","IL","1962","1","86/87","0","","",""
"הפועלdle","יוסי אבוקסיס","13395","מאושר","","התאחדות · worldfootball · קטגוריה · קריירה-עברית · קריירה-אנגלית · Transfermarkt","5","MF","IL","1970","12","87/88-92/93, 01/02-06/07","3","כן","2",""
"הפועלdle","פליקס חלפון","","מאושר","","worldfootball · קטגוריה · קריירה-עברית · קריירה-אנגלית · Transfermarkt","4","DF","IL","1972","7","88/89-93/94, 96/97","0","כן","36",""
"הפועלdle","אלון מזרחי","","מאושר","","worldfootball · קטגוריה · קריירה-עברית · קריירה-אנגלית · Transfermarkt","4","FW","IL","1971","1","90/91","0","","",""
"הפועלdle","אייל בן עמי","15677","מאושר","","התאחדות · worldfootball · קטגוריה · קריירה-עברית · קריירה-אנגלית · Transfermarkt","5","DF","IL","1976","9","93/94-99/00, 02/03-03/04","3","כן","60",""
"הפועלdle","דמיאן לוקאשיק","","מאושר","","worldfootball · קטגוריה · קריירה-עברית · קריירה-אנגלית · Transfermarkt","4","DF","PL","1964","2","93/94-94/95","0","","",""
"הפועלdle","חיים רביבו","","מאושר","","worldfootball · קטגוריה · קריירה-עברית · קריירה-אנגלית · Transfermarkt","4","MF","IL","1972","1","93/94","0","","",""
"הפועלdle","ירון בן דב","","מאושר","","worldfootball · קטגוריה · קריירה-עברית · קריירה-אנגלית · Transfermarkt","4","DF","IL","1971","1","93/94","0","","",""
"הפועלdle","ירוסלב באקו","","מאושר","","worldfootball · קטגוריה · קריירה-עברית · קריירה-אנגלית · Transfermarkt","4","GK","PL","1964","3","93/94-95/96","0","כן","3",""
"הפועלdle","שרון מימר","","מאושר","","worldfootball · קטגוריה · קריירה-עברית · קריירה-אנגלית · Transfermarkt","4","MF","IL","1973","4","93/94-96/97","0","כן","58",""
"הפועלdle","תומר אליהו","15674","מאושר","","התאחדות · worldfootball · קטגוריה · קריירה-עברית · קריירה-אנגלית · Transfermarkt","5","DF","IL","1975","7","93/94-97/98, 02/03, 04/05","0","כן","8",""
"הפועלdle","גיא שרעבי","","מאושר","","worldfootball · קטגוריה · קריירה-עברית · קריירה-אנגלית · Transfermarkt","4","DF","IL","1969","3","94/95-96/97","0","כן","77",""
"הפועלdle","דוד אמסלם","","מאושר","","worldfootball (גשר תעתיק) · קטגוריה · קריירה-עברית · Transfermarkt","3","DF","IL","1971","1","94/95","0","","",""
"הפועלdle","יעקב שוורץ","","מאושר","","worldfootball (גשר תעתיק) · קטגוריה · קריירה-עברית · קריירה-אנגלית · Transfermarkt","4","MF","IL","1964","2","94/95-95/96","0","","",""
"הפועלdle","קז'ימיש מוסקאל","","מאושר","","worldfootball (גשר תעתיק) · קטגוריה · קריירה-עברית · קריירה-אנגלית · Transfermarkt","4","MF","PL","1967","3","94/95-96/97","0","כן","95",""
"הפועלdle","ניסו אביטן","","מאושר","","worldfootball · קטגוריה · קריירה-עברית · Transfermarkt","3","MF","IL","1971","2","95/96-96/97","0","","",""
"הפועלdle","סרגיי פוגודין","","מאושר","","worldfootball (גשר תעתיק) · קטגוריה · קריירה-עברית · קריירה-אנגלית · Transfermarkt","4","MF","UA","1968","3","95/96-97/98","0","כן","80",""
"הפועלdle","שמעון גרשון","13404","מאושר","","התאחדות · worldfootball · קטגוריה · קריירה-עברית · קריירה-אנגלית · Transfermarkt","5","DF","IL","1977","11","95/96-05/06","4","כן","17",""
"הפועלdle","אלון חזן","","מאושר","","worldfootball · קטגוריה · קריירה-עברית · קריירה-אנגלית · Transfermarkt","4","MF","IL","1967","1","96/97","0","","",""
"הפועלdle","שביט אלימלך","13398","מאושר","","התאחדות · worldfootball · קטגוריה · קריירה-עברית · קריירה-אנגלית · Transfermarkt","5","GK","IL","1971","11","96/97-06/07","5","כן","7",""
"הפועלdle","שלום תקווה","","מאושר","","worldfootball · קטגוריה · קריירה-עברית · קריירה-אנגלית · Transfermarkt","4","FW","IL","1965","4","96/97-99/00","3","כן","29",""
"הפועלdle","אסי דומב","13406","מאושר","","התאחדות · worldfootball · קטגוריה · קריירה-עברית · קריירה-אנגלית · Transfermarkt","5","DF","IL","1974","6","97/98, 00/01-02/03, 04/05-05/06","1","כן","20",""
"הפועלdle","זיו קבדה","","מאושר","","worldfootball · קטגוריה · קריירה-עברית · קריירה-אנגלית · Transfermarkt","4","MF","IL","1978","3","97/98-99/00","3","כן","83",""
"הפועלdle","כפיר אודי","","מאושר","","worldfootball · קטגוריה · קריירה-עברית · קריירה-אנגלית · Transfermarkt","4","FW","IL","1979","7","97/98-02/03, 06/07","4","כן","52",""
"הפועלdle","סבסטיאן סימרוטיץ'","","מאושר","","worldfootball · קטגוריה · קריירה-עברית · קריירה-אנגלית · Transfermarkt","4","FW","SI","1974","3","97/98-99/00","3","כן","44",""
"הפועלdle","עופר שטרית","","מאושר","","worldfootball · קטגוריה · קריירה-עברית · קריירה-אנגלית · Transfermarkt","4","FW","IL","1970","1","97/98","0","","",""
"הפועלdle","גאבור מרטון","","מאושר","","worldfootball · קטגוריה · קריירה-עברית · קריירה-אנגלית · Transfermarkt","4","MF","HU","1966","1","98/99","1","","",""
"הפועלdle","דאבור רופניק","","מאושר","","worldfootball · קטגוריה · קריירה-עברית · קריירה-אנגלית · Transfermarkt","4","MF","HR","1971","2","98/99-99/00","3","","",""
"הפועלdle","יעקב הלל","13407","מאושר","","התאחדות · worldfootball · קטגוריה · קריירה-עברית","3","DF","IL","1966","5","98/99-02/03","3","כן","15",""
"הפועלdle","ישראל כהן","","מאושר","","worldfootball · קטגוריה · קריירה-עברית · Transfermarkt","3","DF","IL","1971","2","98/99-99/00","3","","",""
"הפועלdle","סלים טועמה","13414","מאושר","","התאחדות · worldfootball · קטגוריה · קריירה-עברית · קריירה-אנגלית · Transfermarkt","5","MF","IL","1979","11","98/99-02/03, 06/07, 10/11-14/15","6","כן","51",""
"הפועלdle","עידן טל","","מאושר","","worldfootball · קטגוריה · קריירה-עברית · קריירה-אנגלית · Transfermarkt","4","MF","IL","1975","1","98/99","1","","",""
"הפועלdle","פיני בלילי","13403","מאושר","","התאחדות · worldfootball · קטגוריה · קריירה-עברית · קריירה-אנגלית · Transfermarkt","5","FW","IL","1979","5","98/99-02/03","3","כן","6",""
"הפועלdle","אילן בכר","13402","מאושר","","התאחדות · worldfootball · קטגוריה · קריירה-עברית · קריירה-אנגלית · Transfermarkt","5","DF","IL","1975","4","99/00-02/03","2","כן","25",""
"הפועלdle","אישטוון פישונט","","מאושר","","worldfootball · קטגוריה · קריירה-עברית · קריירה-אנגלית · Transfermarkt","4","MF","HU","1970","3","99/00-01/02","2","כן","67",""
"הפועלdle","בן לוז","13416","מאושר","","התאחדות · worldfootball · קטגוריה · קריירה-עברית · קריירה-אנגלית · Transfermarkt","5","MF","UA","1978","5","99/00-02/03, 08/09","2","כן","31",""
"הפועלdle","דיאן ראצ'וניצה","","מאושר","","worldfootball · קטגוריה · קריירה-עברית · קריירה-אנגלית · Transfermarkt","4","MF","HR","1969","1","99/00","2","","",""
"הפועלdle","יגאל אנטבי","13399","מאושר","","התאחדות · worldfootball · קטגוריה · קריירה-עברית · קריירה-אנגלית · Transfermarkt","5","DF","IL","1974","14","99/00-08/09, 11/12-14/15","5","כן","74",""
"הפועלdle","עמרי אפק","13400","מאושר","","התאחדות · worldfootball · קטגוריה · קריירה-עברית · קריירה-אנגלית · Transfermarkt","5","MF","IL","1979","4","99/00-02/03","2","כן","4",""
"הפועלdle","רונן חרזי","","מאושר","","worldfootball · קטגוריה · קריירה-עברית · קריירה-אנגלית · Transfermarkt","4","FW","IL","1970","1","99/00","2","","",""
"הפועלdle","גאבור הולמאי","","מאושר","","worldfootball · קטגוריה · קריירה-עברית · קריירה-אנגלית · Transfermarkt","4","MF","HU","1972","3","00/01-02/03","0","כן","71",""
"הפועלdle","דודו דהאן","","מאושר","","worldfootball · קטגוריה · קריירה-עברית · קריירה-אנגלית · Transfermarkt","4","FW","IL","1971","2","00/01-01/02","0","","",""
"הפועלdle","מילאן אוסטרץ","","מאושר","","worldfootball · קטגוריה · קריירה-עברית · קריירה-אנגלית · Transfermarkt","4","FW","SI","1975","2","00/01-01/02","0","","",""
"הפועלdle","אבי כנפו","","מאושר","","worldfootball · קטגוריה · קריירה-עברית · קריירה-אנגלית · Transfermarkt","4","FW","IL","1982","3","01/02-03/04","0","כן","70",""
"הפועלdle","סרגיי קלשצ'נקו","","מאושר","","worldfootball · קטגוריה · קריירה-עברית · קריירה-אנגלית · Transfermarkt","4","FW","MD","1972","2","01/02-02/03","0","","",""
"הפועלdle","קלמי סבן","13417","מאושר","","התאחדות · worldfootball · קטגוריה · קריירה-עברית · קריירה-אנגלית · Transfermarkt","5","DF","IL","1980","3","01/02-03/04","0","כן","34",""
"הפועלdle","אבי אזולאי","13332","מקור יחיד","נמוך","התאחדות","1","","IL","","2","02/03-03/04","0","","",""
"הפועלdle","אבי קנפו","13422","מאושר","","התאחדות · worldfootball (גשר תעתיק) · Transfermarkt","3","","IL","","2","02/03, 04/05","0","","",""
"הפועלdle","אביב אלחדד","17233","מקור יחיד","נמוך","התאחדות","1","","IL","","1","02/03","0","","",""
"הפועלdle","אביב וולנרמן","13376","מקור יחיד","נמוך","התאחדות","1","","IL","","1","02/03","0","","",""
"הפועלdle","אודי כפיר","13415","מאושר","","התאחדות · worldfootball (גשר תעתיק) · Transfermarkt","3","","IL","","2","02/03, 06/07","1","","",""
"הפועלdle","אוהד צור","13420","מקור יחיד","נמוך","התאחדות","1","","IL","","1","02/03","0","","",""
"הפועלdle","איל אחואן","33459","מקור יחיד","נמוך","התאחדות","1","","IL","","1","02/03","0","","",""
"הפועלdle","אלון חלפון","13262","מאושר","","התאחדות · worldfootball · קטגוריה · קריירה-עברית · קריירה-אנגלית · Transfermarkt","5","DF","IL","1973","3","02/03-04/05","0","כן","18",""
"הפועלdle","בני חדאד","13410","מאושר","","התאחדות · worldfootball (גשר תעתיק)","2","","IL","","1","02/03","0","","",""
"הפועלdle","גליל בן שאנן","13371","מאושר","","התאחדות · worldfootball (גשר תעתיק) · קטגוריה · קריירה-עברית · קריירה-אנגלית · Transfermarkt","5","GK","IL","1982","5","02/03-03/04, 06/07-07/08, 10/11","2","כן","76",""
"הפועלdle","הלמאיי גאבור","13408","מאושר","","התאחדות · worldfootball (גשר תעתיק) · Transfermarkt","3","","","","1","02/03","0","","",""
"הפועלdle","וולטון סילבה","34325","מאושר","","התאחדות · Transfermarkt","2","","","","1","02/03","0","","",""
"הפועלdle","זאב חיימוביץ'","17244","מאושר","","התאחדות · קטגוריה · קריירה-עברית · קריירה-אנגלית","3","DF","IL","1983","3","02/03, 04/05, 13/14","0","כן","11",""
"הפועלdle","זר /","13396","מקור יחיד","נמוך","התאחדות","1","","IL","","1","02/03","0","","",""
"הפועלdle","יוסף אובה","14158","מקור יחיד","נמוך","התאחדות","1","","IL","","1","02/03","0","","",""
"הפועלdle","יניב בן ניסן","17236","מקור יחיד","נמוך","התאחדות","1","","IL","","1","02/03","0","","",""
"הפועלdle","יעקב שאלו","1549","מקור יחיד","נמוך","התאחדות","1","","IL","","2","02/03, 04/05","0","","",""
"הפועלdle","ניר חדד","13411","מקור יחיד","נמוך","התאחדות","1","","IL","","1","02/03","0","","",""
"הפועלdle","ניר רחמין","13424","מאושר","","התאחדות · worldfootball · קטגוריה · קריירה-עברית · Transfermarkt","4","FW","NG","1980","3","02/03-03/04, 05/06","1","כן","94","nnb / acb lagos / asec mimosas / rc bafoussam / acb lagos"
"הפועלdle","עזרי בבייב","13401","מקור יחיד","נמוך","התאחדות","1","","IL","","1","02/03","0","","",""
"הפועלdle","צבי קוטלר","4399","מאושר","","התאחדות · worldfootball (גשר תעתיק)","2","","IL","","1","02/03","0","","",""
"הפועלdle","קלשנקו סרגיי","13421","מאושר","","התאחדות · worldfootball (גשר תעתיק) · Transfermarkt","3","","","","1","02/03","0","","",""
"הפועלdle","רונן זליג","13409","מקור יחיד","נמוך","התאחדות","1","","IL","","1","02/03","0","","",""
"הפועלdle","רועי חזן","13412","מקור יחיד","נמוך","התאחדות","1","","IL","","1","02/03","0","","",""
"הפועלdle","רחמים חלייס","13413","מקור יחיד","נמוך","התאחדות","1","","IL","","4","02/03-05/06","1","","",""
"הפועלdle","שגיא זינגר","52","מקור יחיד","נמוך","התאחדות","1","","IL","","1","02/03","0","","",""
"הפועלdle","שי אבוטבול","17232","מאושר","","התאחדות · worldfootball · קטגוריה · קריירה-עברית · קריירה-אנגלית · Transfermarkt","5","MF","IL","1983","13","02/03-14/15","6","כן","86",""
"הפועלdle","אורי קרגולה","15009","מאושר","","התאחדות · worldfootball (גשר תעתיק) · קטגוריה · קריירה-עברית · קריירה-אנגלית · Transfermarkt","5","FW","IL","1978","1","03/04","0","","",""
"הפועלdle","איבה אוגובונה","49984","מקור יחיד","נמוך","התאחדות","1","","IL","","4","03/04-06/07","2","","",""
"הפועלdle","איבזיטו אוגבונה","","מאושר","","worldfootball · קטגוריה · קריירה-עברית · קריירה-אנגלית · Transfermarkt","4","FW","NG","1983","4","03/04-06/07","2","כן","88",""
"הפועלdle","גיא כוואז","17248","מאושר","","התאחדות · worldfootball (גשר תעתיק) · Transfermarkt","3","","IL","","2","03/04-04/05","0","","",""
"הפועלdle","גיא סלם","17256","מאושר","","התאחדות · worldfootball (גשר תעתיק) · Transfermarkt","3","","IL","","3","03/04-05/06","1","","",""
"הפועלdle","טל חן","1627","מאושר","","התאחדות · worldfootball · קטגוריה · קריירה-עברית · קריירה-אנגלית · Transfermarkt","5","DF","IL","1979","5","03/04-07/08","2","כן","89",""
"הפועלdle","יאיר צדק","33339","מאושר","","התאחדות · worldfootball (גשר תעתיק)","2","","IL","","2","03/04-04/05","0","","",""
"הפועלdle","יוסי רוזן","13323","מאושר","","התאחדות · קטגוריה · קריירה-עברית","2","MF","IL","1979","2","03/04-04/05","0","","",""
"הפועלdle","יצחק בוחבוט","17235","מקור יחיד","נמוך","התאחדות","1","","IL","","1","03/04","0","","",""
"הפועלdle","כפיר אדרי","13274","מאושר","","התאחדות · worldfootball · קטגוריה · קריירה-עברית · קריירה-אנגלית · Transfermarkt","5","MF","IL","1976","2","03/04-04/05","0","","",""
"הפועלdle","לריאה קינגסטון","50433","מאושר","","התאחדות · worldfootball · קטגוריה · קריירה-עברית · קריירה-אנגלית · Transfermarkt","5","MF","GH","1980","1","03/04","0","","",""
"הפועלdle","פבריציו פאריירה","49873","מאושר","","התאחדות · worldfootball (גשר תעתיק) · Transfermarkt","3","","IL","","1","03/04","0","","",""
"הפועלdle","רובן פאבלו","49874","מקור יחיד","נמוך","התאחדות","1","","","","1","03/04","0","","",""
"הפועלdle","רמי אבולבן","13272","מאושר","","התאחדות · worldfootball (גשר תעתיק) · Transfermarkt","3","","IL","","1","03/04","0","","",""
"הפועלdle","שרון בן מוחה","17238","מאושר","","התאחדות · worldfootball (גשר תעתיק) · Transfermarkt","3","","IL","","1","03/04","0","","",""
"הפועלdle","אילונגו נגאסניה","62177","מאושר","","התאחדות · worldfootball (גשר תעתיק) · Transfermarkt","3","","IL","","1","04/05","0","","",""
"הפועלdle","ברק בדש","13689","מאושר","","התאחדות · worldfootball · קטגוריה · קריירה-עברית · קריירה-אנגלית · Transfermarkt","5","MF","BR","1982","1","04/05","0","","",""
"הפועלdle","ג'ון פנטסיל","41769","מאושר","","התאחדות · worldfootball · קטגוריה · קריירה-עברית · קריירה-אנגלית · Transfermarkt","5","DF","GH","1981","3","04/05-05/06, 12/13","1","כן","73",""
"הפועלdle","גיא צרפתי","1639","מאושר","","התאחדות · worldfootball (גשר תעתיק) · קטגוריה · קריירה-עברית · קריירה-אנגלית · Transfermarkt","5","MF","IL","1979","1","04/05","0","","",""
"הפועלdle","מבאלה ביסקוט","62176","מקור יחיד","נמוך","התאחדות","1","","IL","","1","04/05","0","","",""
"הפועלdle","משה והבה","37101","מקור יחיד","נמוך","התאחדות","1","","IL","","1","04/05","0","","",""
"הפועלdle","עימנואל איילה","16288","מאושר","","התאחדות · Transfermarkt","2","","IL","","1","04/05","0","","",""
"הפועלdle","עמר מנצור","16302","מאושר","","התאחדות · Transfermarkt","2","","IL","","2","04/05, 07/08","0","","",""
"הפועלdle","רומן פאסיליוק","62181","מאושר","","התאחדות · worldfootball (גשר תעתיק) · Transfermarkt","3","FW","IL","1978","1","04/05","0","","",""
"הפועלdle","רוסלו שקורוב","4940","מקור יחיד","נמוך","התאחדות","1","","IL","","1","04/05","0","","",""
"הפועלdle","אדיפימי אוליבאיו","55367","מאושר","","התאחדות · Transfermarkt","2","","IL","","1","05/06","1","","",""
"הפועלdle","אליניב ברדה","13280","מאושר","","התאחדות · worldfootball · קטגוריה · קריירה-עברית · קריירה-אנגלית · Transfermarkt","5","FW","IL","1981","2","05/06-06/07","2","","",""
"הפועלdle","ברוך דגו","34050","מאושר","","התאחדות · קטגוריה · קריירה-עברית · קריירה-אנגלית · Transfermarkt","4","MF","IL","1982","3","05/06-07/08","2","כן","43",""
"הפועלdle","גילי ורמוט","22107","מאושר","","התאחדות · worldfootball · קטגוריה · קריירה-עברית · קריירה-אנגלית · Transfermarkt","5","MF","IL","1985","7","05/06-06/07, 08/09-10/11, 12/13-13/14","5","כן","63",""
"הפועלdle","ואליד באדיר","108","מאושר","","התאחדות · worldfootball · קטגוריה · קריירה-עברית · קריירה-אנגלית · Transfermarkt","5","MF","IL","1974","8","05/06-12/13","6","כן","62",""
"הפועלdle","חנן אלקיים","16313","מקור יחיד","נמוך","התאחדות","1","","IL","","1","05/06","1","","",""
"הפועלdle","יקיר לוסקי","14637","מאושר","","התאחדות · Transfermarkt","2","","IL","","2","05/06-06/07","2","","",""
"הפועלdle","עומר פרץ","14646","מאושר","","התאחדות · worldfootball · קטגוריה · קריירה-עברית · קריירה-אנגלית · Transfermarkt","5","DF","IL","1986","1","05/06","1","","",""
"הפועלdle","פליקס אוגבוקה","55456","מאושר","","התאחדות · worldfootball (גשר תעתיק) · Transfermarkt","3","","IL","","1","05/06","1","","",""
"הפועלdle","איבאן יוליץ","71895","מקור יחיד","נמוך","התאחדות","1","","IL","","1","06/07","1","","",""
"הפועלdle","איוואן יוליץ'","","מאושר","","worldfootball · קטגוריה · קריירה-עברית · קריירה-אנגלית · Transfermarkt","4","FW","BA","1980","1","06/07","1","","",""
"הפועלdle","ביברס נאתכו","17737","מאושר","","התאחדות · worldfootball · קטגוריה · קריירה-עברית · קריירה-אנגלית · Transfermarkt","5","MF","IL","1988","3","06/07-08/09","1","כן","79",""
"הפועלdle","גל שיש","12924","מאושר","","התאחדות · worldfootball · קטגוריה · קריירה-עברית · קריירה-אנגלית · Transfermarkt","5","DF","IL","1989","8","06/07-11/12, 15/16-16/17","5","כן","46",""
"הפועלdle","דה קטזור","79345","מקור יחיד","נמוך","התאחדות","1","","IL","","1","06/07","1","","",""
"הפועלdle","דני בונדר","10147","מאושר","","התאחדות · worldfootball · קטגוריה · קריירה-עברית · קריירה-אנגלית · Transfermarkt","5","DF","IL","1987","5","06/07-10/11","4","כן","28",""
"הפועלdle","חאבייר פאס","71896","מאושר","","התאחדות · worldfootball · קטגוריה · קריירה-עברית · קריירה-אנגלית · Transfermarkt","5","DF","AR","1975","1","06/07","1","","",""
"הפועלdle","לוסיאנו דה ברונו","71894","מאושר","","התאחדות · worldfootball · קטגוריה · קריירה-עברית · קריירה-אנגלית · Transfermarkt","5","MF","AR","1978","1","06/07","1","","",""
"הפועלdle","מאיר פרץ","4433","מאושר","","התאחדות · worldfootball · קטגוריה · קריירה-עברית · קריירה-אנגלית · Transfermarkt","5","DF","IL","1983","1","06/07","1","","",""
"הפועלdle","ניל אברבנאל","31321","מאושר","","התאחדות · worldfootball (גשר תעתיק) · Transfermarkt","3","","IL","","2","06/07, 09/10","3","","",""
"הפועלdle","רמי דואני","14650","מאושר","","התאחדות · worldfootball · קטגוריה · קריירה-עברית · קריירה-אנגלית · Transfermarkt","5","MF","IL","1987","3","06/07-07/08, 10/11","2","כן","5",""
"הפועלdle","תומר חליבה","","מאושר","","worldfootball · קטגוריה · קריירה-עברית · קריירה-אנגלית · Transfermarkt","4","DF","IL","1979","1","06/07","1","","",""
"הפועלdle","אומות גוזלסש","14649","מאושר","","התאחדות · worldfootball (גשר תעתיק) · Transfermarkt","3","","IL","","1","07/08","0","","",""
"הפועלdle","איתי אלקסלסי","26146","מאושר","","התאחדות · worldfootball (גשר תעתיק) · קטגוריה · קריירה-עברית · קריירה-אנגלית · Transfermarkt","5","MF","IL","1988","1","07/08","0","","",""
"הפועלdle","אלין טופוזאקוב","92804","מאושר","","התאחדות · worldfootball · קטגוריה · קריירה-עברית · קריירה-אנגלית · Transfermarkt","5","DF","BG","1977","2","07/08-08/09","0","","",""
"הפועלdle","אליעד דדון","17722","מקור יחיד","נמוך","התאחדות","1","","IL","","1","07/08","0","","",""
"הפועלdle","אשר טובי","17732","מקור יחיד","נמוך","התאחדות","1","","IL","","1","07/08","0","","",""
"הפועלdle","דמיטר טלקיסקי","92809","מאושר","","התאחדות · worldfootball (גשר תעתיק) · Transfermarkt","3","","IL","","2","07/08-08/09","0","","",""
"הפועלdle","וינסנט אניימה","63688","מאושר","","התאחדות · worldfootball · קטגוריה · קריירה-עברית · קריירה-אנגלית · Transfermarkt","5","GK","NG","1982","4","07/08-10/11","3","כן","78",""
"הפועלdle","מאיר אסור","17717","מקור יחיד","נמוך","התאחדות","1","","IL","","1","07/08","0","","",""
"הפועלdle","מזואה אנסומבו","","מאושר","","worldfootball · קטגוריה · קריירה-עברית · קריירה-אנגלית · Transfermarkt","4","MF","CD","1982","1","07/08","0","","",""
"הפועלdle","נסומבו מזואה","50519","מאושר","","התאחדות · worldfootball (גשר תעתיק) · Transfermarkt","3","","IL","","1","07/08","0","","",""
"הפועלdle","עדי סבג","16304","מאושר","","התאחדות · worldfootball (גשר תעתיק) · Transfermarkt","3","","IL","","1","07/08","0","","",""
"הפועלdle","עומרי קנדה","17226","מאושר","","התאחדות · worldfootball · קטגוריה · קריירה-עברית · קריירה-אנגלית · Transfermarkt","5","DF","IL","1986","5","07/08-11/12","4","כן","85",""
"הפועלdle","עידן סרור","29855","מאושר","","התאחדות · worldfootball · קטגוריה · קריירה-עברית · קריירה-אנגלית · Transfermarkt","5","MF","IL","1986","2","07/08-08/09","0","","",""
"הפועלdle","פאביו ג'וניור פריירה","84007","מאושר","","התאחדות · קטגוריה · קריירה-עברית · קריירה-אנגלית","3","FW","IL","1977","1","07/08","0","","",""
"הפועלdle","ראובן עובד","1774","מאושר","","התאחדות · worldfootball · קטגוריה · קריירה-עברית · קריירה-אנגלית · Transfermarkt","5","MF","IL","1983","1","07/08","0","","",""
"הפועלdle","רועי דיין","85325","מאושר","","התאחדות · worldfootball · קטגוריה · קריירה-עברית · קריירה-אנגלית · Transfermarkt","5","FW","IL","1984","2","07/08, 16/17","0","","",""
"הפועלdle","שלומי ארבייטמן","26717","מאושר","","התאחדות · קטגוריה · קריירה-עברית · קריירה-אנגלית · Transfermarkt","4","FW","IL","1985","1","07/08","0","","",""
"הפועלdle","אביחי ידין","19305","מאושר","","התאחדות · worldfootball · קטגוריה · קריירה-עברית · קריירה-אנגלית · Transfermarkt","5","DF","IL","1986","8","08/09-12/13, 15/16-17/18","4","כן","81",""
"הפועלdle","אריק ינקו","14200","מאושר","","התאחדות · worldfootball · קטגוריה · קריירה-עברית · קריירה-אנגלית · Transfermarkt","5","GK","IL","1991","7","08/09-10/11, 13/14, 17/18-19/20","3","כן","14",""
"הפועלdle","דוגלאס דה סילבה","55360","מאושר","","התאחדות · worldfootball (גשר תעתיק) · Transfermarkt","3","","IL","","2","08/09-09/10","2","","",""
"הפועלdle","ויקטור מרעי","24030","מאושר","","התאחדות · worldfootball · קטגוריה · קריירה-עברית · קריירה-אנגלית · Transfermarkt","5","FW","IL","1989","4","08/09-10/11, 12/13","3","כן","68",""
"הפועלdle","טלהון איילה","12899","מקור יחיד","נמוך","התאחדות","1","","IL","","1","08/09","0","","",""
"הפועלdle","יהודה חוטה","12911","מקור יחיד","נמוך","התאחדות","1","","IL","","3","08/09-09/10, 11/12","3","","",""
"הפועלdle","יניב מזרחי","260","מאושר","","התאחדות · קטגוריה · קריירה-עברית","2","GK","IL","1978","1","08/09","0","","",""
"הפועלdle","ליאור בקשי","32981","מאושר","","התאחדות · worldfootball (גשר תעתיק) · Transfermarkt","3","","IL","","1","08/09","0","","",""
"הפועלdle","מהראן אל לאלה","2650","מאושר","","התאחדות · worldfootball (גשר תעתיק) · Transfermarkt","3","","IL","","4","08/09-11/12","4","","",""
"הפועלdle","מהראן לאלא","","מאושר","","worldfootball (גשר תעתיק) · קטגוריה · קריירה-עברית · קריירה-אנגלית · Transfermarkt","4","FW","IL","1982","4","08/09-11/12","4","כן","10",""
"הפועלdle","סמואל יבואה","70719","מאושר","","התאחדות · worldfootball · קטגוריה · קריירה-עברית · קריירה-אנגלית · Transfermarkt","5","FW","GH","1986","2","08/09-09/10","2","","",""
"הפועלdle","עדן בן בסט","7208","מאושר","","התאחדות · worldfootball · קטגוריה · קריירה-עברית · קריירה-אנגלית · Transfermarkt","5","FW","IL","1986","1","08/09","0","","",""
"הפועלdle","ערן זהבי","14064","מאושר","","התאחדות · worldfootball · קטגוריה · קריירה-עברית · קריירה-אנגלית · Transfermarkt","5","FW","IL","1987","3","08/09-10/11","3","כן","93",""
"הפועלdle","איתי שכטר","33841","מאושר","","התאחדות · worldfootball · קטגוריה · קריירה-עברית · קריירה-אנגלית · Transfermarkt","5","FW","IL","1987","2","09/10-10/11","3","","",""
"הפועלdle","אסף כהן","23234","מקור יחיד","נמוך","התאחדות","1","","IL","","1","09/10","2","","",""
"הפועלdle","בוגאן ורוצינה","112050","מאושר","","התאחדות · worldfootball (גשר תעתיק) · Transfermarkt","3","","IL","","1","09/10","2","","",""
"הפועלdle","בויאן ורוצ'ינה","","מאושר","","worldfootball · קטגוריה · קריירה-עברית · קריירה-אנגלית · Transfermarkt","4","FW","HR","1984","1","09/10","2","","",""
"הפועלdle","דדי בן דיין","1414","מאושר","","התאחדות · worldfootball · קטגוריה · קריירה-עברית · קריירה-אנגלית · Transfermarkt","5","DF","IL","1978","2","09/10-10/11","3","","",""
"הפועלdle","דניאל דה רידר","111923","מאושר","","התאחדות · worldfootball · קטגוריה · קריירה-עברית · קריירה-אנגלית · Transfermarkt","5","FW","NL","1984","1","09/10","2","","",""
"הפועלdle","זוראב מנטשאשווילי","103953","מאושר","","התאחדות · worldfootball · קטגוריה · קריירה-עברית · קריירה-אנגלית · Transfermarkt","5","MF","GE","1980","1","09/10","2","","",""
"הפועלdle","מור שושן","9595","מקור יחיד","נמוך","התאחדות","1","","IL","","3","09/10, 11/12-12/13","3","","",""
"הפועלdle","מיכאל זנדברג","","מאושר","","worldfootball · קטגוריה · קריירה-עברית · קריירה-אנגלית · Transfermarkt","4","MF","IL","1980","1","09/10","2","","",""
"הפועלdle","נמניה ווצ'יצ'ביץ'","105463","מאושר","","התאחדות · worldfootball · קטגוריה · קריירה-עברית · קריירה-אנגלית · Transfermarkt","5","FW","RS","1979","1","09/10","2","","",""
"הפועלdle","רועי גורדנה","10213","מאושר","","התאחדות · worldfootball · קטגוריה · קריירה-עברית · קריירה-אנגלית · Transfermarkt","5","MF","IL","1990","4","09/10, 11/12-13/14","3","כן","32",""
"הפועלdle","איוב אבו סבית","16601","מקור יחיד","נמוך","התאחדות","1","","IL","","1","10/11","1","","",""
"הפועלdle","איתמר ניצן","1898","מאושר","","התאחדות · worldfootball (גשר תעתיק) · קטגוריה · קריירה-עברית · קריירה-אנגלית · Transfermarkt","5","GK","IL","1987","1","10/11","1","","",""
"הפועלdle","אלרואי כהן","31869","מאושר","","התאחדות · worldfootball (גשר תעתיק) · קטגוריה · קריירה-עברית · קריירה-אנגלית · Transfermarkt","5","MF","IL","1989","3","10/11-12/13","2","כן","37",""
"הפועלdle","ארתור אטצזיאנוב","16603","מאושר","","התאחדות · Transfermarkt","2","","IL","","2","10/11-11/12","2","","",""
"הפועלdle","בבאן פרנסמן","94442","מאושר","","התאחדות · worldfootball (גשר תעתיק) · Transfermarkt","3","","IL","","2","10/11-11/12","2","","",""
"הפועלdle","ביוואן פרנסמן","","מאושר","","worldfootball · קטגוריה · קריירה-עברית · קריירה-אנגלית · Transfermarkt","4","DF","ZA","1983","2","10/11-11/12","2","","",""
"הפועלdle","בן שהר","12922","מאושר","","התאחדות · worldfootball · קטגוריה · קריירה-עברית · קריירה-אנגלית · Transfermarkt","5","FW","IL","1989","2","10/11, 24/25","1","","",""
"הפועלdle","גל מאיו","22708","מקור יחיד","נמוך","התאחדות","1","","IL","","1","10/11","1","","",""
"הפועלdle","טוטו תמוז","23161","מאושר","","התאחדות · worldfootball · קטגוריה · קריירה-עברית · קריירה-אנגלית · Transfermarkt","5","FW","IL","1988","4","10/11-12/13, 16/17","2","כן","92",""
"הפועלdle","יוסי שבחון","13327","מאושר","","התאחדות · worldfootball · קטגוריה · קריירה-עברית · קריירה-אנגלית · Transfermarkt","5","MF","IL","1982","1","10/11","1","","",""
"הפועלdle","מריו פצ'אלקה","122552","מאושר","","התאחדות · worldfootball · קטגוריה · קריירה-עברית · קריירה-אנגלית · Transfermarkt","5","DF","SK","1980","1","10/11","1","","",""
"הפועלdle","עדן שרם","25642","מאושר","","התאחדות · worldfootball · קטגוריה · קריירה-עברית · קריירה-אנגלית · Transfermarkt","5","FW","IL","1993","3","10/11-12/13","2","כן","66",""
"הפועלdle","פיליפ מנה","30540","מאושר","","התאחדות · worldfootball (גשר תעתיק) · Transfermarkt","3","","IL","","2","10/11, 14/15","1","","",""
"הפועלdle","שי רביבו","4517","מאושר","","התאחדות · קטגוריה · קריירה-עברית · קריירה-אנגלית · Transfermarkt","4","MF","IL","1986","1","10/11","1","","",""
"הפועלdle","אדל בטה","123414","מאושר","","התאחדות · worldfootball (גשר תעתיק)","2","","IL","","3","11/12-12/13, 14/15","1","","",""
"הפועלdle","אורמוש מירקו","124706","מאושר","","התאחדות · worldfootball (גשר תעתיק) · Transfermarkt","3","","IL","","1","11/12","1","","",""
"הפועלdle","איאד ח'וטבא","47765","מאושר","","התאחדות · worldfootball · קטגוריה · קריירה-עברית · קריירה-אנגלית · Transfermarkt","5","DF","IL","1987","2","11/12-12/13","1","","",""
"הפועלdle","אלכס באסוק","34404","מאושר","","התאחדות · Transfermarkt","2","","IL","","1","11/12","1","","",""
"הפועלdle","אפולה אדל","","מאושר","","worldfootball · קטגוריה · קריירה-עברית · קריירה-אנגלית · Transfermarkt","4","GK","AM","1986","3","11/12-12/13, 14/15","1","כן","91",""
"הפועלdle","בוריס קליימן","23401","מאושר","","התאחדות · worldfootball · קטגוריה · קריירה-עברית · קריירה-אנגלית · Transfermarkt","5","GK","IL","1990","3","11/12-13/14","1","כן","22",""
"הפועלdle","גיל גילקרוב","34442","מאושר","","התאחדות · worldfootball (גשר תעתיק) · Transfermarkt","3","","IL","","1","11/12","1","","",""
"הפועלdle","מחמוד עבאס","34738","מאושר","","התאחדות · קטגוריה · קריירה-עברית","2","MF","IL","1988","1","11/12","1","","",""
"הפועלdle","מירקו אורמוש","","מאושר","","worldfootball · קטגוריה · קריירה-עברית · קריירה-אנגלית · Transfermarkt","4","MF","HR","1988","1","11/12","1","","",""
"הפועלdle","מרקו שולר","133820","מאושר","","התאחדות · worldfootball · קטגוריה · קריירה-עברית · קריירה-אנגלית · Transfermarkt","5","DF","SI","1983","1","11/12","1","","",""
"הפועלdle","נוסא איגיבור","","מאושר","","worldfootball · קטגוריה · קריירה-עברית · קריירה-אנגלית · Transfermarkt","4","MF","NG","1990","1","11/12","1","","",""
"הפועלdle","ניר לקס","34196","מאושר","","התאחדות · worldfootball · קטגוריה · קריירה-עברית · קריירה-אנגלית · Transfermarkt","5","MF","IL","1994","7","11/12-13/14, 15/16, 17/18-19/20","1","כן","27",""
"הפועלdle","עומר דמארי","1075","מאושר","","התאחדות · worldfootball · קטגוריה · קריירה-עברית · קריירה-אנגלית · Transfermarkt","5","FW","IL","1989","5","11/12-13/14, 18/19-19/20","1","כן","72",""
"הפועלdle","עומרי אטיה","10031","מאושר","","התאחדות · worldfootball (גשר תעתיק)","2","DF","IL","1985","1","11/12","1","","",""
"הפועלdle","עמנואל איגיבור","123859","מקור יחיד","נמוך","התאחדות","1","","IL","","1","11/12","1","","",""
"הפועלdle","שון מלכה","","מאושר","","worldfootball · קטגוריה · קריירה-עברית · קריירה-אנגלית · Transfermarkt","4","MF","IL","1993","3","11/12, 13/14-14/15","1","כן","59",""
"הפועלdle","אלירן ברכה","34193","מאושר","","התאחדות · worldfootball (גשר תעתיק) · Transfermarkt","3","","IL","","1","12/13","0","","",""
"הפועלdle","אלירן דנין","26787","מאושר","","התאחדות · worldfootball · קטגוריה · קריירה-עברית · קריירה-אנגלית · Transfermarkt","5","DF","IL","1984","1","12/13","0","","",""
"הפועלdle","אלמוג כהן","27435","מאושר","","התאחדות · worldfootball (גשר תעתיק) · קטגוריה · קריירה-עברית · Transfermarkt","4","MF","IL","1988","1","12/13","0","","",""
"הפועלdle","אריאל טליאס","12914","מאושר","","התאחדות · worldfootball (גשר תעתיק) · Transfermarkt","3","","IL","","2","12/13-13/14","0","","",""
"הפועלdle","אריק דג'מבה-דג'מבה","135554","מאושר","","התאחדות · worldfootball · קטגוריה · קריירה-עברית · קריירה-אנגלית · Transfermarkt","5","MF","CM","1981","1","12/13","0","","",""
"הפועלdle","דור חמו","34643","מקור יחיד","נמוך","התאחדות","1","","IL","","1","12/13","0","","",""
"הפועלdle","דיויד קאלבו","144608","מקור יחיד","נמוך","התאחדות","1","","IL","","1","12/13","0","","",""
"הפועלdle","חנן ממן","2187","מאושר","","התאחדות · worldfootball · קטגוריה · קריירה-עברית · קריירה-אנגלית · Transfermarkt","5","MF","IL","1989","1","12/13","0","","",""
"הפועלdle","טייאגו דה קוסטה","144545","מאושר","","התאחדות · worldfootball (גשר תעתיק) · Transfermarkt","3","MF","IL","1985","1","12/13","0","","",""
"הפועלdle","טל בן חיים","23662","מאושר","","התאחדות · worldfootball (גשר תעתיק) · קטגוריה · קריירה-עברית · Transfermarkt","4","","IL","","1","12/13","0","","",""
"הפועלdle","כפיר אייזנשטיין","11200","מאושר","","התאחדות · worldfootball (גשר תעתיק) · Transfermarkt","3","","IL","","1","12/13","0","","",""
"הפועלdle","ניסים ניר","4428","מאושר","","התאחדות · Transfermarkt","2","","IL","","1","12/13","0","","",""
"הפועלdle","סאבו פאביצ'ביץ'","113395","מאושר","","התאחדות · worldfootball · קטגוריה · קריירה-עברית · קריירה-אנגלית · Transfermarkt","5","DF","ME","1980","1","12/13","0","","",""
"הפועלdle","שמעון הרוש","13231","מאושר","","התאחדות · worldfootball · קטגוריה · קריירה-עברית · קריירה-אנגלית · Transfermarkt","5","DF","IL","1987","2","12/13-13/14","0","","",""
"הפועלdle","אברהם צקול","27044","מקור יחיד","נמוך","התאחדות","1","","IL","","2","13/14-14/15","0","","",""
"הפועלdle","אוראל דגני","2177","מאושר","","התאחדות · worldfootball · קטגוריה · קריירה-עברית · קריירה-אנגלית · Transfermarkt","5","DF","IL","1989","5","13/14, 16/17-19/20","0","כן","47",""
"הפועלdle","אורי כהן","30226","מאושר","","התאחדות · worldfootball (גשר תעתיק) · Transfermarkt","3","","IL","","1","13/14","0","","",""
"הפועלdle","ביסארט עבדורחימי","147579","מאושר","","התאחדות · Transfermarkt","2","","IL","","1","13/14","0","","",""
"הפועלdle","בריאן גרזיציץ","84632","מאושר","","התאחדות · worldfootball (גשר תעתיק) · Transfermarkt","3","","IL","","1","13/14","0","","",""
"הפועלdle","ברנקו איליץ'","145195","מאושר","","התאחדות · worldfootball · קטגוריה · קריירה-עברית · קריירה-אנגלית · Transfermarkt","5","DF","SI","1983","1","13/14","0","","",""
"הפועלdle","דניאל (עמוס)","14763","מאושר","","התאחדות · worldfootball (גשר תעתיק) · Transfermarkt","3","","IL","","2","13/14-14/15","0","","",""
"הפועלdle","יורגן קולין","145194","מאושר","","התאחדות · worldfootball · קטגוריה · קריירה-עברית · קריירה-אנגלית · Transfermarkt","5","DF","NL","1981","2","13/14-14/15","0","","",""
"הפועלdle","ישראל זגורי","1248","מאושר","","התאחדות · worldfootball · קטגוריה · קריירה-עברית · קריירה-אנגלית · Transfermarkt","5","MF","IL","1990","2","13/14-14/15","0","","",""
"הפועלdle","לוקאס אפיני","145230","מקור יחיד","נמוך","התאחדות","1","","IL","","2","13/14-14/15","0","","",""
"הפועלdle","לוקאס סאשה","","מאושר","","worldfootball · קטגוריה · קריירה-עברית · קריירה-אנגלית · Transfermarkt","4","MF","BR","1990","2","13/14-14/15","0","","",""
"הפועלdle","ליאור לוי","19394","מאושר","","התאחדות · worldfootball · קטגוריה · קריירה-עברית · קריירה-אנגלית · Transfermarkt","5","DF","IL","1987","2","13/14-14/15","0","","",""
"הפועלdle","מוחמד זידאן","36980","מקור יחיד","נמוך","התאחדות","1","","IL","","1","13/14","0","","",""
"הפועלdle","עוביידה חטאב","64438","מאושר","","התאחדות · worldfootball · קטגוריה · קריירה-עברית · קריירה-אנגלית · Transfermarkt","5","DF","IL","1992","2","13/14-14/15","0","","",""
"הפועלdle","עומר פדידה","23391","מאושר","","התאחדות · worldfootball · קטגוריה · קריירה-עברית · קריירה-אנגלית · Transfermarkt","5","FW","IL","1990","2","13/14-14/15","0","","",""
"הפועלdle","פטר אורלנדיץ'","154709","מאושר","","התאחדות · worldfootball · קטגוריה · קריירה-עברית · קריירה-אנגלית · Transfermarkt","5","FW","ME","1990","1","13/14","0","","",""
"הפועלdle","פיליפ חאיכ","60230","מאושר","","התאחדות · worldfootball (גשר תעתיק)","2","","IL","","1","13/14","0","","",""
"הפועלdle","רמזי ספורי","49641","מאושר","","התאחדות · worldfootball · קטגוריה · קריירה-עברית · קריירה-אנגלית · Transfermarkt","5","FW","IL","1995","4","13/14-15/16, 18/19","0","כן","90",""
"הפועלdle","רן יצחק","17009","מאושר","","התאחדות · worldfootball (גשר תעתיק) · קטגוריה · קריירה-עברית · קריירה-אנגלית · Transfermarkt","5","FW","IL","1987","1","13/14","0","","",""
"הפועלdle","שגיב יחזקאל","56185","מאושר","","התאחדות · worldfootball · קטגוריה · קריירה-עברית · קריירה-אנגלית","4","FW","IL","1995","3","13/14-15/16","0","כן","65",""
"הפועלdle","שלמה שון","34368","מקור יחיד","נמוך","התאחדות","1","","IL","","2","13/14-14/15","0","","",""
"הפועלdle","אבונימה איזוגבו","164974","מאושר","","התאחדות · worldfootball (גשר תעתיק) · Transfermarkt","3","DF","IL","1994","1","14/15","0","","",""
"הפועלdle","אביחי דהן","58161","מקור יחיד","נמוך","התאחדות","1","","IL","","1","14/15","0","","",""
"הפועלdle","אמידו באלדה","164640","מאושר","","התאחדות · worldfootball · קטגוריה · קריירה-עברית · קריירה-אנגלית · Transfermarkt","5","FW","GW","1991","1","14/15","0","","",""
"הפועלdle","בן רייכרט","35375","מאושר","","התאחדות · worldfootball · קטגוריה · קריירה-עברית · קריירה-אנגלית · Transfermarkt","5","MF","IL","1994","3","14/15-16/17","0","כן","56",""
"הפועלdle","גיא חדידה","67784","מאושר","","התאחדות · worldfootball · קטגוריה · קריירה-עברית · קריירה-אנגלית · Transfermarkt","5","MF","IL","1995","1","14/15","0","","",""
"הפועלdle","גל מלכה","66272","מאושר","","התאחדות · worldfootball (גשר תעתיק) · Transfermarkt","3","","IL","","1","14/15","0","","",""
"הפועלdle","דודו ביטון","26149","מאושר","","התאחדות · worldfootball · קטגוריה · קריירה-עברית · קריירה-אנגלית · Transfermarkt","5","FW","IL","1988","2","14/15, 16/17","0","","",""
"הפועלdle","הרמוני איקנדה","","מאושר","","worldfootball · קטגוריה · קריירה-עברית · קריירה-אנגלית · Transfermarkt","4","MF","NG","1990","1","14/15","0","","",""
"הפועלdle","מוחמד אבו אל היגא","93081","מאושר","","התאחדות · Transfermarkt","2","","IL","","1","14/15","0","","",""
"הפועלdle","מיכאל חמו","78883","מקור יחיד","נמוך","התאחדות","1","","IL","","1","14/15","0","","",""
"הפועלdle","משה אוחיון","4408","מאושר","","התאחדות · worldfootball · קטגוריה · קריירה-עברית · קריירה-אנגלית · Transfermarkt","5","MF","IL","1983","1","14/15","0","","",""
"הפועלdle","מתן אוחיון","4497","מאושר","","התאחדות · worldfootball · קטגוריה · קריירה-עברית · קריירה-אנגלית · Transfermarkt","5","DF","IL","1986","1","14/15","0","","",""
"הפועלdle","מתן לזמי","71489","מאושר","","התאחדות · worldfootball (גשר תעתיק) · Transfermarkt","3","","IL","","1","14/15","0","","",""
"הפועלdle","סארי פלאח","57679","מאושר","","התאחדות · worldfootball · קטגוריה · קריירה-עברית · קריירה-אנגלית · Transfermarkt","5","DF","IL","1991","1","14/15","0","","",""
"הפועלdle","שון גולדברג","58440","מאושר","","התאחדות · worldfootball (גשר תעתיק) · קטגוריה · קריירה-עברית · קריירה-אנגלית · Transfermarkt","5","DF","IL","1995","1","14/15","0","","",""
"הפועלdle","תום אלמדון","34004","מאושר","","התאחדות · worldfootball · קטגוריה · קריירה-עברית · קריירה-אנגלית · Transfermarkt","5","GK","IL","1984","1","14/15","0","","",""
"הפועלdle","אדי גוטליב","50210","מאושר","","התאחדות · worldfootball · קטגוריה · קריירה-עברית · קריירה-אנגלית · Transfermarkt","5","DF","IL","1992","7","15/16-18/19, 20/21-22/23","0","כן","24",""
"הפועלdle","איאד אבו עביד","","מאושר","","worldfootball (גשר תעתיק) · קטגוריה · קריירה-עברית · קריירה-אנגלית · Transfermarkt","4","DF","IL","1994","3","15/16, 19/20-20/21","0","כן","1",""
"הפועלdle","אלון תורג'מן","3916","מאושר","","התאחדות · worldfootball · קטגוריה · קריירה-עברית · קריירה-אנגלית · Transfermarkt","5","FW","IL","1991","1","15/16","0","","",""
"הפועלdle","ארון שוינפלד","176219","מאושר","","התאחדות · worldfootball · קטגוריה · קריירה-עברית · קריירה-אנגלית · Transfermarkt","5","FW","IL","1990","1","15/16","0","","",""
"הפועלdle","אריאל הרוש","21721","מאושר","","התאחדות · worldfootball · קטגוריה · קריירה-עברית · קריירה-אנגלית · Transfermarkt","5","GK","IL","1988","2","15/16-16/17","0","","",""
"הפועלdle","גיא אסולין","27645","מאושר","","התאחדות · worldfootball · קטגוריה · קריירה-עברית · קריירה-אנגלית · Transfermarkt","5","FW","IL","1991","1","15/16","0","","",""
"הפועלdle","חמזה בארי","165963","מאושר","","התאחדות · worldfootball · קטגוריה · קריירה-עברית · קריירה-אנגלית · Transfermarkt","5","MF","GM","1994","1","15/16","0","","",""
"הפועלdle","יאיר שפונגין","61047","מקור יחיד","נמוך","התאחדות","1","","IL","","1","15/16","0","","",""
"הפועלdle","לוטם זינו","39166","מאושר","","התאחדות · worldfootball · קטגוריה · קריירה-עברית · קריירה-אנגלית · Transfermarkt","5","MF","IL","1992","1","15/16","0","","",""
"הפועלdle","לוקאס וינטרה","165877","מאושר","","התאחדות · worldfootball · קטגוריה · קריירה-עברית · קריירה-אנגלית · Transfermarkt","5","DF","GR","1981","1","15/16","0","","",""
"הפועלdle","נמניה ניקוליץ'","176417","מאושר","","התאחדות · worldfootball (גשר תעתיק) · קטגוריה · קריירה-עברית · Transfermarkt","4","MF","ME","1988","1","15/16","0","","",""
"הפועלdle","סיראז' נסאר","","מאושר","","worldfootball · קטגוריה · קריירה-עברית · קריירה-אנגלית · Transfermarkt","4","MF","IL","1990","1","15/16","0","","",""
"הפועלdle","סראג נסאר","34848","מאושר","","התאחדות · worldfootball (גשר תעתיק) · Transfermarkt","3","","IL","","1","15/16","0","","",""
"הפועלdle","עומרי אלטמן","49729","מאושר","","התאחדות · worldfootball · קטגוריה · קריירה-עברית · קריירה-אנגלית · Transfermarkt","5","FW","IL","1994","6","15/16-16/17, 19/20-20/21, 23/24, 25/26","0","כן","30",""
"הפועלdle","עופר ורטה","4955","מאושר","","התאחדות · worldfootball · קטגוריה · קריירה-עברית · קריירה-אנגלית · Transfermarkt","5","DF","IL","1990","2","15/16-16/17","0","","",""
"הפועלdle","פרחאת עבדי","73209","מאושר","","התאחדות · worldfootball (גשר תעתיק) · Transfermarkt","3","","IL","","3","15/16, 18/19-19/20","0","","",""
"הפועלdle","צליל חתוכה","23351","מקור יחיד","נמוך","התאחדות","1","","IL","","2","15/16-16/17","0","","",""
"הפועלdle","קאווה ססיליו דה סילבה","176381","מאושר","","התאחדות · קטגוריה · קריירה-עברית · קריירה-אנגלית","3","MF","BR","1989","1","15/16","0","","",""
"הפועלdle","קלאודיו בומבה","165853","מאושר","","התאחדות · worldfootball · קטגוריה · קריירה-עברית · קריירה-אנגלית · Transfermarkt","5","MF","RO","1994","1","15/16","0","","",""
"הפועלdle","רוי מליקה","57752","מקור יחיד","נמוך","התאחדות","1","","IL","","1","15/16","0","","",""
"הפועלdle","שמואל שיימן","135072","מאושר","","התאחדות · worldfootball · קטגוריה · קריירה-עברית · קריירה-אנגלית · Transfermarkt","5","DF","IL","1987","1","15/16","0","","",""
"הפועלdle","אברהים ספורי","76795","מאושר","","התאחדות · worldfootball (גשר תעתיק) · Transfermarkt","3","","IL","","1","16/17","0","","",""
"הפועלdle","אור אוסטוינד","21442","מאושר","","התאחדות · worldfootball · קטגוריה · קריירה-עברית · קריירה-אנגלית · Transfermarkt","5","MF","IL","1987","2","16/17-17/18","0","","",""
"הפועלdle","אזקיאל נדואסל","","מאושר","","worldfootball · קטגוריה · קריירה-עברית · קריירה-אנגלית · Transfermarkt","4","FW","","1988","1","16/17","0","","",""
"הפועלdle","אייל משומר","19048","מאושר","","התאחדות · worldfootball · קטגוריה · קריירה-עברית · קריירה-אנגלית · Transfermarkt","5","DF","IL","1983","1","16/17","0","","",""
"הפועלdle","איציק שולמייסטר","89082","מאושר","","התאחדות · worldfootball (גשר תעתיק) · קטגוריה · קריירה-עברית · Transfermarkt","4","DF","IL","1997","1","16/17","0","","",""
"הפועלdle","ג'וזף גנדה","72027","מאושר","","התאחדות · worldfootball · קטגוריה · קריירה-עברית · קריירה-אנגלית · Transfermarkt","5","FW","IL","1997","3","16/17-18/19","0","כן","19",""
"הפועלdle","דוד אלון","72247","מאושר","","התאחדות · worldfootball (גשר תעתיק) · Transfermarkt","3","","IL","","2","16/17-17/18","0","","",""
"הפועלdle","דסליי טגניה","84639","מאושר","","התאחדות · worldfootball (גשר תעתיק) · Transfermarkt","3","","IL","","1","16/17","0","","",""
"הפועלdle","חסן אבו זייד","77839","מאושר","","התאחדות · worldfootball · קטגוריה · קריירה-עברית · קריירה-אנגלית","4","MF","IL","1991","1","16/17","0","","",""
"הפועלdle","מוטי ברשצקי","57490","מאושר","","התאחדות · worldfootball · קטגוריה · קריירה-עברית · קריירה-אנגלית · Transfermarkt","5","MF","IL","1996","3","16/17-17/18, 19/20","0","כן","42",""
"הפועלdle","מייקל סיטון","177784","מאושר","","התאחדות · worldfootball (גשר תעתיק) · קטגוריה · קריירה-עברית · קריירה-אנגלית · Transfermarkt","5","FW","JM","1996","1","16/17","0","","",""
"הפועלdle","סער בנבנישתי","39380","מאושר","","התאחדות · worldfootball (גשר תעתיק) · קטגוריה · קריירה-עברית · קריירה-אנגלית · Transfermarkt","5","MF","IL","1991","1","16/17","0","","",""
"הפועלdle","עדן הרשקוביץ","69463","מקור יחיד","נמוך","התאחדות","1","","IL","","2","16/17-17/18","0","","",""
"הפועלdle","עמית ביטון","74751","מאושר","","התאחדות · worldfootball · קטגוריה · קריירה-עברית · קריירה-אנגלית · Transfermarkt","5","DF","IL","1996","1","16/17","0","","",""
"הפועלdle","עמנואל ציבויקה","188617","מקור יחיד","נמוך","התאחדות","1","","IL","","1","16/17","0","","",""
"הפועלdle","רז שלמה","81874","מאושר","","התאחדות · worldfootball · קטגוריה · קריירה-עברית · קריירה-אנגלית · Transfermarkt","5","DF","IL","1999","6","16/17-21/22","0","כן","69",""
"הפועלdle","שחר הירש","36655","מאושר","","התאחדות · worldfootball · קטגוריה · קריירה-עברית · קריירה-אנגלית · Transfermarkt","5","FW","IL","1993","4","16/17-19/20","0","כן","38",""
"הפועלdle","שי אליאס","92982","מאושר","","התאחדות · worldfootball · קטגוריה · קריירה-עברית · קריירה-אנגלית · Transfermarkt","5","MF","IL","1999","5","16/17-18/19, 20/21-21/22","0","כן","48",""
"הפועלdle","אופיר טקיאר","76697","מאושר","","התאחדות · worldfootball (גשר תעתיק) · Transfermarkt","3","","IL","","1","17/18","0","","",""
"הפועלdle","אמיר עגאייב","22549","מקור יחיד","נמוך","התאחדות","1","","IL","","1","17/18","0","","",""
"הפועלdle","בנימין טרידובסקי","100895","מאושר","","התאחדות · worldfootball (גשר תעתיק) · Transfermarkt","3","","IL","","2","17/18, 21/22","0","","",""
"הפועלdle","דור חוגי","49847","מאושר","","התאחדות · worldfootball · קטגוריה · קריירה-עברית · קריירה-אנגלית · Transfermarkt","5","FW","IL","1995","1","17/18","0","","",""
"הפועלdle","דניאל גרץ","35442","מקור יחיד","נמוך","התאחדות","1","","IL","","1","17/18","0","","",""
"הפועלdle","האבטאמו אמבה","125179","מקור יחיד","נמוך","התאחדות","1","","IL","","1","17/18","0","","",""
"הפועלdle","טל בניש","23663","מאושר","","התאחדות · worldfootball (גשר תעתיק) · Transfermarkt","3","","IL","","1","17/18","0","","",""
"הפועלdle","ישראל ראש","11467","מאושר","","התאחדות · קטגוריה · קריירה-עברית · קריירה-אנגלית · Transfermarkt","4","DF","IL","1988","1","17/18","0","","",""
"הפועלdle","מוליק פגסל","189640","מאושר","","התאחדות · worldfootball (גשר תעתיק) · Transfermarkt","3","","IL","","1","17/18","0","","",""
"הפועלdle","מור נעמן","83608","מאושר","","התאחדות · worldfootball (גשר תעתיק) · Transfermarkt","3","","IL","","1","17/18","0","","",""
"הפועלdle","מרווין פירסמן","","מאושר","","התאחדות · worldfootball · קטגוריה · קריירה-עברית · קריירה-אנגלית · Transfermarkt","5","DF","BE","1991","3","17/18-19/20","0","כן","41",""
"הפועלdle","מרווין פרינס","201009","מאושר","","התאחדות · worldfootball (גשר תעתיק) · Transfermarkt","3","","IL","","3","17/18-19/20","0","","",""
"הפועלdle","עידן כהן","76208","מאושר","","התאחדות · worldfootball · קטגוריה · קריירה-עברית · Transfermarkt","4","DF","IL","1996","3","17/18-19/20","0","כן","64",""
"הפועלdle","עמית מלכה","74980","מאושר","","התאחדות · Transfermarkt","2","","IL","","1","17/18","0","","",""
"הפועלdle","פייסל מוליץ'","","מאושר","","worldfootball · קטגוריה · קריירה-עברית · קריירה-אנגלית · Transfermarkt","4","FW","RS","1994","2","17/18-18/19","0","","",""
"הפועלdle","רז נחמיאס","58499","מאושר","","התאחדות · worldfootball (גשר תעתיק) · קטגוריה · קריירה-עברית · Transfermarkt","4","DF","IL","1996","1","17/18","0","","",""
"הפועלdle","אושר דוידה","105732","מאושר","","התאחדות · worldfootball · קטגוריה · קריירה-עברית · קריירה-אנגלית · Transfermarkt","5","FW","IL","2001","4","18/19-21/22","0","כן","23",""
"הפועלdle","אחמד עאבד","38802","מאושר","","התאחדות · worldfootball · קטגוריה · קריירה-עברית · קריירה-אנגלית · Transfermarkt","5","FW","IL","1990","2","18/19, 24/25","0","","",""
"הפועלdle","אפק בלס","92610","מאושר","","התאחדות · worldfootball (גשר תעתיק) · Transfermarkt","3","","IL","","2","18/19, 20/21","0","","",""
"הפועלdle","דניאל קוניצקי","110867","מקור יחיד","נמוך","התאחדות","1","","IL","","1","18/19","0","","",""
"הפועלdle","מועין חלבי","102125","מאושר","","התאחדות · worldfootball (גשר תעתיק) · Transfermarkt","3","","IL","","2","18/19-19/20","0","","",""
"הפועלdle","נריגוס ולסקיס","188382","מאושר","","התאחדות · worldfootball (גשר תעתיק) · Transfermarkt","3","","IL","","1","18/19","0","","",""
"הפועלdle","נריוס ואלסקיס","","מאושר","","worldfootball · קטגוריה · קריירה-עברית · קריירה-אנגלית · Transfermarkt","4","FW","LT","1987","1","18/19","0","","",""
"הפועלdle","עלי אל עברה","103145","מאושר","","התאחדות · worldfootball (גשר תעתיק) · Transfermarkt","3","","IL","","1","18/19","0","","",""
"הפועלdle","עמירן שקלים","11142","מאושר","","התאחדות · worldfootball · קטגוריה · קריירה-עברית · קריירה-אנגלית · Transfermarkt","5","DF","IL","1988","1","18/19","0","","",""
"הפועלdle","עמנואל בואטנג","319808","מאושר","","התאחדות · worldfootball (גשר תעתיק) · קטגוריה · קריירה-עברית · קריירה-אנגלית · Transfermarkt","5","MF","GH","1997","4","18/19-20/21, 25/26","0","כן","57",""
"הפועלdle","קאיו אלבס","189721","מאושר","","התאחדות · worldfootball · קטגוריה · קריירה-עברית · קריירה-אנגלית · Transfermarkt","5","MF","BR","1986","1","18/19","0","","",""
"הפועלdle","קלאודמיר דה סילבה","155344","מאושר","","התאחדות · worldfootball (גשר תעתיק) · Transfermarkt","3","MF","IL","1984","1","18/19","0","","",""
"הפועלdle","רובי לבקוביץ'","9782","מאושר","","התאחדות · worldfootball · קטגוריה · קריירה-עברית · קריירה-אנגלית · Transfermarkt","5","GK","IL","1988","2","18/19, 24/25","0","","",""
"הפועלdle","רועי זיקרי","8584","מאושר","","התאחדות · worldfootball · קטגוריה · קריירה-עברית · קריירה-אנגלית · Transfermarkt","5","FW","IL","1992","2","18/19, 20/21","0","","",""
"הפועלdle","רז כהן","35393","מאושר","","התאחדות · worldfootball · קטגוריה · קריירה-עברית · קריירה-אנגלית · Transfermarkt","5","MF","IL","1994","2","18/19-19/20","0","","",""
"הפועלdle","שי אייזן","107221","מאושר","","התאחדות · worldfootball · קטגוריה · קריירה-עברית · קריירה-אנגלית · Transfermarkt","5","MF","IL","2000","4","18/19-21/22","0","כן","87",""
"הפועלdle","איליי טמם","","מאושר","","worldfootball · קטגוריה · קריירה-עברית · קריירה-אנגלית · Transfermarkt","4","MF","IL","2001","1","19/20","0","","",""
"הפועלdle","דורון ליידנר","111677","מאושר","","התאחדות · worldfootball · קטגוריה · קריירה-עברית · קריירה-אנגלית · Transfermarkt","5","DF","IL","2002","4","19/20-21/22, 25/26","0","כן","12",""
"הפועלdle","דני גרופר","87699","מאושר","","התאחדות · worldfootball · קטגוריה · קריירה-עברית · קריירה-אנגלית · Transfermarkt","5","MF","IL","1999","2","19/20-20/21","0","","",""
"הפועלdle","יואב ג'ראפי","","מאושר","","worldfootball · קטגוריה · קריירה-עברית · קריירה-אנגלית · Transfermarkt","4","GK","IL","1993","1","19/20","0","","",""
"הפועלdle","יעקב בריהון","61093","מאושר","","התאחדות · worldfootball · קטגוריה · קריירה-עברית · קריירה-אנגלית · Transfermarkt","5","FW","IL","1993","3","19/20-20/21, 24/25","0","כן","55",""
"הפועלdle","מאור בוזגלו","17719","מאושר","","התאחדות · worldfootball · קטגוריה · קריירה-עברית · קריירה-אנגלית · Transfermarkt","5","FW","IL","1988","2","19/20-20/21","0","","",""
"הפועלdle","מייקל אולהה","224056","מאושר","","התאחדות · worldfootball · קטגוריה · קריירה-עברית · קריירה-אנגלית · Transfermarkt","5","FW","NG","1997","1","19/20","0","","",""
"הפועלdle","עלי כנאנה","73727","מאושר","","התאחדות · worldfootball (גשר תעתיק) · Transfermarkt","3","","IL","","1","19/20","0","","",""
"הפועלdle","עמית מאיר","","מאושר","","worldfootball · קטגוריה · קריירה-עברית · קריירה-אנגלית · Transfermarkt","4","MF","IL","2001","1","19/20","0","","",""
"הפועלdle","פיליפ רודריגז","224362","מאושר","","התאחדות · worldfootball (גשר תעתיק) · Transfermarkt","3","","IL","","1","19/20","0","","",""
"הפועלdle","פיני גראפי","38799","מאושר","","התאחדות · worldfootball (גשר תעתיק) · Transfermarkt","3","","IL","","1","19/20","0","","",""
"הפועלdle","רוי קורין","126128","מאושר","","התאחדות · worldfootball · קטגוריה · קריירה-עברית · קריירה-אנגלית · Transfermarkt","5","GK","IL","2002","5","19/20-20/21, 22/23, 24/25-25/26","0","כן","16",""
"הפועלdle","אופק ביטון","92565","מאושר","","התאחדות · worldfootball · קטגוריה · קריירה-עברית · קריירה-אנגלית · Transfermarkt","5","MF","IL","1999","1","20/21","0","","",""
"הפועלdle","אל ים קנצפולסקי","124778","מאושר","","התאחדות · worldfootball · קטגוריה · קריירה-עברית · קריירה-אנגלית · Transfermarkt","5","MF","IL","2003","6","20/21-25/26","0","כן","9",""
"הפועלdle","ארנסטאס סטקוס","189785","מאושר","","התאחדות · worldfootball (גשר תעתיק) · Transfermarkt","3","","IL","","2","20/21-21/22","0","","",""
"הפועלdle","ארנסטס שטקוס","","מאושר","","worldfootball · קטגוריה · קריירה-עברית · קריירה-אנגלית · Transfermarkt","4","GK","LT","1985","2","20/21-21/22","0","","",""
"הפועלdle","בן ביטון","16607","מאושר","","התאחדות · worldfootball · קטגוריה · קריירה-עברית · קריירה-אנגלית · Transfermarkt","5","DF","IL","1991","3","20/21-22/23","0","כן","50",""
"הפועלdle","גיל יצחק","29704","מאושר","","התאחדות · worldfootball · קטגוריה · קריירה-עברית · קריירה-אנגלית · Transfermarkt","5","FW","IL","1993","1","20/21","0","","",""
"הפועלdle","דן איינבינדר","28623","מאושר","","התאחדות · worldfootball · קטגוריה · קריירה-עברית · קריירה-אנגלית · Transfermarkt","5","MF","IL","1989","4","20/21-23/24","0","כן","21",""
"הפועלdle","דן עזריה","49913","מאושר","","התאחדות · worldfootball · קטגוריה · קריירה-עברית · Transfermarkt","4","MF","IL","1995","1","20/21","0","","",""
"הפועלdle","יגאל בקר","111072","מאושר","","התאחדות · worldfootball (גשר תעתיק) · Transfermarkt","3","","IL","","2","20/21-21/22","0","","",""
"הפועלdle","לי און מזרחי","110513","מאושר","","התאחדות · worldfootball · קטגוריה · קריירה-עברית · קריירה-אנגלית · Transfermarkt","5","MF","IL","2002","2","20/21-21/22","0","","",""
"הפועלdle","לידור כהן","2832","מאושר","","התאחדות · worldfootball · קטגוריה · קריירה-עברית · קריירה-אנגלית · Transfermarkt","5","MF","IL","1992","1","20/21","0","","",""
"הפועלdle","ניב סרדל","35655","מאושר","","התאחדות · worldfootball (גשר תעתיק) · Transfermarkt","3","","IL","","1","20/21","0","","",""
"הפועלdle","סיאנדה קולו","225493","מאושר","","התאחדות · worldfootball · קטגוריה · קריירה-עברית · קריירה-אנגלית · Transfermarkt","5","DF","ZA","1991","1","20/21","0","","",""
"הפועלdle","סתיו למקין","132052","מאושר","","התאחדות · worldfootball · קטגוריה · קריירה-עברית · קריירה-אנגלית · Transfermarkt","5","DF","IL","2003","3","20/21-22/23","0","כן","82",""
"הפועלdle","עומר סניור","132037","מאושר","","התאחדות · worldfootball · קטגוריה · קריירה-עברית · קריירה-אנגלית · Transfermarkt","5","FW","IL","2003","4","20/21-23/24","0","כן","53",""
"הפועלdle","רוי ברנס","117394","מאושר","","התאחדות · worldfootball (גשר תעתיק) · Transfermarkt","3","","IL","","3","20/21-21/22, 23/24","0","","",""
"הפועלdle","אור ישראלוב","145282","מאושר","","התאחדות · worldfootball · קטגוריה · קריירה-עברית · קריירה-אנגלית · Transfermarkt","5","DF","IL","2004","5","21/22-25/26","0","כן","49",""
"הפועלdle","אחמד מצרי","130668","מקור יחיד","נמוך","התאחדות","1","","IL","","1","21/22","0","","",""
"הפועלdle","אלון אזוגי","94906","מאושר","","התאחדות · worldfootball (גשר תעתיק) · קטגוריה · קריירה-עברית · Transfermarkt","4","DF","IL","1999","1","21/22","0","","",""
"הפועלdle","אנג פלימיין","201745","מאושר","","התאחדות · worldfootball (גשר תעתיק) · Transfermarkt","3","","IL","","1","21/22","0","","",""
"הפועלdle","אנז'-פרדי פלומה","","מאושר","","worldfootball · קטגוריה · קריירה-עברית · קריירה-אנגלית · Transfermarkt","4","FW","FR","1995","1","21/22","0","","",""
"הפועלdle","בוגדאן סרנבסקי","247918","מאושר","","התאחדות · worldfootball (גשר תעתיק) · Transfermarkt","3","","IL","","1","21/22","0","","",""
"הפועלdle","טום מרדכי","103834","מאושר","","התאחדות · worldfootball (גשר תעתיק) · Transfermarkt","3","","IL","","1","21/22","0","","",""
"הפועלdle","יואב ליברוס","128092","מקור יחיד","נמוך","התאחדות","1","","IL","","1","21/22","0","","",""
"הפועלdle","יואב תומר","74431","מאושר","","התאחדות · worldfootball (גשר תעתיק) · קטגוריה · קריירה-עברית · Transfermarkt","4","FW","IL","1998","1","21/22","0","","",""
"הפועלdle","מוחמד קליל טראורה","235379","מאושר","","התאחדות · worldfootball · קטגוריה · קריירה-עברית · קריירה-אנגלית · Transfermarkt","5","DF","GN","2000","1","21/22","0","","",""
"הפועלdle","מרקו ינקוביץ","233346","מאושר","","התאחדות · worldfootball (גשר תעתיק) · Transfermarkt","3","","IL","","1","21/22","0","","",""
"הפועלdle","עידן ורד","709","מאושר","","התאחדות · worldfootball · קטגוריה · קריירה-עברית · קריירה-אנגלית · Transfermarkt","5","FW","IL","1989","1","21/22","0","","",""
"הפועלdle","רז טויזר","109879","מאושר","","התאחדות · worldfootball (גשר תעתיק) · Transfermarkt","3","","IL","","2","21/22-22/23","0","","",""
"הפועלdle","שלומי אזולאי","15560","מאושר","","התאחדות · קטגוריה · קריירה-עברית","2","","IL","","2","21/22-22/23","0","","",""
"הפועלdle","אלכסנדר בולייביץ'","264309","מאושר","","התאחדות · worldfootball · קטגוריה · קריירה-עברית · קריירה-אנגלית · Transfermarkt","5","FW","ME","1995","1","22/23","0","","",""
"הפועלdle","אלן אוז'בולט","235239","מאושר","","התאחדות · worldfootball · קטגוריה · קריירה-עברית · קריירה-אנגלית · Transfermarkt","5","FW","SI","1996","2","22/23-23/24","0","","",""
"הפועלdle","אמיליוס זובאס","178129","מאושר","","התאחדות · worldfootball · קטגוריה · קריירה-עברית · קריירה-אנגלית · Transfermarkt","5","GK","LT","1990","2","22/23-23/24","0","","",""
"הפועלdle","אנטואן קונט","188686","מאושר","","התאחדות · worldfootball · קטגוריה · קריירה-עברית · קריירה-אנגלית · Transfermarkt","5","DF","FR","1994","1","22/23","0","","",""
"הפועלdle","אריאל כהן","132280","מאושר","","התאחדות · worldfootball (גשר תעתיק) · Transfermarkt","3","","IL","","2","22/23, 24/25","0","","",""
"הפועלdle","דוד קלטינס","58550","מאושר","","התאחדות · worldfootball · קטגוריה · קריירה-עברית · קריירה-אנגלית · Transfermarkt","5","MF","IL","1995","1","22/23","0","","",""
"הפועלdle","דור אלו","47321","מאושר","","התאחדות · worldfootball · קטגוריה · קריירה-עברית · קריירה-אנגלית · Transfermarkt","5","DF","IL","1993","1","22/23","0","","",""
"הפועלdle","הישאם לאיוס","98786","מאושר","","התאחדות · worldfootball · קטגוריה · קריירה-עברית · קריירה-אנגלית · Transfermarkt","5","FW","IL","2000","2","22/23-23/24","0","","",""
"הפועלdle","הרוויה איליץ","264436","מקור יחיד","נמוך","התאחדות","1","","IL","","1","22/23","0","","",""
"הפועלdle","חוטפריט רומראטו","248733","מאושר","","התאחדות · worldfootball · קטגוריה · קריירה-עברית · קריירה-אנגלית · Transfermarkt","5","MF","NL","1999","1","22/23","0","","",""
"הפועלdle","טל ארצל","131593","מאושר","","התאחדות · worldfootball (גשר תעתיק) · Transfermarkt","3","","IL","","3","22/23-23/24, 25/26","0","","",""
"הפועלdle","יהב גורפינקל","103100","מאושר","","התאחדות · worldfootball · קטגוריה · קריירה-עברית · קריירה-אנגלית · Transfermarkt","5","DF","IL","1998","1","22/23","0","","",""
"הפועלdle","ליאור גליקליך","131678","מאושר","","התאחדות · worldfootball (גשר תעתיק) · קריירה-עברית · Transfermarkt","4","GK","IL","2003","1","22/23","0","","",""
"הפועלdle","ניב זריהן","50070","מאושר","","התאחדות · worldfootball · קטגוריה · קריירה-עברית · קריירה-אנגלית · Transfermarkt","5","FW","IL","1994","1","22/23","0","","",""
"הפועלdle","סבסטיאן לאנוס","153922","מקור יחיד","נמוך","התאחדות","1","","IL","","1","22/23","0","","",""
"הפועלdle","עידו שרון","126159","מאושר","","התאחדות · worldfootball (גשר תעתיק) · Transfermarkt","3","","IL","","2","22/23, 24/25","0","","",""
"הפועלdle","קייס גאנם","109976","מאושר","","התאחדות · worldfootball · קטגוריה · קריירה-עברית · קריירה-אנגלית · Transfermarkt","5","FW","IL","1997","1","22/23","0","","",""
"הפועלdle","רווה אסייג","106698","מאושר","","התאחדות · worldfootball (גשר תעתיק)","2","FW","IL","2001","1","22/23","0","","",""
"הפועלdle","רן בנימין","171372","מאושר","","התאחדות · worldfootball · קטגוריה · קריירה-עברית · קריירה-אנגלית · Transfermarkt","5","MF","IL","2004","3","22/23-24/25","0","כן","75",""
"הפועלdle","אור בלוריאן","98533","מאושר","","התאחדות · worldfootball · קטגוריה · קריירה-עברית · קריירה-אנגלית · Transfermarkt","5","DF","IL","2000","1","23/24","0","","",""
"הפועלdle","איהאב גנאים","106184","מאושר","","התאחדות · worldfootball (גשר תעתיק) · קטגוריה · קריירה-עברית · Transfermarkt","4","MF","IL","1996","1","23/24","0","","",""
"הפועלdle","אליאן רוחנא","75373","מאושר","","התאחדות · worldfootball (גשר תעתיק)","2","MF","IL","1997","1","23/24","0","","",""
"הפועלdle","בובאקר טאמבדו","283325","מאושר","","התאחדות · worldfootball (גשר תעתיק) · קטגוריה · קריירה-עברית · Transfermarkt","4","FW","IL","2002","1","23/24","0","","",""
"הפועלdle","בריאן פאסי","265838","מאושר","","התאחדות · worldfootball · קטגוריה · קריירה-עברית · קריירה-אנגלית · Transfermarkt","5","DF","CD","1997","1","23/24","0","","",""
"הפועלdle","דוד קופרמן","248428","מאושר","","התאחדות · worldfootball · קטגוריה · קריירה-עברית · קריירה-אנגלית · Transfermarkt","5","DF","CO","1996","2","23/24-24/25","0","","",""
"הפועלdle","זיו מורגן","94625","מאושר","","התאחדות · worldfootball · קטגוריה · קריירה-עברית · קריירה-אנגלית · Transfermarkt","5","DF","IL","2000","3","23/24-25/26","0","כן","61",""
"הפועלdle","ליאו בנבניסטי","143738","מאושר","","התאחדות · worldfootball (גשר תעתיק) · Transfermarkt","3","","IL","","1","23/24","0","","",""
"הפועלdle","ליעד רמות","179535","מאושר","","התאחדות · worldfootball (גשר תעתיק) · Transfermarkt","3","","IL","","1","23/24","0","","",""
"הפועלdle","מאוויס צ'יבוטה","","מאושר","","worldfootball · קטגוריה · קריירה-עברית · קריירה-אנגלית · Transfermarkt","4","FW","CD","1996","1","23/24","0","","",""
"הפועלdle","מאויס דפונו","155286","מקור יחיד","נמוך","התאחדות","1","","IL","","1","23/24","0","","",""
"הפועלdle","מתיו פרנק","266049","מאושר","","התאחדות · worldfootball (גשר תעתיק) · Transfermarkt","3","","IL","","1","23/24","0","","",""
"הפועלdle","סתיו טוריאל","109403","מאושר","","התאחדות · worldfootball · קטגוריה · קריירה-עברית · קריירה-אנגלית · Transfermarkt","5","FW","IL","2001","3","23/24-25/26","0","כן","40",""
"הפועלdle","רז מאיר","79298","מאושר","","התאחדות · worldfootball · קטגוריה · קריירה-עברית · קריירה-אנגלית · Transfermarkt","5","DF","IL","1996","1","23/24","0","","",""
"הפועלdle","שגיא גניס","169007","מאושר","","התאחדות · worldfootball (גשר תעתיק) · Transfermarkt","3","","IL","","1","23/24","0","","",""
"הפועלdle","אבי תורגמן","164976","מאושר","","התאחדות · worldfootball (גשר תעתיק) · Transfermarkt","3","","IL","","1","24/25","0","","",""
"הפועלdle","איתמר שבירו","116054","מאושר","","התאחדות · worldfootball · קטגוריה · קריירה-עברית · קריירה-אנגלית · Transfermarkt","5","FW","IL","1998","1","24/25","0","","",""
"הפועלdle","גוני נאור","97295","מאושר","","התאחדות · worldfootball · קטגוריה · קריירה-עברית · קריירה-אנגלית · Transfermarkt","5","MF","IL","1999","1","24/25","0","","",""
"הפועלdle","גוראן אנטוניץ'","287626","מאושר","","התאחדות · worldfootball · קטגוריה · קריירה-עברית · קריירה-אנגלית · Transfermarkt","5","DF","RS","1990","1","24/25","0","","",""
"הפועלdle","גיא מיכאלי","282481","מאושר","","התאחדות · Transfermarkt","2","","IL","","1","24/25","0","","",""
"הפועלdle","דור בנימיני","156051","מאושר","","התאחדות · worldfootball (גשר תעתיק) · Transfermarkt","3","","IL","","2","24/25-25/26","0","","",""
"הפועלdle","הנריקה גוקו","301797","מאושר","","התאחדות · worldfootball (גשר תעתיק) · Transfermarkt","3","","IL","","1","24/25","0","","",""
"הפועלdle","יובל כהן","148367","מאושר","","התאחדות · worldfootball (גשר תעתיק) · Transfermarkt","3","","IL","","1","24/25","0","","",""
"הפועלdle","יזן נסאר","108976","מאושר","","התאחדות · worldfootball (גשר תעתיק) · קטגוריה · קריירה-עברית · Transfermarkt","4","MF","IL","1997","2","24/25-25/26","0","","",""
"הפועלdle","לירן רוטמן","64761","מאושר","","התאחדות · worldfootball · קטגוריה · קריירה-עברית · קריירה-אנגלית · Transfermarkt","5","FW","IL","1996","1","24/25","0","","",""
"הפועלdle","מילאן מקאריץ'","","מאושר","","worldfootball · קטגוריה · קריירה-עברית · קריירה-אנגלית · Transfermarkt","4","FW","RS","1995","1","24/25","0","","",""
"הפועלdle","עידו וייר","88558","מאושר","","התאחדות · worldfootball · קטגוריה · קריירה-עברית · קריירה-אנגלית · Transfermarkt","5","DF","IL","1996","1","24/25","0","","",""
"הפועלdle","עמית למקין","156061","מאושר","","התאחדות · worldfootball (גשר תעתיק) · Transfermarkt","3","","IL","","2","24/25-25/26","0","","",""
"הפועלdle","רועי אלקוקין","148927","מאושר","","התאחדות · worldfootball (גשר תעתיק) · קטגוריה · קריירה-עברית · קריירה-אנגלית · Transfermarkt","5","","IL","2004","2","24/25-25/26","0","","",""
"הפועלdle","רועי הרמן","97940","מאושר","","התאחדות · worldfootball (גשר תעתיק) · קטגוריה · קריירה-עברית · Transfermarkt","4","DF","IL","2000","1","24/25","0","","",""
"הפועלdle","רועי לוי","162788","מאושר","","התאחדות · worldfootball (גשר תעתיק) · Transfermarkt","3","","IL","","1","24/25","0","","",""
"הפועלdle","רותם חטואל","99604","מאושר","","התאחדות · worldfootball · קטגוריה · קריירה-עברית · קריירה-אנגלית · Transfermarkt","5","FW","IL","1998","1","24/25","0","","",""
"הפועלdle","שחר פיבן","56756","מאושר","","התאחדות · worldfootball · קטגוריה · קריירה-עברית · קריירה-אנגלית · Transfermarkt","5","DF","IL","1995","2","24/25-25/26","0","","",""
"הפועלdle","אנדריאן קרייב","303102","מאושר","","התאחדות · worldfootball · קטגוריה · קריירה-עברית · קריירה-אנגלית · Transfermarkt","5","MF","BG","1999","1","25/26","0","","",""
"הפועלdle","אנס מחאמיד","109439","מאושר","","התאחדות · worldfootball · קטגוריה · קריירה-עברית · קריירה-אנגלית · Transfermarkt","5","FW","IL","1998","1","25/26","0","","",""
"הפועלdle","אסף צור","87049","מאושר","","התאחדות · worldfootball · קטגוריה · קריירה-עברית · קריירה-אנגלית · Transfermarkt","5","GK","IL","1998","1","25/26","0","","",""
"הפועלdle","גד עמוס","9592","מאושר","","התאחדות · worldfootball · קריירה-עברית · קריירה-אנגלית · Transfermarkt","5","GK","IL","1988","1","25/26","0","","",""
"הפועלdle","גיאורגי קופרבה","161288","מאושר","","התאחדות · worldfootball (גשר תעתיק) · Transfermarkt","3","","IL","","1","25/26","0","","",""
"הפועלdle","ירין שיוביץ","194279","מאושר","","התאחדות · worldfootball (גשר תעתיק) · Transfermarkt","3","","IL","","1","25/26","0","","",""
"הפועלdle","לואיזוס לואיזו","309750","מאושר","","התאחדות · worldfootball · קטגוריה · קריירה-עברית · קריירה-אנגלית · Transfermarkt","5","MF","CY","2003","1","25/26","0","","",""
"הפועלdle","לוקאס פלקאו","302880","מאושר","","התאחדות · worldfootball (גשר תעתיק) · קטגוריה · קריירה-עברית · Transfermarkt","4","MF","BR","1998","1","25/26","0","","",""
"הפועלdle","מורדכי בוסקילה","179526","מקור יחיד","נמוך","התאחדות","1","","IL","","1","25/26","0","","",""
"הפועלdle","מרקוס קוקו","319406","מאושר","","התאחדות · worldfootball · קטגוריה · קריירה-אנגלית · Transfermarkt","5","FW","FR","1996","1","25/26","0","","",""
"הפועלdle","עופר גלברד","159714","מאושר","","התאחדות · worldfootball (גשר תעתיק) · Transfermarkt","3","","IL","","1","25/26","0","","",""
"הפועלdle","פרנאן מאיימבו","","מאושר","","worldfootball · קטגוריה · קריירה-עברית · קריירה-אנגלית · Transfermarkt","4","DF","CD","1996","1","25/26","0","","",""
"הפועלdle","פרננד מאיימבו","266350","מאושר","","התאחדות · worldfootball (גשר תעתיק) · Transfermarkt","3","","IL","","1","25/26","0","","",""
"הפועלdle","ציקו אלבס","303478","מאושר","","התאחדות · worldfootball (גשר תעתיק) · Transfermarkt","3","","IL","","1","25/26","0","","",""
"הפועלdle","שאנדה סילבה","304418","מאושר","","התאחדות · worldfootball · קטגוריה · קריירה-עברית · קריירה-אנגלית · Transfermarkt","5","FW","PT","1997","1","25/26","0","","",""
"הפועלdle","שגיא פנחס","121362","מאושר","","התאחדות · worldfootball (גשר תעתיק) · Transfermarkt","3","","IL","","1","25/26","0","","",""
